poll_time_utc,waterbody,wbid,sensor_id,rain_24h_in,wq_threshold_in,wq_coeff_a,wq_coeff_b,cso_threshold_in,provisional_on_advisory
2026-09-01T02:00:45Z,Alley Creek,1,TI,0.0,0.05,37.04,0.62,0.1,False
2026-09-01T02:00:45Z,"Arthur Kill, Lower",3,OB,0.0,0.7,5.22,1.54,0.1,False
2026-09-01T02:00:45Z,"Arthur Kill, Upper",4,OB,0.0,0.1,23.08,0.83,0.1,False
2026-09-01T02:00:45Z,Bergen Basin,43,JA,0.0,0.05,34.41,0.7,0.1,False
2026-09-01T02:00:45Z,Bowery Bay,5,BB,0.0,0.29,11.25,1.06,0.1,False
2026-09-01T02:00:45Z,"Bronx River, Lower",6,HP,0.0,0.05,53.67,0.45,0.1,False
2026-09-01T02:00:45Z,Coney Island Creek,7,CI,0.0,0.05,69.6,0.3,0.1,False
2026-09-01T02:00:45Z,East River (near Steinway Creek),9,BB,0.0,0.54,14.96,0.9,0.1,False
2026-09-01T02:00:45Z,East River (near Throgs Neck),11,TI,0.0,1.0,3.0,1.47,0.1,False
2026-09-01T02:00:45Z,East River (RFK to Whitestone),10,TI,0.0,0.61,5.65,1.3,0.1,False
2026-09-01T02:00:45Z,"East River, Lower",8,NC,0.0,0.8,4.38,1.56,0.1,False
2026-09-01T02:00:45Z,Eastchester Bay,12,HP,0.0,1.53,1.51,1.62,0.1,False
2026-09-01T02:00:45Z,Erie Basin,13,RH,0.0,0.27,13.73,1.16,0.1,False
2026-09-01T02:00:45Z,Flushing Bay,14,BB,0.0,0.19,32.63,0.76,0.1,False
2026-09-01T02:00:45Z,Flushing Creek,15,TI,0.0,0.05,59.69,0.64,0.1,False
2026-09-01T02:00:45Z,Fresh Creek,16,26,0.0,0.05,30.38,0.67,0.1,False
2026-09-01T02:00:45Z,"Fresh Kills, Lower",17,PR,0.0,0.16,20.48,1.05,0.1,False
2026-09-01T02:00:45Z,"Fresh Kills, Upper",18,PR,0.0,0.15,39.81,0.81,0.1,False
2026-09-01T02:00:45Z,Gerritsen Creek,19,RK,0.0,0.4,7.9,1.07,0.1,False
2026-09-01T02:00:45Z,"Gowanus Canal, Inner",20,RH,0.0,0.23,15.08,1.09,0.1,False
2026-09-01T02:00:45Z,"Gowanus Canal, Outer",21,RH,0.0,0.46,28.85,0.92,0.1,False
2026-09-01T02:00:45Z,Gravesend Bay,30,OH,0.0,0.1,24.63,0.76,0.1,False
2026-09-01T02:00:45Z,Harlem River,22,WI,0.0,0.5,17.24,0.89,0.1,False
2026-09-01T02:00:45Z,Hendrix Creek,23,26,0.0,0.09,20.52,0.8,0.1,False
2026-09-01T02:00:45Z,Hudson River (Bronx),24,WI,0.0,0.62,4.38,0.79,0.1,False
2026-09-01T02:00:45Z,Hudson River (Manhattan),25,NR,0.0,0.41,8.4,1.16,0.1,False
2026-09-01T02:00:45Z,"Hutchinson River, Lower",26,HP,0.0,0.05,57.81,0.59,0.1,False
2026-09-01T02:00:45Z,Jamaica Bay (Brooklyn),27,26,0.0,1.46,1.43,1.97,0.1,False
2026-09-01T02:00:45Z,Jamaica Bay (Queens),42,JA,0.0,0.74,4.07,0.99,0.1,False
2026-09-01T02:00:45Z,Kill Van Kull,28,PR,0.0,0.44,9.88,1.46,0.1,False
2026-09-01T02:00:45Z,Little Neck Bay,29,TI,0.0,0.46,7.65,1.21,0.1,False
2026-09-01T02:00:45Z,Lower New York Bay,2,OB,0.0,1.3,2.06,1.45,0.1,False
2026-09-01T02:00:45Z,Mill Basin,31,CI,0.0,1.34,1.49,2.39,0.1,False
2026-09-01T02:00:45Z,Newark Bay,32,PR,0.0,0.39,11.52,1.43,0.1,False
2026-09-01T02:00:45Z,"Newtown Creek, Lower",34,NC,0.0,0.3,28.56,0.91,0.1,False
2026-09-01T02:00:45Z,"Newtown Creek, Upper",33,NC,0.0,0.23,49.45,0.78,0.1,False
2026-09-01T02:00:45Z,Paerdegat Basin,35,CI,0.0,0.38,11.25,1.38,0.1,False
2026-09-01T02:00:45Z,Powell Cove,36,TI,0.0,0.9,3.39,1.22,0.1,False
2026-09-01T02:00:45Z,Sheepshead Bay,37,CI,0.0,0.18,12.63,0.83,0.1,False
2026-09-01T02:00:45Z,Shellbank Basin,44,JA,0.0,0.34,10.55,1.15,0.1,False
2026-09-01T02:00:45Z,Spring Creek,38,26,0.0,0.64,11.14,1.08,0.1,False
2026-09-01T02:00:45Z,Thurston Basin,45,JA,0.0,0.05,32.63,0.79,0.1,False
2026-09-01T02:00:45Z,Upper New York Bay,39,OH,0.0,0.34,11.93,1.26,0.1,False
2026-09-01T02:00:45Z,Westchester Creek,40,HP,0.0,0.19,21.55,1.13,0.1,False
2026-09-01T02:00:45Z,Western Long Island Sound,41,HP,0.0,2.0,0.05,0.66,0.1,False
2026-09-01T07:41:45Z,Alley Creek,1,TI,0.09,0.05,37.04,0.62,0.1,True
2026-09-01T07:41:45Z,"Arthur Kill, Lower",3,OB,0.0,0.7,5.22,1.54,0.1,False
2026-09-01T07:41:45Z,"Arthur Kill, Upper",4,OB,0.0,0.1,23.08,0.83,0.1,False
2026-09-01T07:41:45Z,Bergen Basin,43,JA,0.0,0.05,34.41,0.7,0.1,False
2026-09-01T07:41:45Z,Bowery Bay,5,BB,0.03,0.29,11.25,1.06,0.1,False
2026-09-01T07:41:45Z,"Bronx River, Lower",6,HP,0.02,0.05,53.67,0.45,0.1,False
2026-09-01T07:41:45Z,Coney Island Creek,7,CI,0.0,0.05,69.6,0.3,0.1,False
2026-09-01T07:41:45Z,East River (near Steinway Creek),9,BB,0.03,0.54,14.96,0.9,0.1,False
2026-09-01T07:41:45Z,East River (near Throgs Neck),11,TI,0.09,1.0,3.0,1.47,0.1,False
2026-09-01T07:41:45Z,East River (RFK to Whitestone),10,TI,0.09,0.61,5.65,1.3,0.1,False
2026-09-01T07:41:45Z,"East River, Lower",8,NC,0.04,0.8,4.38,1.56,0.1,False
2026-09-01T07:41:45Z,Eastchester Bay,12,HP,0.02,1.53,1.51,1.62,0.1,False
2026-09-01T07:41:45Z,Erie Basin,13,RH,0.0,0.27,13.73,1.16,0.1,False
2026-09-01T07:41:45Z,Flushing Bay,14,BB,0.03,0.19,32.63,0.76,0.1,False
2026-09-01T07:41:45Z,Flushing Creek,15,TI,0.09,0.05,59.69,0.64,0.1,True
2026-09-01T07:41:45Z,Fresh Creek,16,26,0.0,0.05,30.38,0.67,0.1,False
2026-09-01T07:41:45Z,"Fresh Kills, Lower",17,PR,0.0,0.16,20.48,1.05,0.1,False
2026-09-01T07:41:45Z,"Fresh Kills, Upper",18,PR,0.0,0.15,39.81,0.81,0.1,False
2026-09-01T07:41:45Z,Gerritsen Creek,19,RK,0.0,0.4,7.9,1.07,0.1,False
2026-09-01T07:41:45Z,"Gowanus Canal, Inner",20,RH,0.0,0.23,15.08,1.09,0.1,False
2026-09-01T07:41:45Z,"Gowanus Canal, Outer",21,RH,0.0,0.46,28.85,0.92,0.1,False
2026-09-01T07:41:45Z,Gravesend Bay,30,OH,0.0,0.1,24.63,0.76,0.1,False
2026-09-01T07:41:45Z,Harlem River,22,WI,0.02,0.5,17.24,0.89,0.1,False
2026-09-01T07:41:45Z,Hendrix Creek,23,26,0.0,0.09,20.52,0.8,0.1,False
2026-09-01T07:41:45Z,Hudson River (Bronx),24,WI,0.02,0.62,4.38,0.79,0.1,False
2026-09-01T07:41:45Z,Hudson River (Manhattan),25,NR,0.04,0.41,8.4,1.16,0.1,False
2026-09-01T07:41:45Z,"Hutchinson River, Lower",26,HP,0.02,0.05,57.81,0.59,0.1,False
2026-09-01T07:41:45Z,Jamaica Bay (Brooklyn),27,26,0.0,1.46,1.43,1.97,0.1,False
2026-09-01T07:41:45Z,Jamaica Bay (Queens),42,JA,0.0,0.74,4.07,0.99,0.1,False
2026-09-01T07:41:45Z,Kill Van Kull,28,PR,0.0,0.44,9.88,1.46,0.1,False
2026-09-01T07:41:45Z,Little Neck Bay,29,TI,0.09,0.46,7.65,1.21,0.1,False
2026-09-01T07:41:45Z,Lower New York Bay,2,OB,0.0,1.3,2.06,1.45,0.1,False
2026-09-01T07:41:45Z,Mill Basin,31,CI,0.0,1.34,1.49,2.39,0.1,False
2026-09-01T07:41:45Z,Newark Bay,32,PR,0.0,0.39,11.52,1.43,0.1,False
2026-09-01T07:41:45Z,"Newtown Creek, Lower",34,NC,0.04,0.3,28.56,0.91,0.1,False
2026-09-01T07:41:45Z,"Newtown Creek, Upper",33,NC,0.04,0.23,49.45,0.78,0.1,False
2026-09-01T07:41:45Z,Paerdegat Basin,35,CI,0.0,0.38,11.25,1.38,0.1,False
2026-09-01T07:41:45Z,Powell Cove,36,TI,0.09,0.9,3.39,1.22,0.1,False
2026-09-01T07:41:45Z,Sheepshead Bay,37,CI,0.0,0.18,12.63,0.83,0.1,False
2026-09-01T07:41:45Z,Shellbank Basin,44,JA,0.0,0.34,10.55,1.15,0.1,False
2026-09-01T07:41:45Z,Spring Creek,38,26,0.0,0.64,11.14,1.08,0.1,False
2026-09-01T07:41:45Z,Thurston Basin,45,JA,0.0,0.05,32.63,0.79,0.1,False
2026-09-01T07:41:45Z,Upper New York Bay,39,OH,0.0,0.34,11.93,1.26,0.1,False
2026-09-01T07:41:45Z,Westchester Creek,40,HP,0.02,0.19,21.55,1.13,0.1,False
2026-09-01T07:41:45Z,Western Long Island Sound,41,HP,0.02,2.0,0.05,0.66,0.1,False
2026-09-01T13:26:47Z,Alley Creek,1,TI,0.0,0.05,37.04,0.62,0.1,False
2026-09-01T13:26:47Z,"Arthur Kill, Lower",3,OB,0.01,0.7,5.22,1.54,0.1,False
2026-09-01T13:26:47Z,"Arthur Kill, Upper",4,OB,0.01,0.1,23.08,0.83,0.1,False
2026-09-01T13:26:47Z,Bergen Basin,43,JA,0.01,0.05,34.41,0.7,0.1,False
2026-09-01T13:26:47Z,Bowery Bay,5,BB,0.0,0.29,11.25,1.06,0.1,False
2026-09-01T13:26:47Z,"Bronx River, Lower",6,HP,0.0,0.05,53.67,0.45,0.1,False
2026-09-01T13:26:47Z,Coney Island Creek,7,CI,0.01,0.05,69.6,0.3,0.1,False
2026-09-01T13:26:47Z,East River (near Steinway Creek),9,BB,0.0,0.54,14.96,0.9,0.1,False
2026-09-01T13:26:47Z,East River (near Throgs Neck),11,TI,0.0,1.0,3.0,1.47,0.1,False
2026-09-01T13:26:47Z,East River (RFK to Whitestone),10,TI,0.0,0.61,5.65,1.3,0.1,False
2026-09-01T13:26:47Z,"East River, Lower",8,NC,0.02,0.8,4.38,1.56,0.1,False
2026-09-01T13:26:47Z,Eastchester Bay,12,HP,0.0,1.53,1.51,1.62,0.1,False
2026-09-01T13:26:47Z,Erie Basin,13,RH,0.04,0.27,13.73,1.16,0.1,False
2026-09-01T13:26:47Z,Flushing Bay,14,BB,0.0,0.19,32.63,0.76,0.1,False
2026-09-01T13:26:47Z,Flushing Creek,15,TI,0.0,0.05,59.69,0.64,0.1,False
2026-09-01T13:26:47Z,Fresh Creek,16,26,0.02,0.05,30.38,0.67,0.1,False
2026-09-01T13:26:47Z,"Fresh Kills, Lower",17,PR,0.01,0.16,20.48,1.05,0.1,False
2026-09-01T13:26:47Z,"Fresh Kills, Upper",18,PR,0.01,0.15,39.81,0.81,0.1,False
2026-09-01T13:26:47Z,Gerritsen Creek,19,RK,0.0,0.4,7.9,1.07,0.1,False
2026-09-01T13:26:47Z,"Gowanus Canal, Inner",20,RH,0.04,0.23,15.08,1.09,0.1,False
2026-09-01T13:26:47Z,"Gowanus Canal, Outer",21,RH,0.04,0.46,28.85,0.92,0.1,False
2026-09-01T13:26:47Z,Gravesend Bay,30,OH,0.0,0.1,24.63,0.76,0.1,False
2026-09-01T13:26:47Z,Harlem River,22,WI,0.01,0.5,17.24,0.89,0.1,False
2026-09-01T13:26:47Z,Hendrix Creek,23,26,0.02,0.09,20.52,0.8,0.1,False
2026-09-01T13:26:47Z,Hudson River (Bronx),24,WI,0.01,0.62,4.38,0.79,0.1,False
2026-09-01T13:26:47Z,Hudson River (Manhattan),25,NR,0.01,0.41,8.4,1.16,0.1,False
2026-09-01T13:26:47Z,"Hutchinson River, Lower",26,HP,0.0,0.05,57.81,0.59,0.1,False
2026-09-01T13:26:47Z,Jamaica Bay (Brooklyn),27,26,0.02,1.46,1.43,1.97,0.1,False
2026-09-01T13:26:47Z,Jamaica Bay (Queens),42,JA,0.01,0.74,4.07,0.99,0.1,False
2026-09-01T13:26:47Z,Kill Van Kull,28,PR,0.01,0.44,9.88,1.46,0.1,False
2026-09-01T13:26:47Z,Little Neck Bay,29,TI,0.0,0.46,7.65,1.21,0.1,False
2026-09-01T13:26:47Z,Lower New York Bay,2,OB,0.01,1.3,2.06,1.45,0.1,False
2026-09-01T13:26:47Z,Mill Basin,31,CI,0.01,1.34,1.49,2.39,0.1,False
2026-09-01T13:26:47Z,Newark Bay,32,PR,0.01,0.39,11.52,1.43,0.1,False
2026-09-01T13:26:47Z,"Newtown Creek, Lower",34,NC,0.02,0.3,28.56,0.91,0.1,False
2026-09-01T13:26:47Z,"Newtown Creek, Upper",33,NC,0.02,0.23,49.45,0.78,0.1,False
2026-09-01T13:26:47Z,Paerdegat Basin,35,CI,0.01,0.38,11.25,1.38,0.1,False
2026-09-01T13:26:47Z,Powell Cove,36,TI,0.0,0.9,3.39,1.22,0.1,False
2026-09-01T13:26:47Z,Sheepshead Bay,37,CI,0.01,0.18,12.63,0.83,0.1,False
2026-09-01T13:26:47Z,Shellbank Basin,44,JA,0.01,0.34,10.55,1.15,0.1,False
2026-09-01T13:26:47Z,Spring Creek,38,26,0.02,0.64,11.14,1.08,0.1,False
2026-09-01T13:26:47Z,Thurston Basin,45,JA,0.01,0.05,32.63,0.79,0.1,False
2026-09-01T13:26:47Z,Upper New York Bay,39,OH,0.0,0.34,11.93,1.26,0.1,False
2026-09-01T13:26:47Z,Westchester Creek,40,HP,0.0,0.19,21.55,1.13,0.1,False
2026-09-01T13:26:47Z,Western Long Island Sound,41,HP,0.0,2.0,0.05,0.66,0.1,False
2026-09-01T17:25:31Z,Alley Creek,1,TI,0.09,0.05,37.04,0.62,0.1,True
2026-09-01T17:25:31Z,"Arthur Kill, Lower",3,OB,0.02,0.7,5.22,1.54,0.1,False
2026-09-01T17:25:31Z,"Arthur Kill, Upper",4,OB,0.02,0.1,23.08,0.83,0.1,False
2026-09-01T17:25:31Z,Bergen Basin,43,JA,0.04,0.05,34.41,0.7,0.1,False
2026-09-01T17:25:31Z,Bowery Bay,5,BB,0.07,0.29,11.25,1.06,0.1,False
2026-09-01T17:25:31Z,"Bronx River, Lower",6,HP,0.08,0.05,53.67,0.45,0.1,True
2026-09-01T17:25:31Z,Coney Island Creek,7,CI,0.02,0.05,69.6,0.3,0.1,False
2026-09-01T17:25:31Z,East River (near Steinway Creek),9,BB,0.07,0.54,14.96,0.9,0.1,False
2026-09-01T17:25:31Z,East River (near Throgs Neck),11,TI,0.09,1.0,3.0,1.47,0.1,False
2026-09-01T17:25:31Z,East River (RFK to Whitestone),10,TI,0.09,0.61,5.65,1.3,0.1,False
2026-09-01T17:25:31Z,"East River, Lower",8,NC,0.05,0.8,4.38,1.56,0.1,False
2026-09-01T17:25:31Z,Eastchester Bay,12,HP,0.08,1.53,1.51,1.62,0.1,False
2026-09-01T17:25:31Z,Erie Basin,13,RH,0.06,0.27,13.73,1.16,0.1,False
2026-09-01T17:25:31Z,Flushing Bay,14,BB,0.07,0.19,32.63,0.76,0.1,False
2026-09-01T17:25:31Z,Flushing Creek,15,TI,0.09,0.05,59.69,0.64,0.1,True
2026-09-01T17:25:31Z,Fresh Creek,16,26,0.04,0.05,30.38,0.67,0.1,False
2026-09-01T17:25:31Z,"Fresh Kills, Lower",17,PR,0.04,0.16,20.48,1.05,0.1,False
2026-09-01T17:25:31Z,"Fresh Kills, Upper",18,PR,0.04,0.15,39.81,0.81,0.1,False
2026-09-01T17:25:31Z,Gerritsen Creek,19,RK,0.03,0.4,7.9,1.07,0.1,False
2026-09-01T17:25:31Z,"Gowanus Canal, Inner",20,RH,0.06,0.23,15.08,1.09,0.1,False
2026-09-01T17:25:31Z,"Gowanus Canal, Outer",21,RH,0.06,0.46,28.85,0.92,0.1,False
2026-09-01T17:25:31Z,Gravesend Bay,30,OH,0.02,0.1,24.63,0.76,0.1,False
2026-09-01T17:25:31Z,Harlem River,22,WI,0.07,0.5,17.24,0.89,0.1,False
2026-09-01T17:25:31Z,Hendrix Creek,23,26,0.04,0.09,20.52,0.8,0.1,False
2026-09-01T17:25:31Z,Hudson River (Bronx),24,WI,0.07,0.62,4.38,0.79,0.1,False
2026-09-01T17:25:31Z,Hudson River (Manhattan),25,NR,0.09,0.41,8.4,1.16,0.1,False
2026-09-01T17:25:31Z,"Hutchinson River, Lower",26,HP,0.08,0.05,57.81,0.59,0.1,True
2026-09-01T17:25:31Z,Jamaica Bay (Brooklyn),27,26,0.04,1.46,1.43,1.97,0.1,False
2026-09-01T17:25:31Z,Jamaica Bay (Queens),42,JA,0.04,0.74,4.07,0.99,0.1,False
2026-09-01T17:25:31Z,Kill Van Kull,28,PR,0.04,0.44,9.88,1.46,0.1,False
2026-09-01T17:25:31Z,Little Neck Bay,29,TI,0.09,0.46,7.65,1.21,0.1,False
2026-09-01T17:25:31Z,Lower New York Bay,2,OB,0.02,1.3,2.06,1.45,0.1,False
2026-09-01T17:25:31Z,Mill Basin,31,CI,0.02,1.34,1.49,2.39,0.1,False
2026-09-01T17:25:31Z,Newark Bay,32,PR,0.04,0.39,11.52,1.43,0.1,False
2026-09-01T17:25:31Z,"Newtown Creek, Lower",34,NC,0.05,0.3,28.56,0.91,0.1,False
2026-09-01T17:25:31Z,"Newtown Creek, Upper",33,NC,0.05,0.23,49.45,0.78,0.1,False
2026-09-01T17:25:31Z,Paerdegat Basin,35,CI,0.02,0.38,11.25,1.38,0.1,False
2026-09-01T17:25:31Z,Powell Cove,36,TI,0.09,0.9,3.39,1.22,0.1,False
2026-09-01T17:25:31Z,Sheepshead Bay,37,CI,0.02,0.18,12.63,0.83,0.1,False
2026-09-01T17:25:31Z,Shellbank Basin,44,JA,0.04,0.34,10.55,1.15,0.1,False
2026-09-01T17:25:31Z,Spring Creek,38,26,0.04,0.64,11.14,1.08,0.1,False
2026-09-01T17:25:31Z,Thurston Basin,45,JA,0.04,0.05,32.63,0.79,0.1,False
2026-09-01T17:25:31Z,Upper New York Bay,39,OH,0.02,0.34,11.93,1.26,0.1,False
2026-09-01T17:25:31Z,Westchester Creek,40,HP,0.08,0.19,21.55,1.13,0.1,False
2026-09-01T17:25:31Z,Western Long Island Sound,41,HP,0.08,2.0,0.05,0.66,0.1,False
2026-09-01T20:07:34Z,Alley Creek,1,TI,0.0,0.05,37.04,0.62,0.1,False
2026-09-01T20:07:34Z,"Arthur Kill, Lower",3,OB,0.0,0.7,5.22,1.54,0.1,False
2026-09-01T20:07:34Z,"Arthur Kill, Upper",4,OB,0.0,0.1,23.08,0.83,0.1,False
2026-09-01T20:07:34Z,Bergen Basin,43,JA,0.01,0.05,34.41,0.7,0.1,False
2026-09-01T20:07:34Z,Bowery Bay,5,BB,0.0,0.29,11.25,1.06,0.1,False
2026-09-01T20:07:34Z,"Bronx River, Lower",6,HP,0.01,0.05,53.67,0.45,0.1,False
2026-09-01T20:07:34Z,Coney Island Creek,7,CI,0.0,0.05,69.6,0.3,0.1,False
2026-09-01T20:07:34Z,East River (near Steinway Creek),9,BB,0.0,0.54,14.96,0.9,0.1,False
2026-09-01T20:07:34Z,East River (near Throgs Neck),11,TI,0.0,1.0,3.0,1.47,0.1,False
2026-09-01T20:07:34Z,East River (RFK to Whitestone),10,TI,0.0,0.61,5.65,1.3,0.1,False
2026-09-01T20:07:34Z,"East River, Lower",8,NC,0.0,0.8,4.38,1.56,0.1,False
2026-09-01T20:07:34Z,Eastchester Bay,12,HP,0.01,1.53,1.51,1.62,0.1,False
2026-09-01T20:07:34Z,Erie Basin,13,RH,0.0,0.27,13.73,1.16,0.1,False
2026-09-01T20:07:34Z,Flushing Bay,14,BB,0.0,0.19,32.63,0.76,0.1,False
2026-09-01T20:07:34Z,Flushing Creek,15,TI,0.0,0.05,59.69,0.64,0.1,False
2026-09-01T20:07:34Z,Fresh Creek,16,26,0.0,0.05,30.38,0.67,0.1,False
2026-09-01T20:07:34Z,"Fresh Kills, Lower",17,PR,0.0,0.16,20.48,1.05,0.1,False
2026-09-01T20:07:34Z,"Fresh Kills, Upper",18,PR,0.0,0.15,39.81,0.81,0.1,False
2026-09-01T20:07:34Z,Gerritsen Creek,19,RK,0.0,0.4,7.9,1.07,0.1,False
2026-09-01T20:07:34Z,"Gowanus Canal, Inner",20,RH,0.0,0.23,15.08,1.09,0.1,False
2026-09-01T20:07:34Z,"Gowanus Canal, Outer",21,RH,0.0,0.46,28.85,0.92,0.1,False
2026-09-01T20:07:34Z,Gravesend Bay,30,OH,0.0,0.1,24.63,0.76,0.1,False
2026-09-01T20:07:34Z,Harlem River,22,WI,0.0,0.5,17.24,0.89,0.1,False
2026-09-01T20:07:34Z,Hendrix Creek,23,26,0.0,0.09,20.52,0.8,0.1,False
2026-09-01T20:07:34Z,Hudson River (Bronx),24,WI,0.0,0.62,4.38,0.79,0.1,False
2026-09-01T20:07:34Z,Hudson River (Manhattan),25,NR,0.0,0.41,8.4,1.16,0.1,False
2026-09-01T20:07:34Z,"Hutchinson River, Lower",26,HP,0.01,0.05,57.81,0.59,0.1,False
2026-09-01T20:07:34Z,Jamaica Bay (Brooklyn),27,26,0.0,1.46,1.43,1.97,0.1,False
2026-09-01T20:07:34Z,Jamaica Bay (Queens),42,JA,0.01,0.74,4.07,0.99,0.1,False
2026-09-01T20:07:34Z,Kill Van Kull,28,PR,0.0,0.44,9.88,1.46,0.1,False
2026-09-01T20:07:34Z,Little Neck Bay,29,TI,0.0,0.46,7.65,1.21,0.1,False
2026-09-01T20:07:34Z,Lower New York Bay,2,OB,0.0,1.3,2.06,1.45,0.1,False
2026-09-01T20:07:34Z,Mill Basin,31,CI,0.0,1.34,1.49,2.39,0.1,False
2026-09-01T20:07:34Z,Newark Bay,32,PR,0.0,0.39,11.52,1.43,0.1,False
2026-09-01T20:07:34Z,"Newtown Creek, Lower",34,NC,0.0,0.3,28.56,0.91,0.1,False
2026-09-01T20:07:34Z,"Newtown Creek, Upper",33,NC,0.0,0.23,49.45,0.78,0.1,False
2026-09-01T20:07:34Z,Paerdegat Basin,35,CI,0.0,0.38,11.25,1.38,0.1,False
2026-09-01T20:07:34Z,Powell Cove,36,TI,0.0,0.9,3.39,1.22,0.1,False
2026-09-01T20:07:34Z,Sheepshead Bay,37,CI,0.0,0.18,12.63,0.83,0.1,False
2026-09-01T20:07:34Z,Shellbank Basin,44,JA,0.01,0.34,10.55,1.15,0.1,False
2026-09-01T20:07:34Z,Spring Creek,38,26,0.0,0.64,11.14,1.08,0.1,False
2026-09-01T20:07:34Z,Thurston Basin,45,JA,0.01,0.05,32.63,0.79,0.1,False
2026-09-01T20:07:34Z,Upper New York Bay,39,OH,0.0,0.34,11.93,1.26,0.1,False
2026-09-01T20:07:34Z,Westchester Creek,40,HP,0.01,0.19,21.55,1.13,0.1,False
2026-09-01T20:07:34Z,Western Long Island Sound,41,HP,0.01,2.0,0.05,0.66,0.1,False
2026-09-01T22:47:19Z,Alley Creek,1,TI,0.0,0.05,37.04,0.62,0.1,False
2026-09-01T22:47:19Z,"Arthur Kill, Lower",3,OB,0.0,0.7,5.22,1.54,0.1,False
2026-09-01T22:47:19Z,"Arthur Kill, Upper",4,OB,0.0,0.1,23.08,0.83,0.1,False
2026-09-01T22:47:19Z,Bergen Basin,43,JA,0.0,0.05,34.41,0.7,0.1,False
2026-09-01T22:47:19Z,Bowery Bay,5,BB,0.0,0.29,11.25,1.06,0.1,False
2026-09-01T22:47:19Z,"Bronx River, Lower",6,HP,0.0,0.05,53.67,0.45,0.1,False
2026-09-01T22:47:19Z,Coney Island Creek,7,CI,0.0,0.05,69.6,0.3,0.1,False
2026-09-01T22:47:19Z,East River (near Steinway Creek),9,BB,0.0,0.54,14.96,0.9,0.1,False
2026-09-01T22:47:19Z,East River (near Throgs Neck),11,TI,0.0,1.0,3.0,1.47,0.1,False
2026-09-01T22:47:19Z,East River (RFK to Whitestone),10,TI,0.0,0.61,5.65,1.3,0.1,False
2026-09-01T22:47:19Z,"East River, Lower",8,NC,0.0,0.8,4.38,1.56,0.1,False
2026-09-01T22:47:19Z,Eastchester Bay,12,HP,0.0,1.53,1.51,1.62,0.1,False
2026-09-01T22:47:19Z,Erie Basin,13,RH,0.0,0.27,13.73,1.16,0.1,False
2026-09-01T22:47:19Z,Flushing Bay,14,BB,0.0,0.19,32.63,0.76,0.1,False
2026-09-01T22:47:19Z,Flushing Creek,15,TI,0.0,0.05,59.69,0.64,0.1,False
2026-09-01T22:47:19Z,Fresh Creek,16,26,0.0,0.05,30.38,0.67,0.1,False
2026-09-01T22:47:19Z,"Fresh Kills, Lower",17,PR,0.0,0.16,20.48,1.05,0.1,False
2026-09-01T22:47:19Z,"Fresh Kills, Upper",18,PR,0.0,0.15,39.81,0.81,0.1,False
2026-09-01T22:47:19Z,Gerritsen Creek,19,RK,0.0,0.4,7.9,1.07,0.1,False
2026-09-01T22:47:19Z,"Gowanus Canal, Inner",20,RH,0.0,0.23,15.08,1.09,0.1,False
2026-09-01T22:47:19Z,"Gowanus Canal, Outer",21,RH,0.0,0.46,28.85,0.92,0.1,False
2026-09-01T22:47:19Z,Gravesend Bay,30,OH,0.0,0.1,24.63,0.76,0.1,False
2026-09-01T22:47:19Z,Harlem River,22,WI,0.0,0.5,17.24,0.89,0.1,False
2026-09-01T22:47:19Z,Hendrix Creek,23,26,0.0,0.09,20.52,0.8,0.1,False
2026-09-01T22:47:19Z,Hudson River (Bronx),24,WI,0.0,0.62,4.38,0.79,0.1,False
2026-09-01T22:47:19Z,Hudson River (Manhattan),25,NR,0.0,0.41,8.4,1.16,0.1,False
2026-09-01T22:47:19Z,"Hutchinson River, Lower",26,HP,0.0,0.05,57.81,0.59,0.1,False
2026-09-01T22:47:19Z,Jamaica Bay (Brooklyn),27,26,0.0,1.46,1.43,1.97,0.1,False
2026-09-01T22:47:19Z,Jamaica Bay (Queens),42,JA,0.0,0.74,4.07,0.99,0.1,False
2026-09-01T22:47:19Z,Kill Van Kull,28,PR,0.0,0.44,9.88,1.46,0.1,False
2026-09-01T22:47:19Z,Little Neck Bay,29,TI,0.0,0.46,7.65,1.21,0.1,False
2026-09-01T22:47:19Z,Lower New York Bay,2,OB,0.0,1.3,2.06,1.45,0.1,False
2026-09-01T22:47:19Z,Mill Basin,31,CI,0.0,1.34,1.49,2.39,0.1,False
2026-09-01T22:47:19Z,Newark Bay,32,PR,0.0,0.39,11.52,1.43,0.1,False
2026-09-01T22:47:19Z,"Newtown Creek, Lower",34,NC,0.0,0.3,28.56,0.91,0.1,False
2026-09-01T22:47:19Z,"Newtown Creek, Upper",33,NC,0.0,0.23,49.45,0.78,0.1,False
2026-09-01T22:47:19Z,Paerdegat Basin,35,CI,0.0,0.38,11.25,1.38,0.1,False
2026-09-01T22:47:19Z,Powell Cove,36,TI,0.0,0.9,3.39,1.22,0.1,False
2026-09-01T22:47:19Z,Sheepshead Bay,37,CI,0.0,0.18,12.63,0.83,0.1,False
2026-09-01T22:47:19Z,Shellbank Basin,44,JA,0.0,0.34,10.55,1.15,0.1,False
2026-09-01T22:47:19Z,Spring Creek,38,26,0.0,0.64,11.14,1.08,0.1,False
2026-09-01T22:47:19Z,Thurston Basin,45,JA,0.0,0.05,32.63,0.79,0.1,False
2026-09-01T22:47:19Z,Upper New York Bay,39,OH,0.0,0.34,11.93,1.26,0.1,False
2026-09-01T22:47:19Z,Westchester Creek,40,HP,0.0,0.19,21.55,1.13,0.1,False
2026-09-01T22:47:19Z,Western Long Island Sound,41,HP,0.0,2.0,0.05,0.66,0.1,False
2026-09-02T00:58:54Z,Alley Creek,1,TI,0.0,0.05,37.04,0.62,0.1,False
2026-09-02T00:58:54Z,"Arthur Kill, Lower",3,OB,0.22,0.7,5.22,1.54,0.1,False
2026-09-02T00:58:54Z,"Arthur Kill, Upper",4,OB,0.22,0.1,23.08,0.83,0.1,True
2026-09-02T00:58:54Z,Bergen Basin,43,JA,0.24,0.05,34.41,0.7,0.1,True
2026-09-02T00:58:54Z,Bowery Bay,5,BB,0.01,0.29,11.25,1.06,0.1,False
2026-09-02T00:58:54Z,"Bronx River, Lower",6,HP,0.0,0.05,53.67,0.45,0.1,False
2026-09-02T00:58:54Z,Coney Island Creek,7,CI,0.06,0.05,69.6,0.3,0.1,True
2026-09-02T00:58:54Z,East River (near Steinway Creek),9,BB,0.01,0.54,14.96,0.9,0.1,False
2026-09-02T00:58:54Z,East River (near Throgs Neck),11,TI,0.0,1.0,3.0,1.47,0.1,False
2026-09-02T00:58:54Z,East River (RFK to Whitestone),10,TI,0.0,0.61,5.65,1.3,0.1,False
2026-09-02T00:58:54Z,"East River, Lower",8,NC,0.08,0.8,4.38,1.56,0.1,False
2026-09-02T00:58:54Z,Eastchester Bay,12,HP,0.0,1.53,1.51,1.62,0.1,False
2026-09-02T00:58:54Z,Erie Basin,13,RH,0.0372,0.27,13.73,1.16,0.1,False
2026-09-02T00:58:54Z,Flushing Bay,14,BB,0.01,0.19,32.63,0.76,0.1,False
2026-09-02T00:58:54Z,Flushing Creek,15,TI,0.0,0.05,59.69,0.64,0.1,False
2026-09-02T00:58:54Z,Fresh Creek,16,26,0.06,0.05,30.38,0.67,0.1,True
2026-09-02T00:58:54Z,"Fresh Kills, Lower",17,PR,0.17,0.16,20.48,1.05,0.1,True
2026-09-02T00:58:54Z,"Fresh Kills, Upper",18,PR,0.17,0.15,39.81,0.81,0.1,True
2026-09-02T00:58:54Z,Gerritsen Creek,19,RK,0.11,0.4,7.9,1.07,0.1,False
2026-09-02T00:58:54Z,"Gowanus Canal, Inner",20,RH,0.0372,0.23,15.08,1.09,0.1,False
2026-09-02T00:58:54Z,"Gowanus Canal, Outer",21,RH,0.0372,0.46,28.85,0.92,0.1,False
2026-09-02T00:58:54Z,Gravesend Bay,30,OH,0.44,0.1,24.63,0.76,0.1,True
2026-09-02T00:58:54Z,Harlem River,22,WI,0.0,0.5,17.24,0.89,0.1,False
2026-09-02T00:58:54Z,Hendrix Creek,23,26,0.06,0.09,20.52,0.8,0.1,False
2026-09-02T00:58:54Z,Hudson River (Bronx),24,WI,0.0,0.62,4.38,0.79,0.1,False
2026-09-02T00:58:54Z,Hudson River (Manhattan),25,NR,0.0,0.41,8.4,1.16,0.1,False
2026-09-02T00:58:54Z,"Hutchinson River, Lower",26,HP,0.0,0.05,57.81,0.59,0.1,False
2026-09-02T00:58:54Z,Jamaica Bay (Brooklyn),27,26,0.06,1.46,1.43,1.97,0.1,False
2026-09-02T00:58:54Z,Jamaica Bay (Queens),42,JA,0.24,0.74,4.07,0.99,0.1,False
2026-09-02T00:58:54Z,Kill Van Kull,28,PR,0.17,0.44,9.88,1.46,0.1,False
2026-09-02T00:58:54Z,Little Neck Bay,29,TI,0.0,0.46,7.65,1.21,0.1,False
2026-09-02T00:58:54Z,Lower New York Bay,2,OB,0.22,1.3,2.06,1.45,0.1,False
2026-09-02T00:58:54Z,Mill Basin,31,CI,0.06,1.34,1.49,2.39,0.1,False
2026-09-02T00:58:54Z,Newark Bay,32,PR,0.17,0.39,11.52,1.43,0.1,False
2026-09-02T00:58:54Z,"Newtown Creek, Lower",34,NC,0.08,0.3,28.56,0.91,0.1,False
2026-09-02T00:58:54Z,"Newtown Creek, Upper",33,NC,0.08,0.23,49.45,0.78,0.1,False
2026-09-02T00:58:54Z,Paerdegat Basin,35,CI,0.06,0.38,11.25,1.38,0.1,False
2026-09-02T00:58:54Z,Powell Cove,36,TI,0.0,0.9,3.39,1.22,0.1,False
2026-09-02T00:58:54Z,Sheepshead Bay,37,CI,0.06,0.18,12.63,0.83,0.1,False
2026-09-02T00:58:54Z,Shellbank Basin,44,JA,0.24,0.34,10.55,1.15,0.1,False
2026-09-02T00:58:54Z,Spring Creek,38,26,0.06,0.64,11.14,1.08,0.1,False
2026-09-02T00:58:54Z,Thurston Basin,45,JA,0.24,0.05,32.63,0.79,0.1,True
2026-09-02T00:58:54Z,Upper New York Bay,39,OH,0.44,0.34,11.93,1.26,0.1,True
2026-09-02T00:58:54Z,Westchester Creek,40,HP,0.0,0.19,21.55,1.13,0.1,False
2026-09-02T00:58:54Z,Western Long Island Sound,41,HP,0.0,2.0,0.05,0.66,0.1,False
2026-09-02T05:40:56Z,Alley Creek,1,TI,0.0,0.05,37.04,0.62,0.1,False
2026-09-02T05:40:56Z,"Arthur Kill, Lower",3,OB,0.0,0.7,5.22,1.54,0.1,False
2026-09-02T05:40:56Z,"Arthur Kill, Upper",4,OB,0.0,0.1,23.08,0.83,0.1,False
2026-09-02T05:40:56Z,Bergen Basin,43,JA,0.0,0.05,34.41,0.7,0.1,False
2026-09-02T05:40:56Z,Bowery Bay,5,BB,0.0,0.29,11.25,1.06,0.1,False
2026-09-02T05:40:56Z,"Bronx River, Lower",6,HP,0.0,0.05,53.67,0.45,0.1,False
2026-09-02T05:40:56Z,Coney Island Creek,7,CI,0.0,0.05,69.6,0.3,0.1,False
2026-09-02T05:40:56Z,East River (near Steinway Creek),9,BB,0.0,0.54,14.96,0.9,0.1,False
2026-09-02T05:40:56Z,East River (near Throgs Neck),11,TI,0.0,1.0,3.0,1.47,0.1,False
2026-09-02T05:40:56Z,East River (RFK to Whitestone),10,TI,0.0,0.61,5.65,1.3,0.1,False
2026-09-02T05:40:56Z,"East River, Lower",8,NC,0.0,0.8,4.38,1.56,0.1,False
2026-09-02T05:40:56Z,Eastchester Bay,12,HP,0.0,1.53,1.51,1.62,0.1,False
2026-09-02T05:40:56Z,Erie Basin,13,RH,0.0,0.27,13.73,1.16,0.1,False
2026-09-02T05:40:56Z,Flushing Bay,14,BB,0.0,0.19,32.63,0.76,0.1,False
2026-09-02T05:40:56Z,Flushing Creek,15,TI,0.0,0.05,59.69,0.64,0.1,False
2026-09-02T05:40:56Z,Fresh Creek,16,26,0.0,0.05,30.38,0.67,0.1,False
2026-09-02T05:40:56Z,"Fresh Kills, Lower",17,PR,0.0,0.16,20.48,1.05,0.1,False
2026-09-02T05:40:56Z,"Fresh Kills, Upper",18,PR,0.0,0.15,39.81,0.81,0.1,False
2026-09-02T05:40:56Z,Gerritsen Creek,19,RK,0.0,0.4,7.9,1.07,0.1,False
2026-09-02T05:40:56Z,"Gowanus Canal, Inner",20,RH,0.0,0.23,15.08,1.09,0.1,False
2026-09-02T05:40:56Z,"Gowanus Canal, Outer",21,RH,0.0,0.46,28.85,0.92,0.1,False
2026-09-02T05:40:56Z,Gravesend Bay,30,OH,0.0,0.1,24.63,0.76,0.1,False
2026-09-02T05:40:56Z,Harlem River,22,WI,0.0,0.5,17.24,0.89,0.1,False
2026-09-02T05:40:56Z,Hendrix Creek,23,26,0.0,0.09,20.52,0.8,0.1,False
2026-09-02T05:40:56Z,Hudson River (Bronx),24,WI,0.0,0.62,4.38,0.79,0.1,False
2026-09-02T05:40:56Z,Hudson River (Manhattan),25,NR,0.0,0.41,8.4,1.16,0.1,False
2026-09-02T05:40:56Z,"Hutchinson River, Lower",26,HP,0.0,0.05,57.81,0.59,0.1,False
2026-09-02T05:40:56Z,Jamaica Bay (Brooklyn),27,26,0.0,1.46,1.43,1.97,0.1,False
2026-09-02T05:40:56Z,Jamaica Bay (Queens),42,JA,0.0,0.74,4.07,0.99,0.1,False
2026-09-02T05:40:56Z,Kill Van Kull,28,PR,0.0,0.44,9.88,1.46,0.1,False
2026-09-02T05:40:56Z,Little Neck Bay,29,TI,0.0,0.46,7.65,1.21,0.1,False
2026-09-02T05:40:56Z,Lower New York Bay,2,OB,0.0,1.3,2.06,1.45,0.1,False
2026-09-02T05:40:56Z,Mill Basin,31,CI,0.0,1.34,1.49,2.39,0.1,False
2026-09-02T05:40:56Z,Newark Bay,32,PR,0.0,0.39,11.52,1.43,0.1,False
2026-09-02T05:40:56Z,"Newtown Creek, Lower",34,NC,0.0,0.3,28.56,0.91,0.1,False
2026-09-02T05:40:56Z,"Newtown Creek, Upper",33,NC,0.0,0.23,49.45,0.78,0.1,False
2026-09-02T05:40:56Z,Paerdegat Basin,35,CI,0.0,0.38,11.25,1.38,0.1,False
2026-09-02T05:40:56Z,Powell Cove,36,TI,0.0,0.9,3.39,1.22,0.1,False
2026-09-02T05:40:56Z,Sheepshead Bay,37,CI,0.0,0.18,12.63,0.83,0.1,False
2026-09-02T05:40:56Z,Shellbank Basin,44,JA,0.0,0.34,10.55,1.15,0.1,False
2026-09-02T05:40:56Z,Spring Creek,38,26,0.0,0.64,11.14,1.08,0.1,False
2026-09-02T05:40:56Z,Thurston Basin,45,JA,0.0,0.05,32.63,0.79,0.1,False
2026-09-02T05:40:56Z,Upper New York Bay,39,OH,0.0,0.34,11.93,1.26,0.1,False
2026-09-02T05:40:56Z,Westchester Creek,40,HP,0.0,0.19,21.55,1.13,0.1,False
2026-09-02T05:40:56Z,Western Long Island Sound,41,HP,0.0,2.0,0.05,0.66,0.1,False
2026-09-02T11:09:30Z,Alley Creek,1,TI,0.01,0.05,37.04,0.62,0.1,False
2026-09-02T11:09:30Z,"Arthur Kill, Lower",3,OB,0.0,0.7,5.22,1.54,0.1,False
2026-09-02T11:09:30Z,"Arthur Kill, Upper",4,OB,0.0,0.1,23.08,0.83,0.1,False
2026-09-02T11:09:30Z,Bergen Basin,43,JA,0.0,0.05,34.41,0.7,0.1,False
2026-09-02T11:09:30Z,Bowery Bay,5,BB,0.0,0.29,11.25,1.06,0.1,False
2026-09-02T11:09:30Z,"Bronx River, Lower",6,HP,0.01,0.05,53.67,0.45,0.1,False
2026-09-02T11:09:30Z,Coney Island Creek,7,CI,0.0,0.05,69.6,0.3,0.1,False
2026-09-02T11:09:30Z,East River (near Steinway Creek),9,BB,0.0,0.54,14.96,0.9,0.1,False
2026-09-02T11:09:30Z,East River (near Throgs Neck),11,TI,0.01,1.0,3.0,1.47,0.1,False
2026-09-02T11:09:30Z,East River (RFK to Whitestone),10,TI,0.01,0.61,5.65,1.3,0.1,False
2026-09-02T11:09:30Z,"East River, Lower",8,NC,0.0,0.8,4.38,1.56,0.1,False
2026-09-02T11:09:30Z,Eastchester Bay,12,HP,0.01,1.53,1.51,1.62,0.1,False
2026-09-02T11:09:30Z,Erie Basin,13,RH,0.0,0.27,13.73,1.16,0.1,False
2026-09-02T11:09:30Z,Flushing Bay,14,BB,0.0,0.19,32.63,0.76,0.1,False
2026-09-02T11:09:30Z,Flushing Creek,15,TI,0.01,0.05,59.69,0.64,0.1,False
2026-09-02T11:09:30Z,Fresh Creek,16,26,0.0,0.05,30.38,0.67,0.1,False
2026-09-02T11:09:30Z,"Fresh Kills, Lower",17,PR,0.0,0.16,20.48,1.05,0.1,False
2026-09-02T11:09:30Z,"Fresh Kills, Upper",18,PR,0.0,0.15,39.81,0.81,0.1,False
2026-09-02T11:09:30Z,Gerritsen Creek,19,RK,0.0,0.4,7.9,1.07,0.1,False
2026-09-02T11:09:30Z,"Gowanus Canal, Inner",20,RH,0.0,0.23,15.08,1.09,0.1,False
2026-09-02T11:09:30Z,"Gowanus Canal, Outer",21,RH,0.0,0.46,28.85,0.92,0.1,False
2026-09-02T11:09:30Z,Gravesend Bay,30,OH,0.0,0.1,24.63,0.76,0.1,False
2026-09-02T11:09:30Z,Harlem River,22,WI,0.0,0.5,17.24,0.89,0.1,False
2026-09-02T11:09:30Z,Hendrix Creek,23,26,0.0,0.09,20.52,0.8,0.1,False
2026-09-02T11:09:30Z,Hudson River (Bronx),24,WI,0.0,0.62,4.38,0.79,0.1,False
2026-09-02T11:09:30Z,Hudson River (Manhattan),25,NR,0.0,0.41,8.4,1.16,0.1,False
2026-09-02T11:09:30Z,"Hutchinson River, Lower",26,HP,0.01,0.05,57.81,0.59,0.1,False
2026-09-02T11:09:30Z,Jamaica Bay (Brooklyn),27,26,0.0,1.46,1.43,1.97,0.1,False
2026-09-02T11:09:30Z,Jamaica Bay (Queens),42,JA,0.0,0.74,4.07,0.99,0.1,False
2026-09-02T11:09:30Z,Kill Van Kull,28,PR,0.0,0.44,9.88,1.46,0.1,False
2026-09-02T11:09:30Z,Little Neck Bay,29,TI,0.01,0.46,7.65,1.21,0.1,False
2026-09-02T11:09:30Z,Lower New York Bay,2,OB,0.0,1.3,2.06,1.45,0.1,False
2026-09-02T11:09:30Z,Mill Basin,31,CI,0.0,1.34,1.49,2.39,0.1,False
2026-09-02T11:09:30Z,Newark Bay,32,PR,0.0,0.39,11.52,1.43,0.1,False
2026-09-02T11:09:30Z,"Newtown Creek, Lower",34,NC,0.0,0.3,28.56,0.91,0.1,False
2026-09-02T11:09:30Z,"Newtown Creek, Upper",33,NC,0.0,0.23,49.45,0.78,0.1,False
2026-09-02T11:09:30Z,Paerdegat Basin,35,CI,0.0,0.38,11.25,1.38,0.1,False
2026-09-02T11:09:30Z,Powell Cove,36,TI,0.01,0.9,3.39,1.22,0.1,False
2026-09-02T11:09:30Z,Sheepshead Bay,37,CI,0.0,0.18,12.63,0.83,0.1,False
2026-09-02T11:09:30Z,Shellbank Basin,44,JA,0.0,0.34,10.55,1.15,0.1,False
2026-09-02T11:09:30Z,Spring Creek,38,26,0.0,0.64,11.14,1.08,0.1,False
2026-09-02T11:09:30Z,Thurston Basin,45,JA,0.0,0.05,32.63,0.79,0.1,False
2026-09-02T11:09:30Z,Upper New York Bay,39,OH,0.0,0.34,11.93,1.26,0.1,False
2026-09-02T11:09:30Z,Westchester Creek,40,HP,0.01,0.19,21.55,1.13,0.1,False
2026-09-02T11:09:30Z,Western Long Island Sound,41,HP,0.01,2.0,0.05,0.66,0.1,False
2026-09-02T15:15:25Z,Alley Creek,1,TI,0.0,0.05,37.04,0.62,0.1,False
2026-09-02T15:15:25Z,"Arthur Kill, Lower",3,OB,0.0,0.7,5.22,1.54,0.1,False
2026-09-02T15:15:25Z,"Arthur Kill, Upper",4,OB,0.0,0.1,23.08,0.83,0.1,False
2026-09-02T15:15:25Z,Bergen Basin,43,JA,0.0,0.05,34.41,0.7,0.1,False
2026-09-02T15:15:25Z,Bowery Bay,5,BB,0.0,0.29,11.25,1.06,0.1,False
2026-09-02T15:15:25Z,"Bronx River, Lower",6,HP,0.0,0.05,53.67,0.45,0.1,False
2026-09-02T15:15:25Z,Coney Island Creek,7,CI,0.0,0.05,69.6,0.3,0.1,False
2026-09-02T15:15:25Z,East River (near Steinway Creek),9,BB,0.0,0.54,14.96,0.9,0.1,False
2026-09-02T15:15:25Z,East River (near Throgs Neck),11,TI,0.0,1.0,3.0,1.47,0.1,False
2026-09-02T15:15:25Z,East River (RFK to Whitestone),10,TI,0.0,0.61,5.65,1.3,0.1,False
2026-09-02T15:15:25Z,"East River, Lower",8,NC,0.0,0.8,4.38,1.56,0.1,False
2026-09-02T15:15:25Z,Eastchester Bay,12,HP,0.0,1.53,1.51,1.62,0.1,False
2026-09-02T15:15:25Z,Erie Basin,13,RH,0.0,0.27,13.73,1.16,0.1,False
2026-09-02T15:15:25Z,Flushing Bay,14,BB,0.0,0.19,32.63,0.76,0.1,False
2026-09-02T15:15:25Z,Flushing Creek,15,TI,0.0,0.05,59.69,0.64,0.1,False
2026-09-02T15:15:25Z,Fresh Creek,16,26,0.0,0.05,30.38,0.67,0.1,False
2026-09-02T15:15:25Z,"Fresh Kills, Lower",17,PR,0.0,0.16,20.48,1.05,0.1,False
2026-09-02T15:15:25Z,"Fresh Kills, Upper",18,PR,0.0,0.15,39.81,0.81,0.1,False
2026-09-02T15:15:25Z,Gerritsen Creek,19,RK,0.0,0.4,7.9,1.07,0.1,False
2026-09-02T15:15:25Z,"Gowanus Canal, Inner",20,RH,0.0,0.23,15.08,1.09,0.1,False
2026-09-02T15:15:25Z,"Gowanus Canal, Outer",21,RH,0.0,0.46,28.85,0.92,0.1,False
2026-09-02T15:15:25Z,Gravesend Bay,30,OH,0.0,0.1,24.63,0.76,0.1,False
2026-09-02T15:15:25Z,Harlem River,22,WI,0.0,0.5,17.24,0.89,0.1,False
2026-09-02T15:15:25Z,Hendrix Creek,23,26,0.0,0.09,20.52,0.8,0.1,False
2026-09-02T15:15:25Z,Hudson River (Bronx),24,WI,0.0,0.62,4.38,0.79,0.1,False
2026-09-02T15:15:25Z,Hudson River (Manhattan),25,NR,0.0,0.41,8.4,1.16,0.1,False
2026-09-02T15:15:25Z,"Hutchinson River, Lower",26,HP,0.0,0.05,57.81,0.59,0.1,False
2026-09-02T15:15:25Z,Jamaica Bay (Brooklyn),27,26,0.0,1.46,1.43,1.97,0.1,False
2026-09-02T15:15:25Z,Jamaica Bay (Queens),42,JA,0.0,0.74,4.07,0.99,0.1,False
2026-09-02T15:15:25Z,Kill Van Kull,28,PR,0.0,0.44,9.88,1.46,0.1,False
2026-09-02T15:15:25Z,Little Neck Bay,29,TI,0.0,0.46,7.65,1.21,0.1,False
2026-09-02T15:15:25Z,Lower New York Bay,2,OB,0.0,1.3,2.06,1.45,0.1,False
2026-09-02T15:15:25Z,Mill Basin,31,CI,0.0,1.34,1.49,2.39,0.1,False
2026-09-02T15:15:25Z,Newark Bay,32,PR,0.0,0.39,11.52,1.43,0.1,False
2026-09-02T15:15:25Z,"Newtown Creek, Lower",34,NC,0.0,0.3,28.56,0.91,0.1,False
2026-09-02T15:15:25Z,"Newtown Creek, Upper",33,NC,0.0,0.23,49.45,0.78,0.1,False
2026-09-02T15:15:25Z,Paerdegat Basin,35,CI,0.0,0.38,11.25,1.38,0.1,False
2026-09-02T15:15:25Z,Powell Cove,36,TI,0.0,0.9,3.39,1.22,0.1,False
2026-09-02T15:15:25Z,Sheepshead Bay,37,CI,0.0,0.18,12.63,0.83,0.1,False
2026-09-02T15:15:25Z,Shellbank Basin,44,JA,0.0,0.34,10.55,1.15,0.1,False
2026-09-02T15:15:25Z,Spring Creek,38,26,0.0,0.64,11.14,1.08,0.1,False
2026-09-02T15:15:25Z,Thurston Basin,45,JA,0.0,0.05,32.63,0.79,0.1,False
2026-09-02T15:15:25Z,Upper New York Bay,39,OH,0.0,0.34,11.93,1.26,0.1,False
2026-09-02T15:15:25Z,Westchester Creek,40,HP,0.0,0.19,21.55,1.13,0.1,False
2026-09-02T15:15:25Z,Western Long Island Sound,41,HP,0.0,2.0,0.05,0.66,0.1,False
2026-09-02T18:55:32Z,Alley Creek,1,TI,0.0,0.05,37.04,0.62,0.1,False
2026-09-02T18:55:32Z,"Arthur Kill, Lower",3,OB,0.0,0.7,5.22,1.54,0.1,False
2026-09-02T18:55:32Z,"Arthur Kill, Upper",4,OB,0.0,0.1,23.08,0.83,0.1,False
2026-09-02T18:55:32Z,Bergen Basin,43,JA,0.0,0.05,34.41,0.7,0.1,False
2026-09-02T18:55:32Z,Bowery Bay,5,BB,0.0,0.29,11.25,1.06,0.1,False
2026-09-02T18:55:32Z,"Bronx River, Lower",6,HP,0.0,0.05,53.67,0.45,0.1,False
2026-09-02T18:55:32Z,Coney Island Creek,7,CI,0.0,0.05,69.6,0.3,0.1,False
2026-09-02T18:55:32Z,East River (near Steinway Creek),9,BB,0.0,0.54,14.96,0.9,0.1,False
2026-09-02T18:55:32Z,East River (near Throgs Neck),11,TI,0.0,1.0,3.0,1.47,0.1,False
2026-09-02T18:55:32Z,East River (RFK to Whitestone),10,TI,0.0,0.61,5.65,1.3,0.1,False
2026-09-02T18:55:32Z,"East River, Lower",8,NC,0.0,0.8,4.38,1.56,0.1,False
2026-09-02T18:55:32Z,Eastchester Bay,12,HP,0.0,1.53,1.51,1.62,0.1,False
2026-09-02T18:55:32Z,Erie Basin,13,RH,0.0,0.27,13.73,1.16,0.1,False
2026-09-02T18:55:32Z,Flushing Bay,14,BB,0.0,0.19,32.63,0.76,0.1,False
2026-09-02T18:55:32Z,Flushing Creek,15,TI,0.0,0.05,59.69,0.64,0.1,False
2026-09-02T18:55:32Z,Fresh Creek,16,26,0.0,0.05,30.38,0.67,0.1,False
2026-09-02T18:55:32Z,"Fresh Kills, Lower",17,PR,0.0,0.16,20.48,1.05,0.1,False
2026-09-02T18:55:32Z,"Fresh Kills, Upper",18,PR,0.0,0.15,39.81,0.81,0.1,False
2026-09-02T18:55:32Z,Gerritsen Creek,19,RK,0.0,0.4,7.9,1.07,0.1,False
2026-09-02T18:55:32Z,"Gowanus Canal, Inner",20,RH,0.0,0.23,15.08,1.09,0.1,False
2026-09-02T18:55:32Z,"Gowanus Canal, Outer",21,RH,0.0,0.46,28.85,0.92,0.1,False
2026-09-02T18:55:32Z,Gravesend Bay,30,OH,0.0,0.1,24.63,0.76,0.1,False
2026-09-02T18:55:32Z,Harlem River,22,WI,0.0,0.5,17.24,0.89,0.1,False
2026-09-02T18:55:32Z,Hendrix Creek,23,26,0.0,0.09,20.52,0.8,0.1,False
2026-09-02T18:55:32Z,Hudson River (Bronx),24,WI,0.0,0.62,4.38,0.79,0.1,False
2026-09-02T18:55:32Z,Hudson River (Manhattan),25,NR,0.0,0.41,8.4,1.16,0.1,False
2026-09-02T18:55:32Z,"Hutchinson River, Lower",26,HP,0.0,0.05,57.81,0.59,0.1,False
2026-09-02T18:55:32Z,Jamaica Bay (Brooklyn),27,26,0.0,1.46,1.43,1.97,0.1,False
2026-09-02T18:55:32Z,Jamaica Bay (Queens),42,JA,0.0,0.74,4.07,0.99,0.1,False
2026-09-02T18:55:32Z,Kill Van Kull,28,PR,0.0,0.44,9.88,1.46,0.1,False
2026-09-02T18:55:32Z,Little Neck Bay,29,TI,0.0,0.46,7.65,1.21,0.1,False
2026-09-02T18:55:32Z,Lower New York Bay,2,OB,0.0,1.3,2.06,1.45,0.1,False
2026-09-02T18:55:32Z,Mill Basin,31,CI,0.0,1.34,1.49,2.39,0.1,False
2026-09-02T18:55:32Z,Newark Bay,32,PR,0.0,0.39,11.52,1.43,0.1,False
2026-09-02T18:55:32Z,"Newtown Creek, Lower",34,NC,0.0,0.3,28.56,0.91,0.1,False
2026-09-02T18:55:32Z,"Newtown Creek, Upper",33,NC,0.0,0.23,49.45,0.78,0.1,False
2026-09-02T18:55:32Z,Paerdegat Basin,35,CI,0.0,0.38,11.25,1.38,0.1,False
2026-09-02T18:55:32Z,Powell Cove,36,TI,0.0,0.9,3.39,1.22,0.1,False
2026-09-02T18:55:32Z,Sheepshead Bay,37,CI,0.0,0.18,12.63,0.83,0.1,False
2026-09-02T18:55:32Z,Shellbank Basin,44,JA,0.0,0.34,10.55,1.15,0.1,False
2026-09-02T18:55:32Z,Spring Creek,38,26,0.0,0.64,11.14,1.08,0.1,False
2026-09-02T18:55:32Z,Thurston Basin,45,JA,0.0,0.05,32.63,0.79,0.1,False
2026-09-02T18:55:32Z,Upper New York Bay,39,OH,0.0,0.34,11.93,1.26,0.1,False
2026-09-02T18:55:32Z,Westchester Creek,40,HP,0.0,0.19,21.55,1.13,0.1,False
2026-09-02T18:55:32Z,Western Long Island Sound,41,HP,0.0,2.0,0.05,0.66,0.1,False
2026-09-02T21:44:55Z,Alley Creek,1,TI,0.28,0.05,37.04,0.62,0.1,True
2026-09-02T21:44:55Z,"Arthur Kill, Lower",3,OB,0.0,0.7,5.22,1.54,0.1,False
2026-09-02T21:44:55Z,"Arthur Kill, Upper",4,OB,0.0,0.1,23.08,0.83,0.1,False
2026-09-02T21:44:55Z,Bergen Basin,43,JA,0.14,0.05,34.41,0.7,0.1,True
2026-09-02T21:44:55Z,Bowery Bay,5,BB,0.21,0.29,11.25,1.06,0.1,False
2026-09-02T21:44:55Z,"Bronx River, Lower",6,HP,0.28,0.05,53.67,0.45,0.1,True
2026-09-02T21:44:55Z,Coney Island Creek,7,CI,0.02,0.05,69.6,0.3,0.1,False
2026-09-02T21:44:55Z,East River (near Steinway Creek),9,BB,0.21,0.54,14.96,0.9,0.1,False
2026-09-02T21:44:55Z,East River (near Throgs Neck),11,TI,0.28,1.0,3.0,1.47,0.1,False
2026-09-02T21:44:55Z,East River (RFK to Whitestone),10,TI,0.28,0.61,5.65,1.3,0.1,False
2026-09-02T21:44:55Z,"East River, Lower",8,NC,0.15,0.8,4.38,1.56,0.1,False
2026-09-02T21:44:55Z,Eastchester Bay,12,HP,0.28,1.53,1.51,1.62,0.1,False
2026-09-02T21:44:55Z,Erie Basin,13,RH,0.09,0.27,13.73,1.16,0.1,False
2026-09-02T21:44:55Z,Flushing Bay,14,BB,0.21,0.19,32.63,0.76,0.1,True
2026-09-02T21:44:55Z,Flushing Creek,15,TI,0.28,0.05,59.69,0.64,0.1,True
2026-09-02T21:44:55Z,Fresh Creek,16,26,0.04,0.05,30.38,0.67,0.1,False
2026-09-02T21:44:55Z,"Fresh Kills, Lower",17,PR,0.0,0.16,20.48,1.05,0.1,False
2026-09-02T21:44:55Z,"Fresh Kills, Upper",18,PR,0.0,0.15,39.81,0.81,0.1,False
2026-09-02T21:44:55Z,Gerritsen Creek,19,RK,0.1,0.4,7.9,1.07,0.1,False
2026-09-02T21:44:55Z,"Gowanus Canal, Inner",20,RH,0.09,0.23,15.08,1.09,0.1,False
2026-09-02T21:44:55Z,"Gowanus Canal, Outer",21,RH,0.09,0.46,28.85,0.92,0.1,False
2026-09-02T21:44:55Z,Gravesend Bay,30,OH,0.0,0.1,24.63,0.76,0.1,False
2026-09-02T21:44:55Z,Harlem River,22,WI,0.26,0.5,17.24,0.89,0.1,False
2026-09-02T21:44:55Z,Hendrix Creek,23,26,0.04,0.09,20.52,0.8,0.1,False
2026-09-02T21:44:55Z,Hudson River (Bronx),24,WI,0.26,0.62,4.38,0.79,0.1,False
2026-09-02T21:44:55Z,Hudson River (Manhattan),25,NR,0.28,0.41,8.4,1.16,0.1,False
2026-09-02T21:44:55Z,"Hutchinson River, Lower",26,HP,0.28,0.05,57.81,0.59,0.1,True
2026-09-02T21:44:55Z,Jamaica Bay (Brooklyn),27,26,0.04,1.46,1.43,1.97,0.1,False
2026-09-02T21:44:55Z,Jamaica Bay (Queens),42,JA,0.14,0.74,4.07,0.99,0.1,False
2026-09-02T21:44:55Z,Kill Van Kull,28,PR,0.0,0.44,9.88,1.46,0.1,False
2026-09-02T21:44:55Z,Little Neck Bay,29,TI,0.28,0.46,7.65,1.21,0.1,False
2026-09-02T21:44:55Z,Lower New York Bay,2,OB,0.0,1.3,2.06,1.45,0.1,False
2026-09-02T21:44:55Z,Mill Basin,31,CI,0.02,1.34,1.49,2.39,0.1,False
2026-09-02T21:44:55Z,Newark Bay,32,PR,0.0,0.39,11.52,1.43,0.1,False
2026-09-02T21:44:55Z,"Newtown Creek, Lower",34,NC,0.15,0.3,28.56,0.91,0.1,False
2026-09-02T21:44:55Z,"Newtown Creek, Upper",33,NC,0.15,0.23,49.45,0.78,0.1,False
2026-09-02T21:44:55Z,Paerdegat Basin,35,CI,0.02,0.38,11.25,1.38,0.1,False
2026-09-02T21:44:55Z,Powell Cove,36,TI,0.28,0.9,3.39,1.22,0.1,False
2026-09-02T21:44:55Z,Sheepshead Bay,37,CI,0.02,0.18,12.63,0.83,0.1,False
2026-09-02T21:44:55Z,Shellbank Basin,44,JA,0.14,0.34,10.55,1.15,0.1,False
2026-09-02T21:44:55Z,Spring Creek,38,26,0.04,0.64,11.14,1.08,0.1,False
2026-09-02T21:44:55Z,Thurston Basin,45,JA,0.14,0.05,32.63,0.79,0.1,True
2026-09-02T21:44:55Z,Upper New York Bay,39,OH,0.0,0.34,11.93,1.26,0.1,False
2026-09-02T21:44:55Z,Westchester Creek,40,HP,0.28,0.19,21.55,1.13,0.1,True
2026-09-02T21:44:55Z,Western Long Island Sound,41,HP,0.28,2.0,0.05,0.66,0.1,False
2026-09-03T00:04:09Z,Alley Creek,1,TI,0.0,0.05,37.04,0.62,0.1,False
2026-09-03T00:04:09Z,"Arthur Kill, Lower",3,OB,0.0,0.7,5.22,1.54,0.1,False
2026-09-03T00:04:09Z,"Arthur Kill, Upper",4,OB,0.0,0.1,23.08,0.83,0.1,False
2026-09-03T00:04:09Z,Bergen Basin,43,JA,0.0,0.05,34.41,0.7,0.1,False
2026-09-03T00:04:09Z,Bowery Bay,5,BB,0.0,0.29,11.25,1.06,0.1,False
2026-09-03T00:04:09Z,"Bronx River, Lower",6,HP,0.0,0.05,53.67,0.45,0.1,False
2026-09-03T00:04:09Z,Coney Island Creek,7,CI,0.0,0.05,69.6,0.3,0.1,False
2026-09-03T00:04:09Z,East River (near Steinway Creek),9,BB,0.0,0.54,14.96,0.9,0.1,False
2026-09-03T00:04:09Z,East River (near Throgs Neck),11,TI,0.0,1.0,3.0,1.47,0.1,False
2026-09-03T00:04:09Z,East River (RFK to Whitestone),10,TI,0.0,0.61,5.65,1.3,0.1,False
2026-09-03T00:04:09Z,"East River, Lower",8,NC,0.0,0.8,4.38,1.56,0.1,False
2026-09-03T00:04:09Z,Eastchester Bay,12,HP,0.0,1.53,1.51,1.62,0.1,False
2026-09-03T00:04:09Z,Erie Basin,13,RH,0.0,0.27,13.73,1.16,0.1,False
2026-09-03T00:04:09Z,Flushing Bay,14,BB,0.0,0.19,32.63,0.76,0.1,False
2026-09-03T00:04:09Z,Flushing Creek,15,TI,0.0,0.05,59.69,0.64,0.1,False
2026-09-03T00:04:09Z,Fresh Creek,16,26,0.0,0.05,30.38,0.67,0.1,False
2026-09-03T00:04:09Z,"Fresh Kills, Lower",17,PR,0.0,0.16,20.48,1.05,0.1,False
2026-09-03T00:04:09Z,"Fresh Kills, Upper",18,PR,0.0,0.15,39.81,0.81,0.1,False
2026-09-03T00:04:09Z,Gerritsen Creek,19,RK,0.0,0.4,7.9,1.07,0.1,False
2026-09-03T00:04:09Z,"Gowanus Canal, Inner",20,RH,0.0,0.23,15.08,1.09,0.1,False
2026-09-03T00:04:09Z,"Gowanus Canal, Outer",21,RH,0.0,0.46,28.85,0.92,0.1,False
2026-09-03T00:04:09Z,Gravesend Bay,30,OH,0.0,0.1,24.63,0.76,0.1,False
2026-09-03T00:04:09Z,Harlem River,22,WI,0.0,0.5,17.24,0.89,0.1,False
2026-09-03T00:04:09Z,Hendrix Creek,23,26,0.0,0.09,20.52,0.8,0.1,False
2026-09-03T00:04:09Z,Hudson River (Bronx),24,WI,0.0,0.62,4.38,0.79,0.1,False
2026-09-03T00:04:09Z,Hudson River (Manhattan),25,NR,0.0,0.41,8.4,1.16,0.1,False
2026-09-03T00:04:09Z,"Hutchinson River, Lower",26,HP,0.0,0.05,57.81,0.59,0.1,False
2026-09-03T00:04:09Z,Jamaica Bay (Brooklyn),27,26,0.0,1.46,1.43,1.97,0.1,False
2026-09-03T00:04:09Z,Jamaica Bay (Queens),42,JA,0.0,0.74,4.07,0.99,0.1,False
2026-09-03T00:04:09Z,Kill Van Kull,28,PR,0.0,0.44,9.88,1.46,0.1,False
2026-09-03T00:04:09Z,Little Neck Bay,29,TI,0.0,0.46,7.65,1.21,0.1,False
2026-09-03T00:04:09Z,Lower New York Bay,2,OB,0.0,1.3,2.06,1.45,0.1,False
2026-09-03T00:04:09Z,Mill Basin,31,CI,0.0,1.34,1.49,2.39,0.1,False
2026-09-03T00:04:09Z,Newark Bay,32,PR,0.0,0.39,11.52,1.43,0.1,False
2026-09-03T00:04:09Z,"Newtown Creek, Lower",34,NC,0.0,0.3,28.56,0.91,0.1,False
2026-09-03T00:04:09Z,"Newtown Creek, Upper",33,NC,0.0,0.23,49.45,0.78,0.1,False
2026-09-03T00:04:09Z,Paerdegat Basin,35,CI,0.0,0.38,11.25,1.38,0.1,False
2026-09-03T00:04:09Z,Powell Cove,36,TI,0.0,0.9,3.39,1.22,0.1,False
2026-09-03T00:04:09Z,Sheepshead Bay,37,CI,0.0,0.18,12.63,0.83,0.1,False
2026-09-03T00:04:09Z,Shellbank Basin,44,JA,0.0,0.34,10.55,1.15,0.1,False
2026-09-03T00:04:09Z,Spring Creek,38,26,0.0,0.64,11.14,1.08,0.1,False
2026-09-03T00:04:09Z,Thurston Basin,45,JA,0.0,0.05,32.63,0.79,0.1,False
2026-09-03T00:04:09Z,Upper New York Bay,39,OH,0.0,0.34,11.93,1.26,0.1,False
2026-09-03T00:04:09Z,Westchester Creek,40,HP,0.0,0.19,21.55,1.13,0.1,False
2026-09-03T00:04:09Z,Western Long Island Sound,41,HP,0.0,2.0,0.05,0.66,0.1,False
2026-09-03T04:15:20Z,Alley Creek,1,TI,0.0,0.05,37.04,0.62,0.1,False
2026-09-03T04:15:20Z,"Arthur Kill, Lower",3,OB,0.0,0.7,5.22,1.54,0.1,False
2026-09-03T04:15:20Z,"Arthur Kill, Upper",4,OB,0.0,0.1,23.08,0.83,0.1,False
2026-09-03T04:15:20Z,Bergen Basin,43,JA,0.0,0.05,34.41,0.7,0.1,False
2026-09-03T04:15:20Z,Bowery Bay,5,BB,0.0,0.29,11.25,1.06,0.1,False
2026-09-03T04:15:20Z,"Bronx River, Lower",6,HP,0.0,0.05,53.67,0.45,0.1,False
2026-09-03T04:15:20Z,Coney Island Creek,7,CI,0.0,0.05,69.6,0.3,0.1,False
2026-09-03T04:15:20Z,East River (near Steinway Creek),9,BB,0.0,0.54,14.96,0.9,0.1,False
2026-09-03T04:15:20Z,East River (near Throgs Neck),11,TI,0.0,1.0,3.0,1.47,0.1,False
2026-09-03T04:15:20Z,East River (RFK to Whitestone),10,TI,0.0,0.61,5.65,1.3,0.1,False
2026-09-03T04:15:20Z,"East River, Lower",8,NC,0.0,0.8,4.38,1.56,0.1,False
2026-09-03T04:15:20Z,Eastchester Bay,12,HP,0.0,1.53,1.51,1.62,0.1,False
2026-09-03T04:15:20Z,Erie Basin,13,RH,0.0,0.27,13.73,1.16,0.1,False
2026-09-03T04:15:20Z,Flushing Bay,14,BB,0.0,0.19,32.63,0.76,0.1,False
2026-09-03T04:15:20Z,Flushing Creek,15,TI,0.0,0.05,59.69,0.64,0.1,False
2026-09-03T04:15:20Z,Fresh Creek,16,26,0.0,0.05,30.38,0.67,0.1,False
2026-09-03T04:15:20Z,"Fresh Kills, Lower",17,PR,0.0,0.16,20.48,1.05,0.1,False
2026-09-03T04:15:20Z,"Fresh Kills, Upper",18,PR,0.0,0.15,39.81,0.81,0.1,False
2026-09-03T04:15:20Z,Gerritsen Creek,19,RK,0.0,0.4,7.9,1.07,0.1,False
2026-09-03T04:15:20Z,"Gowanus Canal, Inner",20,RH,0.0,0.23,15.08,1.09,0.1,False
2026-09-03T04:15:20Z,"Gowanus Canal, Outer",21,RH,0.0,0.46,28.85,0.92,0.1,False
2026-09-03T04:15:20Z,Gravesend Bay,30,OH,0.0,0.1,24.63,0.76,0.1,False
2026-09-03T04:15:20Z,Harlem River,22,WI,0.0,0.5,17.24,0.89,0.1,False
2026-09-03T04:15:20Z,Hendrix Creek,23,26,0.0,0.09,20.52,0.8,0.1,False
2026-09-03T04:15:20Z,Hudson River (Bronx),24,WI,0.0,0.62,4.38,0.79,0.1,False
2026-09-03T04:15:20Z,Hudson River (Manhattan),25,NR,0.0,0.41,8.4,1.16,0.1,False
2026-09-03T04:15:20Z,"Hutchinson River, Lower",26,HP,0.0,0.05,57.81,0.59,0.1,False
2026-09-03T04:15:20Z,Jamaica Bay (Brooklyn),27,26,0.0,1.46,1.43,1.97,0.1,False
2026-09-03T04:15:20Z,Jamaica Bay (Queens),42,JA,0.0,0.74,4.07,0.99,0.1,False
2026-09-03T04:15:20Z,Kill Van Kull,28,PR,0.0,0.44,9.88,1.46,0.1,False
2026-09-03T04:15:20Z,Little Neck Bay,29,TI,0.0,0.46,7.65,1.21,0.1,False
2026-09-03T04:15:20Z,Lower New York Bay,2,OB,0.0,1.3,2.06,1.45,0.1,False
2026-09-03T04:15:20Z,Mill Basin,31,CI,0.0,1.34,1.49,2.39,0.1,False
2026-09-03T04:15:20Z,Newark Bay,32,PR,0.0,0.39,11.52,1.43,0.1,False
2026-09-03T04:15:20Z,"Newtown Creek, Lower",34,NC,0.0,0.3,28.56,0.91,0.1,False
2026-09-03T04:15:20Z,"Newtown Creek, Upper",33,NC,0.0,0.23,49.45,0.78,0.1,False
2026-09-03T04:15:20Z,Paerdegat Basin,35,CI,0.0,0.38,11.25,1.38,0.1,False
2026-09-03T04:15:20Z,Powell Cove,36,TI,0.0,0.9,3.39,1.22,0.1,False
2026-09-03T04:15:20Z,Sheepshead Bay,37,CI,0.0,0.18,12.63,0.83,0.1,False
2026-09-03T04:15:20Z,Shellbank Basin,44,JA,0.0,0.34,10.55,1.15,0.1,False
2026-09-03T04:15:20Z,Spring Creek,38,26,0.0,0.64,11.14,1.08,0.1,False
2026-09-03T04:15:20Z,Thurston Basin,45,JA,0.0,0.05,32.63,0.79,0.1,False
2026-09-03T04:15:20Z,Upper New York Bay,39,OH,0.0,0.34,11.93,1.26,0.1,False
2026-09-03T04:15:20Z,Westchester Creek,40,HP,0.0,0.19,21.55,1.13,0.1,False
2026-09-03T04:15:20Z,Western Long Island Sound,41,HP,0.0,2.0,0.05,0.66,0.1,False
2026-09-03T09:07:54Z,Alley Creek,1,TI,0.03,0.05,37.04,0.62,0.1,False
2026-09-03T09:07:54Z,"Arthur Kill, Lower",3,OB,0.03,0.7,5.22,1.54,0.1,False
2026-09-03T09:07:54Z,"Arthur Kill, Upper",4,OB,0.03,0.1,23.08,0.83,0.1,False
2026-09-03T09:07:54Z,Bergen Basin,43,JA,0.06,0.05,34.41,0.7,0.1,True
2026-09-03T09:07:54Z,Bowery Bay,5,BB,0.04,0.29,11.25,1.06,0.1,False
2026-09-03T09:07:54Z,"Bronx River, Lower",6,HP,0.03,0.05,53.67,0.45,0.1,False
2026-09-03T09:07:54Z,Coney Island Creek,7,CI,0.03,0.05,69.6,0.3,0.1,False
2026-09-03T09:07:54Z,East River (near Steinway Creek),9,BB,0.04,0.54,14.96,0.9,0.1,False
2026-09-03T09:07:54Z,East River (near Throgs Neck),11,TI,0.03,1.0,3.0,1.47,0.1,False
2026-09-03T09:07:54Z,East River (RFK to Whitestone),10,TI,0.03,0.61,5.65,1.3,0.1,False
2026-09-03T09:07:54Z,"East River, Lower",8,NC,0.04,0.8,4.38,1.56,0.1,False
2026-09-03T09:07:54Z,Eastchester Bay,12,HP,0.03,1.53,1.51,1.62,0.1,False
2026-09-03T09:07:54Z,Erie Basin,13,RH,0.05,0.27,13.73,1.16,0.1,False
2026-09-03T09:07:54Z,Flushing Bay,14,BB,0.04,0.19,32.63,0.76,0.1,False
2026-09-03T09:07:54Z,Flushing Creek,15,TI,0.03,0.05,59.69,0.64,0.1,False
2026-09-03T09:07:54Z,Fresh Creek,16,26,0.06,0.05,30.38,0.67,0.1,True
2026-09-03T09:07:54Z,"Fresh Kills, Lower",17,PR,0.07,0.16,20.48,1.05,0.1,False
2026-09-03T09:07:54Z,"Fresh Kills, Upper",18,PR,0.07,0.15,39.81,0.81,0.1,False
2026-09-03T09:07:54Z,Gerritsen Creek,19,RK,0.05,0.4,7.9,1.07,0.1,False
2026-09-03T09:07:54Z,"Gowanus Canal, Inner",20,RH,0.05,0.23,15.08,1.09,0.1,False
2026-09-03T09:07:54Z,"Gowanus Canal, Outer",21,RH,0.05,0.46,28.85,0.92,0.1,False
2026-09-03T09:07:54Z,Gravesend Bay,30,OH,0.05,0.1,24.63,0.76,0.1,False
2026-09-03T09:07:54Z,Harlem River,22,WI,0.03,0.5,17.24,0.89,0.1,False
2026-09-03T09:07:54Z,Hendrix Creek,23,26,0.06,0.09,20.52,0.8,0.1,False
2026-09-03T09:07:54Z,Hudson River (Bronx),24,WI,0.03,0.62,4.38,0.79,0.1,False
2026-09-03T09:07:54Z,Hudson River (Manhattan),25,NR,0.02,0.41,8.4,1.16,0.1,False
2026-09-03T09:07:54Z,"Hutchinson River, Lower",26,HP,0.03,0.05,57.81,0.59,0.1,False
2026-09-03T09:07:54Z,Jamaica Bay (Brooklyn),27,26,0.06,1.46,1.43,1.97,0.1,False
2026-09-03T09:07:54Z,Jamaica Bay (Queens),42,JA,0.06,0.74,4.07,0.99,0.1,False
2026-09-03T09:07:54Z,Kill Van Kull,28,PR,0.07,0.44,9.88,1.46,0.1,False
2026-09-03T09:07:54Z,Little Neck Bay,29,TI,0.03,0.46,7.65,1.21,0.1,False
2026-09-03T09:07:54Z,Lower New York Bay,2,OB,0.03,1.3,2.06,1.45,0.1,False
2026-09-03T09:07:54Z,Mill Basin,31,CI,0.03,1.34,1.49,2.39,0.1,False
2026-09-03T09:07:54Z,Newark Bay,32,PR,0.07,0.39,11.52,1.43,0.1,False
2026-09-03T09:07:54Z,"Newtown Creek, Lower",34,NC,0.04,0.3,28.56,0.91,0.1,False
2026-09-03T09:07:54Z,"Newtown Creek, Upper",33,NC,0.04,0.23,49.45,0.78,0.1,False
2026-09-03T09:07:54Z,Paerdegat Basin,35,CI,0.03,0.38,11.25,1.38,0.1,False
2026-09-03T09:07:54Z,Powell Cove,36,TI,0.03,0.9,3.39,1.22,0.1,False
2026-09-03T09:07:54Z,Sheepshead Bay,37,CI,0.03,0.18,12.63,0.83,0.1,False
2026-09-03T09:07:54Z,Shellbank Basin,44,JA,0.06,0.34,10.55,1.15,0.1,False
2026-09-03T09:07:54Z,Spring Creek,38,26,0.06,0.64,11.14,1.08,0.1,False
2026-09-03T09:07:54Z,Thurston Basin,45,JA,0.06,0.05,32.63,0.79,0.1,True
2026-09-03T09:07:54Z,Upper New York Bay,39,OH,0.05,0.34,11.93,1.26,0.1,False
2026-09-03T09:07:54Z,Westchester Creek,40,HP,0.03,0.19,21.55,1.13,0.1,False
2026-09-03T09:07:54Z,Western Long Island Sound,41,HP,0.03,2.0,0.05,0.66,0.1,False
2026-09-03T13:49:42Z,Alley Creek,1,TI,0.0,0.05,37.04,0.62,0.1,False
2026-09-03T13:49:42Z,"Arthur Kill, Lower",3,OB,0.0,0.7,5.22,1.54,0.1,False
2026-09-03T13:49:42Z,"Arthur Kill, Upper",4,OB,0.0,0.1,23.08,0.83,0.1,False
2026-09-03T13:49:42Z,Bergen Basin,43,JA,0.0,0.05,34.41,0.7,0.1,False
2026-09-03T13:49:42Z,Bowery Bay,5,BB,0.0,0.29,11.25,1.06,0.1,False
2026-09-03T13:49:42Z,"Bronx River, Lower",6,HP,0.0,0.05,53.67,0.45,0.1,False
2026-09-03T13:49:42Z,Coney Island Creek,7,CI,0.0,0.05,69.6,0.3,0.1,False
2026-09-03T13:49:42Z,East River (near Steinway Creek),9,BB,0.0,0.54,14.96,0.9,0.1,False
2026-09-03T13:49:42Z,East River (near Throgs Neck),11,TI,0.0,1.0,3.0,1.47,0.1,False
2026-09-03T13:49:42Z,East River (RFK to Whitestone),10,TI,0.0,0.61,5.65,1.3,0.1,False
2026-09-03T13:49:42Z,"East River, Lower",8,NC,0.0,0.8,4.38,1.56,0.1,False
2026-09-03T13:49:42Z,Eastchester Bay,12,HP,0.0,1.53,1.51,1.62,0.1,False
2026-09-03T13:49:42Z,Erie Basin,13,RH,0.0,0.27,13.73,1.16,0.1,False
2026-09-03T13:49:42Z,Flushing Bay,14,BB,0.0,0.19,32.63,0.76,0.1,False
2026-09-03T13:49:42Z,Flushing Creek,15,TI,0.0,0.05,59.69,0.64,0.1,False
2026-09-03T13:49:42Z,Fresh Creek,16,26,0.0,0.05,30.38,0.67,0.1,False
2026-09-03T13:49:42Z,"Fresh Kills, Lower",17,PR,0.0,0.16,20.48,1.05,0.1,False
2026-09-03T13:49:42Z,"Fresh Kills, Upper",18,PR,0.0,0.15,39.81,0.81,0.1,False
2026-09-03T13:49:42Z,Gerritsen Creek,19,RK,0.0,0.4,7.9,1.07,0.1,False
2026-09-03T13:49:42Z,"Gowanus Canal, Inner",20,RH,0.0,0.23,15.08,1.09,0.1,False
2026-09-03T13:49:42Z,"Gowanus Canal, Outer",21,RH,0.0,0.46,28.85,0.92,0.1,False
2026-09-03T13:49:42Z,Gravesend Bay,30,OH,0.0,0.1,24.63,0.76,0.1,False
2026-09-03T13:49:42Z,Harlem River,22,WI,0.0,0.5,17.24,0.89,0.1,False
2026-09-03T13:49:42Z,Hendrix Creek,23,26,0.0,0.09,20.52,0.8,0.1,False
2026-09-03T13:49:42Z,Hudson River (Bronx),24,WI,0.0,0.62,4.38,0.79,0.1,False
2026-09-03T13:49:42Z,Hudson River (Manhattan),25,NR,0.0,0.41,8.4,1.16,0.1,False
2026-09-03T13:49:42Z,"Hutchinson River, Lower",26,HP,0.0,0.05,57.81,0.59,0.1,False
2026-09-03T13:49:42Z,Jamaica Bay (Brooklyn),27,26,0.0,1.46,1.43,1.97,0.1,False
2026-09-03T13:49:42Z,Jamaica Bay (Queens),42,JA,0.0,0.74,4.07,0.99,0.1,False
2026-09-03T13:49:42Z,Kill Van Kull,28,PR,0.0,0.44,9.88,1.46,0.1,False
2026-09-03T13:49:42Z,Little Neck Bay,29,TI,0.0,0.46,7.65,1.21,0.1,False
2026-09-03T13:49:42Z,Lower New York Bay,2,OB,0.0,1.3,2.06,1.45,0.1,False
2026-09-03T13:49:42Z,Mill Basin,31,CI,0.0,1.34,1.49,2.39,0.1,False
2026-09-03T13:49:42Z,Newark Bay,32,PR,0.0,0.39,11.52,1.43,0.1,False
2026-09-03T13:49:42Z,"Newtown Creek, Lower",34,NC,0.0,0.3,28.56,0.91,0.1,False
2026-09-03T13:49:42Z,"Newtown Creek, Upper",33,NC,0.0,0.23,49.45,0.78,0.1,False
2026-09-03T13:49:42Z,Paerdegat Basin,35,CI,0.0,0.38,11.25,1.38,0.1,False
2026-09-03T13:49:42Z,Powell Cove,36,TI,0.0,0.9,3.39,1.22,0.1,False
2026-09-03T13:49:42Z,Sheepshead Bay,37,CI,0.0,0.18,12.63,0.83,0.1,False
2026-09-03T13:49:42Z,Shellbank Basin,44,JA,0.0,0.34,10.55,1.15,0.1,False
2026-09-03T13:49:42Z,Spring Creek,38,26,0.0,0.64,11.14,1.08,0.1,False
2026-09-03T13:49:42Z,Thurston Basin,45,JA,0.0,0.05,32.63,0.79,0.1,False
2026-09-03T13:49:42Z,Upper New York Bay,39,OH,0.0,0.34,11.93,1.26,0.1,False
2026-09-03T13:49:42Z,Westchester Creek,40,HP,0.0,0.19,21.55,1.13,0.1,False
2026-09-03T13:49:42Z,Western Long Island Sound,41,HP,0.0,2.0,0.05,0.66,0.1,False
2026-09-03T17:47:53Z,Alley Creek,1,TI,0.0,0.05,37.04,0.62,0.1,False
2026-09-03T17:47:53Z,"Arthur Kill, Lower",3,OB,0.0,0.7,5.22,1.54,0.1,False
2026-09-03T17:47:53Z,"Arthur Kill, Upper",4,OB,0.0,0.1,23.08,0.83,0.1,False
2026-09-03T17:47:53Z,Bergen Basin,43,JA,0.0,0.05,34.41,0.7,0.1,False
2026-09-03T17:47:53Z,Bowery Bay,5,BB,0.0,0.29,11.25,1.06,0.1,False
2026-09-03T17:47:53Z,"Bronx River, Lower",6,HP,0.0,0.05,53.67,0.45,0.1,False
2026-09-03T17:47:53Z,Coney Island Creek,7,CI,0.0,0.05,69.6,0.3,0.1,False
2026-09-03T17:47:53Z,East River (near Steinway Creek),9,BB,0.0,0.54,14.96,0.9,0.1,False
2026-09-03T17:47:53Z,East River (near Throgs Neck),11,TI,0.0,1.0,3.0,1.47,0.1,False
2026-09-03T17:47:53Z,East River (RFK to Whitestone),10,TI,0.0,0.61,5.65,1.3,0.1,False
2026-09-03T17:47:53Z,"East River, Lower",8,NC,0.0,0.8,4.38,1.56,0.1,False
2026-09-03T17:47:53Z,Eastchester Bay,12,HP,0.0,1.53,1.51,1.62,0.1,False
2026-09-03T17:47:53Z,Erie Basin,13,RH,0.0,0.27,13.73,1.16,0.1,False
2026-09-03T17:47:53Z,Flushing Bay,14,BB,0.0,0.19,32.63,0.76,0.1,False
2026-09-03T17:47:53Z,Flushing Creek,15,TI,0.0,0.05,59.69,0.64,0.1,False
2026-09-03T17:47:53Z,Fresh Creek,16,26,0.0,0.05,30.38,0.67,0.1,False
2026-09-03T17:47:53Z,"Fresh Kills, Lower",17,PR,0.0,0.16,20.48,1.05,0.1,False
2026-09-03T17:47:53Z,"Fresh Kills, Upper",18,PR,0.0,0.15,39.81,0.81,0.1,False
2026-09-03T17:47:53Z,Gerritsen Creek,19,RK,0.0,0.4,7.9,1.07,0.1,False
2026-09-03T17:47:53Z,"Gowanus Canal, Inner",20,RH,0.0,0.23,15.08,1.09,0.1,False
2026-09-03T17:47:53Z,"Gowanus Canal, Outer",21,RH,0.0,0.46,28.85,0.92,0.1,False
2026-09-03T17:47:53Z,Gravesend Bay,30,OH,0.0,0.1,24.63,0.76,0.1,False
2026-09-03T17:47:53Z,Harlem River,22,WI,0.0,0.5,17.24,0.89,0.1,False
2026-09-03T17:47:53Z,Hendrix Creek,23,26,0.0,0.09,20.52,0.8,0.1,False
2026-09-03T17:47:53Z,Hudson River (Bronx),24,WI,0.0,0.62,4.38,0.79,0.1,False
2026-09-03T17:47:53Z,Hudson River (Manhattan),25,NR,0.0,0.41,8.4,1.16,0.1,False
2026-09-03T17:47:53Z,"Hutchinson River, Lower",26,HP,0.0,0.05,57.81,0.59,0.1,False
2026-09-03T17:47:53Z,Jamaica Bay (Brooklyn),27,26,0.0,1.46,1.43,1.97,0.1,False
2026-09-03T17:47:53Z,Jamaica Bay (Queens),42,JA,0.0,0.74,4.07,0.99,0.1,False
2026-09-03T17:47:53Z,Kill Van Kull,28,PR,0.0,0.44,9.88,1.46,0.1,False
2026-09-03T17:47:53Z,Little Neck Bay,29,TI,0.0,0.46,7.65,1.21,0.1,False
2026-09-03T17:47:53Z,Lower New York Bay,2,OB,0.0,1.3,2.06,1.45,0.1,False
2026-09-03T17:47:53Z,Mill Basin,31,CI,0.0,1.34,1.49,2.39,0.1,False
2026-09-03T17:47:53Z,Newark Bay,32,PR,0.0,0.39,11.52,1.43,0.1,False
2026-09-03T17:47:53Z,"Newtown Creek, Lower",34,NC,0.0,0.3,28.56,0.91,0.1,False
2026-09-03T17:47:53Z,"Newtown Creek, Upper",33,NC,0.0,0.23,49.45,0.78,0.1,False
2026-09-03T17:47:53Z,Paerdegat Basin,35,CI,0.0,0.38,11.25,1.38,0.1,False
2026-09-03T17:47:53Z,Powell Cove,36,TI,0.0,0.9,3.39,1.22,0.1,False
2026-09-03T17:47:53Z,Sheepshead Bay,37,CI,0.0,0.18,12.63,0.83,0.1,False
2026-09-03T17:47:53Z,Shellbank Basin,44,JA,0.0,0.34,10.55,1.15,0.1,False
2026-09-03T17:47:53Z,Spring Creek,38,26,0.0,0.64,11.14,1.08,0.1,False
2026-09-03T17:47:53Z,Thurston Basin,45,JA,0.0,0.05,32.63,0.79,0.1,False
2026-09-03T17:47:53Z,Upper New York Bay,39,OH,0.0,0.34,11.93,1.26,0.1,False
2026-09-03T17:47:53Z,Westchester Creek,40,HP,0.0,0.19,21.55,1.13,0.1,False
2026-09-03T17:47:53Z,Western Long Island Sound,41,HP,0.0,2.0,0.05,0.66,0.1,False
2026-09-03T20:55:36Z,Alley Creek,1,TI,0.0,0.05,37.04,0.62,0.1,False
2026-09-03T20:55:36Z,"Arthur Kill, Lower",3,OB,0.0,0.7,5.22,1.54,0.1,False
2026-09-03T20:55:36Z,"Arthur Kill, Upper",4,OB,0.0,0.1,23.08,0.83,0.1,False
2026-09-03T20:55:36Z,Bergen Basin,43,JA,0.0,0.05,34.41,0.7,0.1,False
2026-09-03T20:55:36Z,Bowery Bay,5,BB,0.0,0.29,11.25,1.06,0.1,False
2026-09-03T20:55:36Z,"Bronx River, Lower",6,HP,0.0,0.05,53.67,0.45,0.1,False
2026-09-03T20:55:36Z,Coney Island Creek,7,CI,0.0,0.05,69.6,0.3,0.1,False
2026-09-03T20:55:36Z,East River (near Steinway Creek),9,BB,0.0,0.54,14.96,0.9,0.1,False
2026-09-03T20:55:36Z,East River (near Throgs Neck),11,TI,0.0,1.0,3.0,1.47,0.1,False
2026-09-03T20:55:36Z,East River (RFK to Whitestone),10,TI,0.0,0.61,5.65,1.3,0.1,False
2026-09-03T20:55:36Z,"East River, Lower",8,NC,0.0,0.8,4.38,1.56,0.1,False
2026-09-03T20:55:36Z,Eastchester Bay,12,HP,0.0,1.53,1.51,1.62,0.1,False
2026-09-03T20:55:36Z,Erie Basin,13,RH,0.0,0.27,13.73,1.16,0.1,False
2026-09-03T20:55:36Z,Flushing Bay,14,BB,0.0,0.19,32.63,0.76,0.1,False
2026-09-03T20:55:36Z,Flushing Creek,15,TI,0.0,0.05,59.69,0.64,0.1,False
2026-09-03T20:55:36Z,Fresh Creek,16,26,0.0,0.05,30.38,0.67,0.1,False
2026-09-03T20:55:36Z,"Fresh Kills, Lower",17,PR,0.0,0.16,20.48,1.05,0.1,False
2026-09-03T20:55:36Z,"Fresh Kills, Upper",18,PR,0.0,0.15,39.81,0.81,0.1,False
2026-09-03T20:55:36Z,Gerritsen Creek,19,RK,0.0,0.4,7.9,1.07,0.1,False
2026-09-03T20:55:36Z,"Gowanus Canal, Inner",20,RH,0.0,0.23,15.08,1.09,0.1,False
2026-09-03T20:55:36Z,"Gowanus Canal, Outer",21,RH,0.0,0.46,28.85,0.92,0.1,False
2026-09-03T20:55:36Z,Gravesend Bay,30,OH,0.0,0.1,24.63,0.76,0.1,False
2026-09-03T20:55:36Z,Harlem River,22,WI,0.0,0.5,17.24,0.89,0.1,False
2026-09-03T20:55:36Z,Hendrix Creek,23,26,0.0,0.09,20.52,0.8,0.1,False
2026-09-03T20:55:36Z,Hudson River (Bronx),24,WI,0.0,0.62,4.38,0.79,0.1,False
2026-09-03T20:55:36Z,Hudson River (Manhattan),25,NR,0.0,0.41,8.4,1.16,0.1,False
2026-09-03T20:55:36Z,"Hutchinson River, Lower",26,HP,0.0,0.05,57.81,0.59,0.1,False
2026-09-03T20:55:36Z,Jamaica Bay (Brooklyn),27,26,0.0,1.46,1.43,1.97,0.1,False
2026-09-03T20:55:36Z,Jamaica Bay (Queens),42,JA,0.0,0.74,4.07,0.99,0.1,False
2026-09-03T20:55:36Z,Kill Van Kull,28,PR,0.0,0.44,9.88,1.46,0.1,False
2026-09-03T20:55:36Z,Little Neck Bay,29,TI,0.0,0.46,7.65,1.21,0.1,False
2026-09-03T20:55:36Z,Lower New York Bay,2,OB,0.0,1.3,2.06,1.45,0.1,False
2026-09-03T20:55:36Z,Mill Basin,31,CI,0.0,1.34,1.49,2.39,0.1,False
2026-09-03T20:55:36Z,Newark Bay,32,PR,0.0,0.39,11.52,1.43,0.1,False
2026-09-03T20:55:36Z,"Newtown Creek, Lower",34,NC,0.0,0.3,28.56,0.91,0.1,False
2026-09-03T20:55:36Z,"Newtown Creek, Upper",33,NC,0.0,0.23,49.45,0.78,0.1,False
2026-09-03T20:55:36Z,Paerdegat Basin,35,CI,0.0,0.38,11.25,1.38,0.1,False
2026-09-03T20:55:36Z,Powell Cove,36,TI,0.0,0.9,3.39,1.22,0.1,False
2026-09-03T20:55:36Z,Sheepshead Bay,37,CI,0.0,0.18,12.63,0.83,0.1,False
2026-09-03T20:55:36Z,Shellbank Basin,44,JA,0.0,0.34,10.55,1.15,0.1,False
2026-09-03T20:55:36Z,Spring Creek,38,26,0.0,0.64,11.14,1.08,0.1,False
2026-09-03T20:55:36Z,Thurston Basin,45,JA,0.0,0.05,32.63,0.79,0.1,False
2026-09-03T20:55:36Z,Upper New York Bay,39,OH,0.0,0.34,11.93,1.26,0.1,False
2026-09-03T20:55:36Z,Westchester Creek,40,HP,0.0,0.19,21.55,1.13,0.1,False
2026-09-03T20:55:36Z,Western Long Island Sound,41,HP,0.0,2.0,0.05,0.66,0.1,False
2026-09-03T23:13:13Z,Alley Creek,1,TI,0.0,0.05,37.04,0.62,0.1,False
2026-09-03T23:13:13Z,"Arthur Kill, Lower",3,OB,0.0,0.7,5.22,1.54,0.1,False
2026-09-03T23:13:13Z,"Arthur Kill, Upper",4,OB,0.0,0.1,23.08,0.83,0.1,False
2026-09-03T23:13:13Z,Bergen Basin,43,JA,0.0,0.05,34.41,0.7,0.1,False
2026-09-03T23:13:13Z,Bowery Bay,5,BB,0.0,0.29,11.25,1.06,0.1,False
2026-09-03T23:13:13Z,"Bronx River, Lower",6,HP,0.0,0.05,53.67,0.45,0.1,False
2026-09-03T23:13:13Z,Coney Island Creek,7,CI,0.0,0.05,69.6,0.3,0.1,False
2026-09-03T23:13:13Z,East River (near Steinway Creek),9,BB,0.0,0.54,14.96,0.9,0.1,False
2026-09-03T23:13:13Z,East River (near Throgs Neck),11,TI,0.0,1.0,3.0,1.47,0.1,False
2026-09-03T23:13:13Z,East River (RFK to Whitestone),10,TI,0.0,0.61,5.65,1.3,0.1,False
2026-09-03T23:13:13Z,"East River, Lower",8,NC,0.0,0.8,4.38,1.56,0.1,False
2026-09-03T23:13:13Z,Eastchester Bay,12,HP,0.0,1.53,1.51,1.62,0.1,False
2026-09-03T23:13:13Z,Erie Basin,13,RH,0.0,0.27,13.73,1.16,0.1,False
2026-09-03T23:13:13Z,Flushing Bay,14,BB,0.0,0.19,32.63,0.76,0.1,False
2026-09-03T23:13:13Z,Flushing Creek,15,TI,0.0,0.05,59.69,0.64,0.1,False
2026-09-03T23:13:13Z,Fresh Creek,16,26,0.0,0.05,30.38,0.67,0.1,False
2026-09-03T23:13:13Z,"Fresh Kills, Lower",17,PR,0.0,0.16,20.48,1.05,0.1,False
2026-09-03T23:13:13Z,"Fresh Kills, Upper",18,PR,0.0,0.15,39.81,0.81,0.1,False
2026-09-03T23:13:13Z,Gerritsen Creek,19,RK,0.0,0.4,7.9,1.07,0.1,False
2026-09-03T23:13:13Z,"Gowanus Canal, Inner",20,RH,0.0,0.23,15.08,1.09,0.1,False
2026-09-03T23:13:13Z,"Gowanus Canal, Outer",21,RH,0.0,0.46,28.85,0.92,0.1,False
2026-09-03T23:13:13Z,Gravesend Bay,30,OH,0.0,0.1,24.63,0.76,0.1,False
2026-09-03T23:13:13Z,Harlem River,22,WI,0.0,0.5,17.24,0.89,0.1,False
2026-09-03T23:13:13Z,Hendrix Creek,23,26,0.0,0.09,20.52,0.8,0.1,False
2026-09-03T23:13:13Z,Hudson River (Bronx),24,WI,0.0,0.62,4.38,0.79,0.1,False
2026-09-03T23:13:13Z,Hudson River (Manhattan),25,NR,0.0,0.41,8.4,1.16,0.1,False
2026-09-03T23:13:13Z,"Hutchinson River, Lower",26,HP,0.0,0.05,57.81,0.59,0.1,False
2026-09-03T23:13:13Z,Jamaica Bay (Brooklyn),27,26,0.0,1.46,1.43,1.97,0.1,False
2026-09-03T23:13:13Z,Jamaica Bay (Queens),42,JA,0.0,0.74,4.07,0.99,0.1,False
2026-09-03T23:13:13Z,Kill Van Kull,28,PR,0.0,0.44,9.88,1.46,0.1,False
2026-09-03T23:13:13Z,Little Neck Bay,29,TI,0.0,0.46,7.65,1.21,0.1,False
2026-09-03T23:13:13Z,Lower New York Bay,2,OB,0.0,1.3,2.06,1.45,0.1,False
2026-09-03T23:13:13Z,Mill Basin,31,CI,0.0,1.34,1.49,2.39,0.1,False
2026-09-03T23:13:13Z,Newark Bay,32,PR,0.0,0.39,11.52,1.43,0.1,False
2026-09-03T23:13:13Z,"Newtown Creek, Lower",34,NC,0.0,0.3,28.56,0.91,0.1,False
2026-09-03T23:13:13Z,"Newtown Creek, Upper",33,NC,0.0,0.23,49.45,0.78,0.1,False
2026-09-03T23:13:13Z,Paerdegat Basin,35,CI,0.0,0.38,11.25,1.38,0.1,False
2026-09-03T23:13:13Z,Powell Cove,36,TI,0.0,0.9,3.39,1.22,0.1,False
2026-09-03T23:13:13Z,Sheepshead Bay,37,CI,0.0,0.18,12.63,0.83,0.1,False
2026-09-03T23:13:13Z,Shellbank Basin,44,JA,0.0,0.34,10.55,1.15,0.1,False
2026-09-03T23:13:13Z,Spring Creek,38,26,0.0,0.64,11.14,1.08,0.1,False
2026-09-03T23:13:13Z,Thurston Basin,45,JA,0.0,0.05,32.63,0.79,0.1,False
2026-09-03T23:13:13Z,Upper New York Bay,39,OH,0.0,0.34,11.93,1.26,0.1,False
2026-09-03T23:13:13Z,Westchester Creek,40,HP,0.0,0.19,21.55,1.13,0.1,False
2026-09-03T23:13:13Z,Western Long Island Sound,41,HP,0.0,2.0,0.05,0.66,0.1,False
2026-09-04T01:18:30Z,Alley Creek,1,TI,0.0,0.05,37.04,0.62,0.1,False
2026-09-04T01:18:30Z,"Arthur Kill, Lower",3,OB,0.0,0.7,5.22,1.54,0.1,False
2026-09-04T01:18:30Z,"Arthur Kill, Upper",4,OB,0.0,0.1,23.08,0.83,0.1,False
2026-09-04T01:18:30Z,Bergen Basin,43,JA,0.0,0.05,34.41,0.7,0.1,False
2026-09-04T01:18:30Z,Bowery Bay,5,BB,0.0,0.29,11.25,1.06,0.1,False
2026-09-04T01:18:30Z,"Bronx River, Lower",6,HP,0.0,0.05,53.67,0.45,0.1,False
2026-09-04T01:18:30Z,Coney Island Creek,7,CI,0.0,0.05,69.6,0.3,0.1,False
2026-09-04T01:18:30Z,East River (near Steinway Creek),9,BB,0.0,0.54,14.96,0.9,0.1,False
2026-09-04T01:18:30Z,East River (near Throgs Neck),11,TI,0.0,1.0,3.0,1.47,0.1,False
2026-09-04T01:18:30Z,East River (RFK to Whitestone),10,TI,0.0,0.61,5.65,1.3,0.1,False
2026-09-04T01:18:30Z,"East River, Lower",8,NC,0.0,0.8,4.38,1.56,0.1,False
2026-09-04T01:18:30Z,Eastchester Bay,12,HP,0.0,1.53,1.51,1.62,0.1,False
2026-09-04T01:18:30Z,Erie Basin,13,RH,0.0,0.27,13.73,1.16,0.1,False
2026-09-04T01:18:30Z,Flushing Bay,14,BB,0.0,0.19,32.63,0.76,0.1,False
2026-09-04T01:18:30Z,Flushing Creek,15,TI,0.0,0.05,59.69,0.64,0.1,False
2026-09-04T01:18:30Z,Fresh Creek,16,26,0.0,0.05,30.38,0.67,0.1,False
2026-09-04T01:18:30Z,"Fresh Kills, Lower",17,PR,0.0,0.16,20.48,1.05,0.1,False
2026-09-04T01:18:30Z,"Fresh Kills, Upper",18,PR,0.0,0.15,39.81,0.81,0.1,False
2026-09-04T01:18:30Z,Gerritsen Creek,19,RK,0.0,0.4,7.9,1.07,0.1,False
2026-09-04T01:18:30Z,"Gowanus Canal, Inner",20,RH,0.0,0.23,15.08,1.09,0.1,False
2026-09-04T01:18:30Z,"Gowanus Canal, Outer",21,RH,0.0,0.46,28.85,0.92,0.1,False
2026-09-04T01:18:30Z,Gravesend Bay,30,OH,0.0,0.1,24.63,0.76,0.1,False
2026-09-04T01:18:30Z,Harlem River,22,WI,0.0,0.5,17.24,0.89,0.1,False
2026-09-04T01:18:30Z,Hendrix Creek,23,26,0.0,0.09,20.52,0.8,0.1,False
2026-09-04T01:18:30Z,Hudson River (Bronx),24,WI,0.0,0.62,4.38,0.79,0.1,False
2026-09-04T01:18:30Z,Hudson River (Manhattan),25,NR,0.16,0.41,8.4,1.16,0.1,False
2026-09-04T01:18:30Z,"Hutchinson River, Lower",26,HP,0.0,0.05,57.81,0.59,0.1,False
2026-09-04T01:18:30Z,Jamaica Bay (Brooklyn),27,26,0.0,1.46,1.43,1.97,0.1,False
2026-09-04T01:18:30Z,Jamaica Bay (Queens),42,JA,0.0,0.74,4.07,0.99,0.1,False
2026-09-04T01:18:30Z,Kill Van Kull,28,PR,0.0,0.44,9.88,1.46,0.1,False
2026-09-04T01:18:30Z,Little Neck Bay,29,TI,0.0,0.46,7.65,1.21,0.1,False
2026-09-04T01:18:30Z,Lower New York Bay,2,OB,0.0,1.3,2.06,1.45,0.1,False
2026-09-04T01:18:30Z,Mill Basin,31,CI,0.0,1.34,1.49,2.39,0.1,False
2026-09-04T01:18:30Z,Newark Bay,32,PR,0.0,0.39,11.52,1.43,0.1,False
2026-09-04T01:18:30Z,"Newtown Creek, Lower",34,NC,0.0,0.3,28.56,0.91,0.1,False
2026-09-04T01:18:30Z,"Newtown Creek, Upper",33,NC,0.0,0.23,49.45,0.78,0.1,False
2026-09-04T01:18:30Z,Paerdegat Basin,35,CI,0.0,0.38,11.25,1.38,0.1,False
2026-09-04T01:18:30Z,Powell Cove,36,TI,0.0,0.9,3.39,1.22,0.1,False
2026-09-04T01:18:30Z,Sheepshead Bay,37,CI,0.0,0.18,12.63,0.83,0.1,False
2026-09-04T01:18:30Z,Shellbank Basin,44,JA,0.0,0.34,10.55,1.15,0.1,False
2026-09-04T01:18:30Z,Spring Creek,38,26,0.0,0.64,11.14,1.08,0.1,False
2026-09-04T01:18:30Z,Thurston Basin,45,JA,0.0,0.05,32.63,0.79,0.1,False
2026-09-04T01:18:30Z,Upper New York Bay,39,OH,0.0,0.34,11.93,1.26,0.1,False
2026-09-04T01:18:30Z,Westchester Creek,40,HP,0.0,0.19,21.55,1.13,0.1,False
2026-09-04T01:18:30Z,Western Long Island Sound,41,HP,0.0,2.0,0.05,0.66,0.1,False
2026-09-04T06:29:56Z,Alley Creek,1,TI,0.0,0.05,37.04,0.62,0.1,False
2026-09-04T06:29:56Z,"Arthur Kill, Lower",3,OB,0.0,0.7,5.22,1.54,0.1,False
2026-09-04T06:29:56Z,"Arthur Kill, Upper",4,OB,0.0,0.1,23.08,0.83,0.1,False
2026-09-04T06:29:56Z,Bergen Basin,43,JA,0.0,0.05,34.41,0.7,0.1,False
2026-09-04T06:29:56Z,Bowery Bay,5,BB,0.0,0.29,11.25,1.06,0.1,False
2026-09-04T06:29:56Z,"Bronx River, Lower",6,HP,0.0,0.05,53.67,0.45,0.1,False
2026-09-04T06:29:56Z,Coney Island Creek,7,CI,0.0,0.05,69.6,0.3,0.1,False
2026-09-04T06:29:56Z,East River (near Steinway Creek),9,BB,0.0,0.54,14.96,0.9,0.1,False
2026-09-04T06:29:56Z,East River (near Throgs Neck),11,TI,0.0,1.0,3.0,1.47,0.1,False
2026-09-04T06:29:56Z,East River (RFK to Whitestone),10,TI,0.0,0.61,5.65,1.3,0.1,False
2026-09-04T06:29:56Z,"East River, Lower",8,NC,0.0,0.8,4.38,1.56,0.1,False
2026-09-04T06:29:56Z,Eastchester Bay,12,HP,0.0,1.53,1.51,1.62,0.1,False
2026-09-04T06:29:56Z,Erie Basin,13,RH,0.0,0.27,13.73,1.16,0.1,False
2026-09-04T06:29:56Z,Flushing Bay,14,BB,0.0,0.19,32.63,0.76,0.1,False
2026-09-04T06:29:56Z,Flushing Creek,15,TI,0.0,0.05,59.69,0.64,0.1,False
2026-09-04T06:29:56Z,Fresh Creek,16,26,0.0,0.05,30.38,0.67,0.1,False
2026-09-04T06:29:56Z,"Fresh Kills, Lower",17,PR,0.0,0.16,20.48,1.05,0.1,False
2026-09-04T06:29:56Z,"Fresh Kills, Upper",18,PR,0.0,0.15,39.81,0.81,0.1,False
2026-09-04T06:29:56Z,Gerritsen Creek,19,RK,0.0,0.4,7.9,1.07,0.1,False
2026-09-04T06:29:56Z,"Gowanus Canal, Inner",20,RH,0.0,0.23,15.08,1.09,0.1,False
2026-09-04T06:29:56Z,"Gowanus Canal, Outer",21,RH,0.0,0.46,28.85,0.92,0.1,False
2026-09-04T06:29:56Z,Gravesend Bay,30,OH,0.0,0.1,24.63,0.76,0.1,False
2026-09-04T06:29:56Z,Harlem River,22,WI,0.0,0.5,17.24,0.89,0.1,False
2026-09-04T06:29:56Z,Hendrix Creek,23,26,0.0,0.09,20.52,0.8,0.1,False
2026-09-04T06:29:56Z,Hudson River (Bronx),24,WI,0.0,0.62,4.38,0.79,0.1,False
2026-09-04T06:29:56Z,Hudson River (Manhattan),25,NR,0.0,0.41,8.4,1.16,0.1,False
2026-09-04T06:29:56Z,"Hutchinson River, Lower",26,HP,0.0,0.05,57.81,0.59,0.1,False
2026-09-04T06:29:56Z,Jamaica Bay (Brooklyn),27,26,0.0,1.46,1.43,1.97,0.1,False
2026-09-04T06:29:56Z,Jamaica Bay (Queens),42,JA,0.0,0.74,4.07,0.99,0.1,False
2026-09-04T06:29:56Z,Kill Van Kull,28,PR,0.0,0.44,9.88,1.46,0.1,False
2026-09-04T06:29:56Z,Little Neck Bay,29,TI,0.0,0.46,7.65,1.21,0.1,False
2026-09-04T06:29:56Z,Lower New York Bay,2,OB,0.0,1.3,2.06,1.45,0.1,False
2026-09-04T06:29:56Z,Mill Basin,31,CI,0.0,1.34,1.49,2.39,0.1,False
2026-09-04T06:29:56Z,Newark Bay,32,PR,0.0,0.39,11.52,1.43,0.1,False
2026-09-04T06:29:56Z,"Newtown Creek, Lower",34,NC,0.0,0.3,28.56,0.91,0.1,False
2026-09-04T06:29:56Z,"Newtown Creek, Upper",33,NC,0.0,0.23,49.45,0.78,0.1,False
2026-09-04T06:29:56Z,Paerdegat Basin,35,CI,0.0,0.38,11.25,1.38,0.1,False
2026-09-04T06:29:56Z,Powell Cove,36,TI,0.0,0.9,3.39,1.22,0.1,False
2026-09-04T06:29:56Z,Sheepshead Bay,37,CI,0.0,0.18,12.63,0.83,0.1,False
2026-09-04T06:29:56Z,Shellbank Basin,44,JA,0.0,0.34,10.55,1.15,0.1,False
2026-09-04T06:29:56Z,Spring Creek,38,26,0.0,0.64,11.14,1.08,0.1,False
2026-09-04T06:29:56Z,Thurston Basin,45,JA,0.0,0.05,32.63,0.79,0.1,False
2026-09-04T06:29:56Z,Upper New York Bay,39,OH,0.0,0.34,11.93,1.26,0.1,False
2026-09-04T06:29:56Z,Westchester Creek,40,HP,0.0,0.19,21.55,1.13,0.1,False
2026-09-04T06:29:56Z,Western Long Island Sound,41,HP,0.0,2.0,0.05,0.66,0.1,False
2026-09-04T11:40:38Z,Alley Creek,1,TI,0.0,0.05,37.04,0.62,0.1,False
2026-09-04T11:40:38Z,"Arthur Kill, Lower",3,OB,0.0,0.7,5.22,1.54,0.1,False
2026-09-04T11:40:38Z,"Arthur Kill, Upper",4,OB,0.0,0.1,23.08,0.83,0.1,False
2026-09-04T11:40:38Z,Bergen Basin,43,JA,0.0,0.05,34.41,0.7,0.1,False
2026-09-04T11:40:38Z,Bowery Bay,5,BB,0.0,0.29,11.25,1.06,0.1,False
2026-09-04T11:40:38Z,"Bronx River, Lower",6,HP,0.0,0.05,53.67,0.45,0.1,False
2026-09-04T11:40:38Z,Coney Island Creek,7,CI,0.0,0.05,69.6,0.3,0.1,False
2026-09-04T11:40:38Z,East River (near Steinway Creek),9,BB,0.0,0.54,14.96,0.9,0.1,False
2026-09-04T11:40:38Z,East River (near Throgs Neck),11,TI,0.0,1.0,3.0,1.47,0.1,False
2026-09-04T11:40:38Z,East River (RFK to Whitestone),10,TI,0.0,0.61,5.65,1.3,0.1,False
2026-09-04T11:40:38Z,"East River, Lower",8,NC,0.0,0.8,4.38,1.56,0.1,False
2026-09-04T11:40:38Z,Eastchester Bay,12,HP,0.0,1.53,1.51,1.62,0.1,False
2026-09-04T11:40:38Z,Erie Basin,13,RH,0.0,0.27,13.73,1.16,0.1,False
2026-09-04T11:40:38Z,Flushing Bay,14,BB,0.0,0.19,32.63,0.76,0.1,False
2026-09-04T11:40:38Z,Flushing Creek,15,TI,0.0,0.05,59.69,0.64,0.1,False
2026-09-04T11:40:38Z,Fresh Creek,16,26,0.0,0.05,30.38,0.67,0.1,False
2026-09-04T11:40:38Z,"Fresh Kills, Lower",17,PR,0.0,0.16,20.48,1.05,0.1,False
2026-09-04T11:40:38Z,"Fresh Kills, Upper",18,PR,0.0,0.15,39.81,0.81,0.1,False
2026-09-04T11:40:38Z,Gerritsen Creek,19,RK,0.0,0.4,7.9,1.07,0.1,False
2026-09-04T11:40:38Z,"Gowanus Canal, Inner",20,RH,0.0,0.23,15.08,1.09,0.1,False
2026-09-04T11:40:38Z,"Gowanus Canal, Outer",21,RH,0.0,0.46,28.85,0.92,0.1,False
2026-09-04T11:40:38Z,Gravesend Bay,30,OH,0.0,0.1,24.63,0.76,0.1,False
2026-09-04T11:40:38Z,Harlem River,22,WI,0.0,0.5,17.24,0.89,0.1,False
2026-09-04T11:40:38Z,Hendrix Creek,23,26,0.0,0.09,20.52,0.8,0.1,False
2026-09-04T11:40:38Z,Hudson River (Bronx),24,WI,0.0,0.62,4.38,0.79,0.1,False
2026-09-04T11:40:38Z,Hudson River (Manhattan),25,NR,0.0,0.41,8.4,1.16,0.1,False
2026-09-04T11:40:38Z,"Hutchinson River, Lower",26,HP,0.0,0.05,57.81,0.59,0.1,False
2026-09-04T11:40:38Z,Jamaica Bay (Brooklyn),27,26,0.0,1.46,1.43,1.97,0.1,False
2026-09-04T11:40:38Z,Jamaica Bay (Queens),42,JA,0.0,0.74,4.07,0.99,0.1,False
2026-09-04T11:40:38Z,Kill Van Kull,28,PR,0.0,0.44,9.88,1.46,0.1,False
2026-09-04T11:40:38Z,Little Neck Bay,29,TI,0.0,0.46,7.65,1.21,0.1,False
2026-09-04T11:40:38Z,Lower New York Bay,2,OB,0.0,1.3,2.06,1.45,0.1,False
2026-09-04T11:40:38Z,Mill Basin,31,CI,0.0,1.34,1.49,2.39,0.1,False
2026-09-04T11:40:38Z,Newark Bay,32,PR,0.0,0.39,11.52,1.43,0.1,False
2026-09-04T11:40:38Z,"Newtown Creek, Lower",34,NC,0.0,0.3,28.56,0.91,0.1,False
2026-09-04T11:40:38Z,"Newtown Creek, Upper",33,NC,0.0,0.23,49.45,0.78,0.1,False
2026-09-04T11:40:38Z,Paerdegat Basin,35,CI,0.0,0.38,11.25,1.38,0.1,False
2026-09-04T11:40:38Z,Powell Cove,36,TI,0.0,0.9,3.39,1.22,0.1,False
2026-09-04T11:40:38Z,Sheepshead Bay,37,CI,0.0,0.18,12.63,0.83,0.1,False
2026-09-04T11:40:38Z,Shellbank Basin,44,JA,0.0,0.34,10.55,1.15,0.1,False
2026-09-04T11:40:38Z,Spring Creek,38,26,0.0,0.64,11.14,1.08,0.1,False
2026-09-04T11:40:38Z,Thurston Basin,45,JA,0.0,0.05,32.63,0.79,0.1,False
2026-09-04T11:40:38Z,Upper New York Bay,39,OH,0.0,0.34,11.93,1.26,0.1,False
2026-09-04T11:40:38Z,Westchester Creek,40,HP,0.0,0.19,21.55,1.13,0.1,False
2026-09-04T11:40:38Z,Western Long Island Sound,41,HP,0.0,2.0,0.05,0.66,0.1,False
2026-09-04T16:15:06Z,Alley Creek,1,TI,0.0,0.05,37.04,0.62,0.1,False
2026-09-04T16:15:06Z,"Arthur Kill, Lower",3,OB,0.0,0.7,5.22,1.54,0.1,False
2026-09-04T16:15:06Z,"Arthur Kill, Upper",4,OB,0.0,0.1,23.08,0.83,0.1,False
2026-09-04T16:15:06Z,Bergen Basin,43,JA,0.0,0.05,34.41,0.7,0.1,False
2026-09-04T16:15:06Z,Bowery Bay,5,BB,0.0,0.29,11.25,1.06,0.1,False
2026-09-04T16:15:06Z,"Bronx River, Lower",6,HP,0.0,0.05,53.67,0.45,0.1,False
2026-09-04T16:15:06Z,Coney Island Creek,7,CI,0.0,0.05,69.6,0.3,0.1,False
2026-09-04T16:15:06Z,East River (near Steinway Creek),9,BB,0.0,0.54,14.96,0.9,0.1,False
2026-09-04T16:15:06Z,East River (near Throgs Neck),11,TI,0.0,1.0,3.0,1.47,0.1,False
2026-09-04T16:15:06Z,East River (RFK to Whitestone),10,TI,0.0,0.61,5.65,1.3,0.1,False
2026-09-04T16:15:06Z,"East River, Lower",8,NC,0.0,0.8,4.38,1.56,0.1,False
2026-09-04T16:15:06Z,Eastchester Bay,12,HP,0.0,1.53,1.51,1.62,0.1,False
2026-09-04T16:15:06Z,Erie Basin,13,RH,0.0,0.27,13.73,1.16,0.1,False
2026-09-04T16:15:06Z,Flushing Bay,14,BB,0.0,0.19,32.63,0.76,0.1,False
2026-09-04T16:15:06Z,Flushing Creek,15,TI,0.0,0.05,59.69,0.64,0.1,False
2026-09-04T16:15:06Z,Fresh Creek,16,26,0.13,0.05,30.38,0.67,0.1,True
2026-09-04T16:15:06Z,"Fresh Kills, Lower",17,PR,0.0,0.16,20.48,1.05,0.1,False
2026-09-04T16:15:06Z,"Fresh Kills, Upper",18,PR,0.0,0.15,39.81,0.81,0.1,False
2026-09-04T16:15:06Z,Gerritsen Creek,19,RK,0.0,0.4,7.9,1.07,0.1,False
2026-09-04T16:15:06Z,"Gowanus Canal, Inner",20,RH,0.0,0.23,15.08,1.09,0.1,False
2026-09-04T16:15:06Z,"Gowanus Canal, Outer",21,RH,0.0,0.46,28.85,0.92,0.1,False
2026-09-04T16:15:06Z,Gravesend Bay,30,OH,0.0,0.1,24.63,0.76,0.1,False
2026-09-04T16:15:06Z,Harlem River,22,WI,0.0,0.5,17.24,0.89,0.1,False
2026-09-04T16:15:06Z,Hendrix Creek,23,26,0.13,0.09,20.52,0.8,0.1,True
2026-09-04T16:15:06Z,Hudson River (Bronx),24,WI,0.0,0.62,4.38,0.79,0.1,False
2026-09-04T16:15:06Z,Hudson River (Manhattan),25,NR,0.0,0.41,8.4,1.16,0.1,False
2026-09-04T16:15:06Z,"Hutchinson River, Lower",26,HP,0.0,0.05,57.81,0.59,0.1,False
2026-09-04T16:15:06Z,Jamaica Bay (Brooklyn),27,26,0.13,1.46,1.43,1.97,0.1,False
2026-09-04T16:15:06Z,Jamaica Bay (Queens),42,JA,0.0,0.74,4.07,0.99,0.1,False
2026-09-04T16:15:06Z,Kill Van Kull,28,PR,0.0,0.44,9.88,1.46,0.1,False
2026-09-04T16:15:06Z,Little Neck Bay,29,TI,0.0,0.46,7.65,1.21,0.1,False
2026-09-04T16:15:06Z,Lower New York Bay,2,OB,0.0,1.3,2.06,1.45,0.1,False
2026-09-04T16:15:06Z,Mill Basin,31,CI,0.0,1.34,1.49,2.39,0.1,False
2026-09-04T16:15:06Z,Newark Bay,32,PR,0.0,0.39,11.52,1.43,0.1,False
2026-09-04T16:15:06Z,"Newtown Creek, Lower",34,NC,0.0,0.3,28.56,0.91,0.1,False
2026-09-04T16:15:06Z,"Newtown Creek, Upper",33,NC,0.0,0.23,49.45,0.78,0.1,False
2026-09-04T16:15:06Z,Paerdegat Basin,35,CI,0.0,0.38,11.25,1.38,0.1,False
2026-09-04T16:15:06Z,Powell Cove,36,TI,0.0,0.9,3.39,1.22,0.1,False
2026-09-04T16:15:06Z,Sheepshead Bay,37,CI,0.0,0.18,12.63,0.83,0.1,False
2026-09-04T16:15:06Z,Shellbank Basin,44,JA,0.0,0.34,10.55,1.15,0.1,False
2026-09-04T16:15:06Z,Spring Creek,38,26,0.13,0.64,11.14,1.08,0.1,False
2026-09-04T16:15:06Z,Thurston Basin,45,JA,0.0,0.05,32.63,0.79,0.1,False
2026-09-04T16:15:06Z,Upper New York Bay,39,OH,0.0,0.34,11.93,1.26,0.1,False
2026-09-04T16:15:06Z,Westchester Creek,40,HP,0.0,0.19,21.55,1.13,0.1,False
2026-09-04T16:15:06Z,Western Long Island Sound,41,HP,0.0,2.0,0.05,0.66,0.1,False
2026-09-04T19:05:39Z,Alley Creek,1,TI,0.0,0.05,37.04,0.62,0.1,False
2026-09-04T19:05:39Z,"Arthur Kill, Lower",3,OB,0.0,0.7,5.22,1.54,0.1,False
2026-09-04T19:05:39Z,"Arthur Kill, Upper",4,OB,0.0,0.1,23.08,0.83,0.1,False
2026-09-04T19:05:39Z,Bergen Basin,43,JA,0.0,0.05,34.41,0.7,0.1,False
2026-09-04T19:05:39Z,Bowery Bay,5,BB,0.0,0.29,11.25,1.06,0.1,False
2026-09-04T19:05:39Z,"Bronx River, Lower",6,HP,0.0,0.05,53.67,0.45,0.1,False
2026-09-04T19:05:39Z,Coney Island Creek,7,CI,0.0,0.05,69.6,0.3,0.1,False
2026-09-04T19:05:39Z,East River (near Steinway Creek),9,BB,0.0,0.54,14.96,0.9,0.1,False
2026-09-04T19:05:39Z,East River (near Throgs Neck),11,TI,0.0,1.0,3.0,1.47,0.1,False
2026-09-04T19:05:39Z,East River (RFK to Whitestone),10,TI,0.0,0.61,5.65,1.3,0.1,False
2026-09-04T19:05:39Z,"East River, Lower",8,NC,0.0,0.8,4.38,1.56,0.1,False
2026-09-04T19:05:39Z,Eastchester Bay,12,HP,0.0,1.53,1.51,1.62,0.1,False
2026-09-04T19:05:39Z,Erie Basin,13,RH,0.0,0.27,13.73,1.16,0.1,False
2026-09-04T19:05:39Z,Flushing Bay,14,BB,0.0,0.19,32.63,0.76,0.1,False
2026-09-04T19:05:39Z,Flushing Creek,15,TI,0.0,0.05,59.69,0.64,0.1,False
2026-09-04T19:05:39Z,Fresh Creek,16,26,0.0,0.05,30.38,0.67,0.1,False
2026-09-04T19:05:39Z,"Fresh Kills, Lower",17,PR,0.0,0.16,20.48,1.05,0.1,False
2026-09-04T19:05:39Z,"Fresh Kills, Upper",18,PR,0.0,0.15,39.81,0.81,0.1,False
2026-09-04T19:05:39Z,Gerritsen Creek,19,RK,0.0,0.4,7.9,1.07,0.1,False
2026-09-04T19:05:39Z,"Gowanus Canal, Inner",20,RH,0.0,0.23,15.08,1.09,0.1,False
2026-09-04T19:05:39Z,"Gowanus Canal, Outer",21,RH,0.0,0.46,28.85,0.92,0.1,False
2026-09-04T19:05:39Z,Gravesend Bay,30,OH,0.0,0.1,24.63,0.76,0.1,False
2026-09-04T19:05:39Z,Harlem River,22,WI,0.0,0.5,17.24,0.89,0.1,False
2026-09-04T19:05:39Z,Hendrix Creek,23,26,0.0,0.09,20.52,0.8,0.1,False
2026-09-04T19:05:39Z,Hudson River (Bronx),24,WI,0.0,0.62,4.38,0.79,0.1,False
2026-09-04T19:05:39Z,Hudson River (Manhattan),25,NR,0.0,0.41,8.4,1.16,0.1,False
2026-09-04T19:05:39Z,"Hutchinson River, Lower",26,HP,0.0,0.05,57.81,0.59,0.1,False
2026-09-04T19:05:39Z,Jamaica Bay (Brooklyn),27,26,0.0,1.46,1.43,1.97,0.1,False
2026-09-04T19:05:39Z,Jamaica Bay (Queens),42,JA,0.0,0.74,4.07,0.99,0.1,False
2026-09-04T19:05:39Z,Kill Van Kull,28,PR,0.0,0.44,9.88,1.46,0.1,False
2026-09-04T19:05:39Z,Little Neck Bay,29,TI,0.0,0.46,7.65,1.21,0.1,False
2026-09-04T19:05:39Z,Lower New York Bay,2,OB,0.0,1.3,2.06,1.45,0.1,False
2026-09-04T19:05:39Z,Mill Basin,31,CI,0.0,1.34,1.49,2.39,0.1,False
2026-09-04T19:05:39Z,Newark Bay,32,PR,0.0,0.39,11.52,1.43,0.1,False
2026-09-04T19:05:39Z,"Newtown Creek, Lower",34,NC,0.0,0.3,28.56,0.91,0.1,False
2026-09-04T19:05:39Z,"Newtown Creek, Upper",33,NC,0.0,0.23,49.45,0.78,0.1,False
2026-09-04T19:05:39Z,Paerdegat Basin,35,CI,0.0,0.38,11.25,1.38,0.1,False
2026-09-04T19:05:39Z,Powell Cove,36,TI,0.0,0.9,3.39,1.22,0.1,False
2026-09-04T19:05:39Z,Sheepshead Bay,37,CI,0.0,0.18,12.63,0.83,0.1,False
2026-09-04T19:05:39Z,Shellbank Basin,44,JA,0.0,0.34,10.55,1.15,0.1,False
2026-09-04T19:05:39Z,Spring Creek,38,26,0.0,0.64,11.14,1.08,0.1,False
2026-09-04T19:05:39Z,Thurston Basin,45,JA,0.0,0.05,32.63,0.79,0.1,False
2026-09-04T19:05:39Z,Upper New York Bay,39,OH,0.0,0.34,11.93,1.26,0.1,False
2026-09-04T19:05:39Z,Westchester Creek,40,HP,0.0,0.19,21.55,1.13,0.1,False
2026-09-04T19:05:39Z,Western Long Island Sound,41,HP,0.0,2.0,0.05,0.66,0.1,False
2026-09-04T21:24:01Z,Alley Creek,1,TI,0.0,0.05,37.04,0.62,0.1,False
2026-09-04T21:24:01Z,"Arthur Kill, Lower",3,OB,0.0,0.7,5.22,1.54,0.1,False
2026-09-04T21:24:01Z,"Arthur Kill, Upper",4,OB,0.0,0.1,23.08,0.83,0.1,False
2026-09-04T21:24:01Z,Bergen Basin,43,JA,0.0,0.05,34.41,0.7,0.1,False
2026-09-04T21:24:01Z,Bowery Bay,5,BB,0.0,0.29,11.25,1.06,0.1,False
2026-09-04T21:24:01Z,"Bronx River, Lower",6,HP,0.0,0.05,53.67,0.45,0.1,False
2026-09-04T21:24:01Z,Coney Island Creek,7,CI,0.0,0.05,69.6,0.3,0.1,False
2026-09-04T21:24:01Z,East River (near Steinway Creek),9,BB,0.0,0.54,14.96,0.9,0.1,False
2026-09-04T21:24:01Z,East River (near Throgs Neck),11,TI,0.0,1.0,3.0,1.47,0.1,False
2026-09-04T21:24:01Z,East River (RFK to Whitestone),10,TI,0.0,0.61,5.65,1.3,0.1,False
2026-09-04T21:24:01Z,"East River, Lower",8,NC,0.0,0.8,4.38,1.56,0.1,False
2026-09-04T21:24:01Z,Eastchester Bay,12,HP,0.0,1.53,1.51,1.62,0.1,False
2026-09-04T21:24:01Z,Erie Basin,13,RH,0.0,0.27,13.73,1.16,0.1,False
2026-09-04T21:24:01Z,Flushing Bay,14,BB,0.0,0.19,32.63,0.76,0.1,False
2026-09-04T21:24:01Z,Flushing Creek,15,TI,0.0,0.05,59.69,0.64,0.1,False
2026-09-04T21:24:01Z,Fresh Creek,16,26,0.0,0.05,30.38,0.67,0.1,False
2026-09-04T21:24:01Z,"Fresh Kills, Lower",17,PR,0.0,0.16,20.48,1.05,0.1,False
2026-09-04T21:24:01Z,"Fresh Kills, Upper",18,PR,0.0,0.15,39.81,0.81,0.1,False
2026-09-04T21:24:01Z,Gerritsen Creek,19,RK,0.0,0.4,7.9,1.07,0.1,False
2026-09-04T21:24:01Z,"Gowanus Canal, Inner",20,RH,0.0,0.23,15.08,1.09,0.1,False
2026-09-04T21:24:01Z,"Gowanus Canal, Outer",21,RH,0.0,0.46,28.85,0.92,0.1,False
2026-09-04T21:24:01Z,Gravesend Bay,30,OH,0.0,0.1,24.63,0.76,0.1,False
2026-09-04T21:24:01Z,Harlem River,22,WI,0.0,0.5,17.24,0.89,0.1,False
2026-09-04T21:24:01Z,Hendrix Creek,23,26,0.0,0.09,20.52,0.8,0.1,False
2026-09-04T21:24:01Z,Hudson River (Bronx),24,WI,0.0,0.62,4.38,0.79,0.1,False
2026-09-04T21:24:01Z,Hudson River (Manhattan),25,NR,0.0,0.41,8.4,1.16,0.1,False
2026-09-04T21:24:01Z,"Hutchinson River, Lower",26,HP,0.0,0.05,57.81,0.59,0.1,False
2026-09-04T21:24:01Z,Jamaica Bay (Brooklyn),27,26,0.0,1.46,1.43,1.97,0.1,False
2026-09-04T21:24:01Z,Jamaica Bay (Queens),42,JA,0.0,0.74,4.07,0.99,0.1,False
2026-09-04T21:24:01Z,Kill Van Kull,28,PR,0.0,0.44,9.88,1.46,0.1,False
2026-09-04T21:24:01Z,Little Neck Bay,29,TI,0.0,0.46,7.65,1.21,0.1,False
2026-09-04T21:24:01Z,Lower New York Bay,2,OB,0.0,1.3,2.06,1.45,0.1,False
2026-09-04T21:24:01Z,Mill Basin,31,CI,0.0,1.34,1.49,2.39,0.1,False
2026-09-04T21:24:01Z,Newark Bay,32,PR,0.0,0.39,11.52,1.43,0.1,False
2026-09-04T21:24:01Z,"Newtown Creek, Lower",34,NC,0.0,0.3,28.56,0.91,0.1,False
2026-09-04T21:24:01Z,"Newtown Creek, Upper",33,NC,0.0,0.23,49.45,0.78,0.1,False
2026-09-04T21:24:01Z,Paerdegat Basin,35,CI,0.0,0.38,11.25,1.38,0.1,False
2026-09-04T21:24:01Z,Powell Cove,36,TI,0.0,0.9,3.39,1.22,0.1,False
2026-09-04T21:24:01Z,Sheepshead Bay,37,CI,0.0,0.18,12.63,0.83,0.1,False
2026-09-04T21:24:01Z,Shellbank Basin,44,JA,0.0,0.34,10.55,1.15,0.1,False
2026-09-04T21:24:01Z,Spring Creek,38,26,0.0,0.64,11.14,1.08,0.1,False
2026-09-04T21:24:01Z,Thurston Basin,45,JA,0.0,0.05,32.63,0.79,0.1,False
2026-09-04T21:24:01Z,Upper New York Bay,39,OH,0.0,0.34,11.93,1.26,0.1,False
2026-09-04T21:24:01Z,Westchester Creek,40,HP,0.0,0.19,21.55,1.13,0.1,False
2026-09-04T21:24:01Z,Western Long Island Sound,41,HP,0.0,2.0,0.05,0.66,0.1,False
2026-09-04T23:14:03Z,Alley Creek,1,TI,0.0,0.05,37.04,0.62,0.1,False
2026-09-04T23:14:03Z,"Arthur Kill, Lower",3,OB,0.0,0.7,5.22,1.54,0.1,False
2026-09-04T23:14:03Z,"Arthur Kill, Upper",4,OB,0.0,0.1,23.08,0.83,0.1,False
2026-09-04T23:14:03Z,Bergen Basin,43,JA,0.0,0.05,34.41,0.7,0.1,False
2026-09-04T23:14:03Z,Bowery Bay,5,BB,0.0,0.29,11.25,1.06,0.1,False
2026-09-04T23:14:03Z,"Bronx River, Lower",6,HP,0.0,0.05,53.67,0.45,0.1,False
2026-09-04T23:14:03Z,Coney Island Creek,7,CI,0.0,0.05,69.6,0.3,0.1,False
2026-09-04T23:14:03Z,East River (near Steinway Creek),9,BB,0.0,0.54,14.96,0.9,0.1,False
2026-09-04T23:14:03Z,East River (near Throgs Neck),11,TI,0.0,1.0,3.0,1.47,0.1,False
2026-09-04T23:14:03Z,East River (RFK to Whitestone),10,TI,0.0,0.61,5.65,1.3,0.1,False
2026-09-04T23:14:03Z,"East River, Lower",8,NC,0.0,0.8,4.38,1.56,0.1,False
2026-09-04T23:14:03Z,Eastchester Bay,12,HP,0.0,1.53,1.51,1.62,0.1,False
2026-09-04T23:14:03Z,Erie Basin,13,RH,0.0,0.27,13.73,1.16,0.1,False
2026-09-04T23:14:03Z,Flushing Bay,14,BB,0.0,0.19,32.63,0.76,0.1,False
2026-09-04T23:14:03Z,Flushing Creek,15,TI,0.0,0.05,59.69,0.64,0.1,False
2026-09-04T23:14:03Z,Fresh Creek,16,26,0.0,0.05,30.38,0.67,0.1,False
2026-09-04T23:14:03Z,"Fresh Kills, Lower",17,PR,0.0,0.16,20.48,1.05,0.1,False
2026-09-04T23:14:03Z,"Fresh Kills, Upper",18,PR,0.0,0.15,39.81,0.81,0.1,False
2026-09-04T23:14:03Z,Gerritsen Creek,19,RK,0.0,0.4,7.9,1.07,0.1,False
2026-09-04T23:14:03Z,"Gowanus Canal, Inner",20,RH,0.0,0.23,15.08,1.09,0.1,False
2026-09-04T23:14:03Z,"Gowanus Canal, Outer",21,RH,0.0,0.46,28.85,0.92,0.1,False
2026-09-04T23:14:03Z,Gravesend Bay,30,OH,0.0,0.1,24.63,0.76,0.1,False
2026-09-04T23:14:03Z,Harlem River,22,WI,0.0,0.5,17.24,0.89,0.1,False
2026-09-04T23:14:03Z,Hendrix Creek,23,26,0.0,0.09,20.52,0.8,0.1,False
2026-09-04T23:14:03Z,Hudson River (Bronx),24,WI,0.0,0.62,4.38,0.79,0.1,False
2026-09-04T23:14:03Z,Hudson River (Manhattan),25,NR,0.0,0.41,8.4,1.16,0.1,False
2026-09-04T23:14:03Z,"Hutchinson River, Lower",26,HP,0.0,0.05,57.81,0.59,0.1,False
2026-09-04T23:14:03Z,Jamaica Bay (Brooklyn),27,26,0.0,1.46,1.43,1.97,0.1,False
2026-09-04T23:14:03Z,Jamaica Bay (Queens),42,JA,0.0,0.74,4.07,0.99,0.1,False
2026-09-04T23:14:03Z,Kill Van Kull,28,PR,0.0,0.44,9.88,1.46,0.1,False
2026-09-04T23:14:03Z,Little Neck Bay,29,TI,0.0,0.46,7.65,1.21,0.1,False
2026-09-04T23:14:03Z,Lower New York Bay,2,OB,0.0,1.3,2.06,1.45,0.1,False
2026-09-04T23:14:03Z,Mill Basin,31,CI,0.0,1.34,1.49,2.39,0.1,False
2026-09-04T23:14:03Z,Newark Bay,32,PR,0.0,0.39,11.52,1.43,0.1,False
2026-09-04T23:14:03Z,"Newtown Creek, Lower",34,NC,0.0,0.3,28.56,0.91,0.1,False
2026-09-04T23:14:03Z,"Newtown Creek, Upper",33,NC,0.0,0.23,49.45,0.78,0.1,False
2026-09-04T23:14:03Z,Paerdegat Basin,35,CI,0.0,0.38,11.25,1.38,0.1,False
2026-09-04T23:14:03Z,Powell Cove,36,TI,0.0,0.9,3.39,1.22,0.1,False
2026-09-04T23:14:03Z,Sheepshead Bay,37,CI,0.0,0.18,12.63,0.83,0.1,False
2026-09-04T23:14:03Z,Shellbank Basin,44,JA,0.0,0.34,10.55,1.15,0.1,False
2026-09-04T23:14:03Z,Spring Creek,38,26,0.0,0.64,11.14,1.08,0.1,False
2026-09-04T23:14:03Z,Thurston Basin,45,JA,0.0,0.05,32.63,0.79,0.1,False
2026-09-04T23:14:03Z,Upper New York Bay,39,OH,0.0,0.34,11.93,1.26,0.1,False
2026-09-04T23:14:03Z,Westchester Creek,40,HP,0.0,0.19,21.55,1.13,0.1,False
2026-09-04T23:14:03Z,Western Long Island Sound,41,HP,0.0,2.0,0.05,0.66,0.1,False
2026-09-05T01:20:30Z,Alley Creek,1,TI,0.0,0.05,37.04,0.62,0.1,False
2026-09-05T01:20:30Z,"Arthur Kill, Lower",3,OB,0.0,0.7,5.22,1.54,0.1,False
2026-09-05T01:20:30Z,"Arthur Kill, Upper",4,OB,0.0,0.1,23.08,0.83,0.1,False
2026-09-05T01:20:30Z,Bergen Basin,43,JA,0.0,0.05,34.41,0.7,0.1,False
2026-09-05T01:20:30Z,Bowery Bay,5,BB,0.0,0.29,11.25,1.06,0.1,False
2026-09-05T01:20:30Z,"Bronx River, Lower",6,HP,0.0,0.05,53.67,0.45,0.1,False
2026-09-05T01:20:30Z,Coney Island Creek,7,CI,0.0,0.05,69.6,0.3,0.1,False
2026-09-05T01:20:30Z,East River (near Steinway Creek),9,BB,0.0,0.54,14.96,0.9,0.1,False
2026-09-05T01:20:30Z,East River (near Throgs Neck),11,TI,0.0,1.0,3.0,1.47,0.1,False
2026-09-05T01:20:30Z,East River (RFK to Whitestone),10,TI,0.0,0.61,5.65,1.3,0.1,False
2026-09-05T01:20:30Z,"East River, Lower",8,NC,0.0,0.8,4.38,1.56,0.1,False
2026-09-05T01:20:30Z,Eastchester Bay,12,HP,0.0,1.53,1.51,1.62,0.1,False
2026-09-05T01:20:30Z,Erie Basin,13,RH,0.0,0.27,13.73,1.16,0.1,False
2026-09-05T01:20:30Z,Flushing Bay,14,BB,0.0,0.19,32.63,0.76,0.1,False
2026-09-05T01:20:30Z,Flushing Creek,15,TI,0.0,0.05,59.69,0.64,0.1,False
2026-09-05T01:20:30Z,Fresh Creek,16,26,0.0,0.05,30.38,0.67,0.1,False
2026-09-05T01:20:30Z,"Fresh Kills, Lower",17,PR,0.0,0.16,20.48,1.05,0.1,False
2026-09-05T01:20:30Z,"Fresh Kills, Upper",18,PR,0.0,0.15,39.81,0.81,0.1,False
2026-09-05T01:20:30Z,Gerritsen Creek,19,RK,0.0,0.4,7.9,1.07,0.1,False
2026-09-05T01:20:30Z,"Gowanus Canal, Inner",20,RH,0.0,0.23,15.08,1.09,0.1,False
2026-09-05T01:20:30Z,"Gowanus Canal, Outer",21,RH,0.0,0.46,28.85,0.92,0.1,False
2026-09-05T01:20:30Z,Gravesend Bay,30,OH,0.0,0.1,24.63,0.76,0.1,False
2026-09-05T01:20:30Z,Harlem River,22,WI,0.0,0.5,17.24,0.89,0.1,False
2026-09-05T01:20:30Z,Hendrix Creek,23,26,0.0,0.09,20.52,0.8,0.1,False
2026-09-05T01:20:30Z,Hudson River (Bronx),24,WI,0.0,0.62,4.38,0.79,0.1,False
2026-09-05T01:20:30Z,Hudson River (Manhattan),25,NR,0.03,0.41,8.4,1.16,0.1,False
2026-09-05T01:20:30Z,"Hutchinson River, Lower",26,HP,0.0,0.05,57.81,0.59,0.1,False
2026-09-05T01:20:30Z,Jamaica Bay (Brooklyn),27,26,0.0,1.46,1.43,1.97,0.1,False
2026-09-05T01:20:30Z,Jamaica Bay (Queens),42,JA,0.0,0.74,4.07,0.99,0.1,False
2026-09-05T01:20:30Z,Kill Van Kull,28,PR,0.0,0.44,9.88,1.46,0.1,False
2026-09-05T01:20:30Z,Little Neck Bay,29,TI,0.0,0.46,7.65,1.21,0.1,False
2026-09-05T01:20:30Z,Lower New York Bay,2,OB,0.0,1.3,2.06,1.45,0.1,False
2026-09-05T01:20:30Z,Mill Basin,31,CI,0.0,1.34,1.49,2.39,0.1,False
2026-09-05T01:20:30Z,Newark Bay,32,PR,0.0,0.39,11.52,1.43,0.1,False
2026-09-05T01:20:30Z,"Newtown Creek, Lower",34,NC,0.0,0.3,28.56,0.91,0.1,False
2026-09-05T01:20:30Z,"Newtown Creek, Upper",33,NC,0.0,0.23,49.45,0.78,0.1,False
2026-09-05T01:20:30Z,Paerdegat Basin,35,CI,0.0,0.38,11.25,1.38,0.1,False
2026-09-05T01:20:30Z,Powell Cove,36,TI,0.0,0.9,3.39,1.22,0.1,False
2026-09-05T01:20:30Z,Sheepshead Bay,37,CI,0.0,0.18,12.63,0.83,0.1,False
2026-09-05T01:20:30Z,Shellbank Basin,44,JA,0.0,0.34,10.55,1.15,0.1,False
2026-09-05T01:20:30Z,Spring Creek,38,26,0.0,0.64,11.14,1.08,0.1,False
2026-09-05T01:20:30Z,Thurston Basin,45,JA,0.0,0.05,32.63,0.79,0.1,False
2026-09-05T01:20:30Z,Upper New York Bay,39,OH,0.0,0.34,11.93,1.26,0.1,False
2026-09-05T01:20:30Z,Westchester Creek,40,HP,0.0,0.19,21.55,1.13,0.1,False
2026-09-05T01:20:30Z,Western Long Island Sound,41,HP,0.0,2.0,0.05,0.66,0.1,False
2026-09-05T06:16:11Z,Alley Creek,1,TI,0.0,0.05,37.04,0.62,0.1,False
2026-09-05T06:16:11Z,"Arthur Kill, Lower",3,OB,0.0,0.7,5.22,1.54,0.1,False
2026-09-05T06:16:11Z,"Arthur Kill, Upper",4,OB,0.0,0.1,23.08,0.83,0.1,False
2026-09-05T06:16:11Z,Bergen Basin,43,JA,0.0,0.05,34.41,0.7,0.1,False
2026-09-05T06:16:11Z,Bowery Bay,5,BB,0.0,0.29,11.25,1.06,0.1,False
2026-09-05T06:16:11Z,"Bronx River, Lower",6,HP,0.0,0.05,53.67,0.45,0.1,False
2026-09-05T06:16:11Z,Coney Island Creek,7,CI,0.0,0.05,69.6,0.3,0.1,False
2026-09-05T06:16:11Z,East River (near Steinway Creek),9,BB,0.0,0.54,14.96,0.9,0.1,False
2026-09-05T06:16:11Z,East River (near Throgs Neck),11,TI,0.0,1.0,3.0,1.47,0.1,False
2026-09-05T06:16:11Z,East River (RFK to Whitestone),10,TI,0.0,0.61,5.65,1.3,0.1,False
2026-09-05T06:16:11Z,"East River, Lower",8,NC,0.0,0.8,4.38,1.56,0.1,False
2026-09-05T06:16:11Z,Eastchester Bay,12,HP,0.0,1.53,1.51,1.62,0.1,False
2026-09-05T06:16:11Z,Erie Basin,13,RH,0.0,0.27,13.73,1.16,0.1,False
2026-09-05T06:16:11Z,Flushing Bay,14,BB,0.0,0.19,32.63,0.76,0.1,False
2026-09-05T06:16:11Z,Flushing Creek,15,TI,0.0,0.05,59.69,0.64,0.1,False
2026-09-05T06:16:11Z,Fresh Creek,16,26,0.0,0.05,30.38,0.67,0.1,False
2026-09-05T06:16:11Z,"Fresh Kills, Lower",17,PR,0.0,0.16,20.48,1.05,0.1,False
2026-09-05T06:16:11Z,"Fresh Kills, Upper",18,PR,0.0,0.15,39.81,0.81,0.1,False
2026-09-05T06:16:11Z,Gerritsen Creek,19,RK,0.0,0.4,7.9,1.07,0.1,False
2026-09-05T06:16:11Z,"Gowanus Canal, Inner",20,RH,0.0,0.23,15.08,1.09,0.1,False
2026-09-05T06:16:11Z,"Gowanus Canal, Outer",21,RH,0.0,0.46,28.85,0.92,0.1,False
2026-09-05T06:16:11Z,Gravesend Bay,30,OH,0.0,0.1,24.63,0.76,0.1,False
2026-09-05T06:16:11Z,Harlem River,22,WI,0.0,0.5,17.24,0.89,0.1,False
2026-09-05T06:16:11Z,Hendrix Creek,23,26,0.0,0.09,20.52,0.8,0.1,False
2026-09-05T06:16:11Z,Hudson River (Bronx),24,WI,0.0,0.62,4.38,0.79,0.1,False
2026-09-05T06:16:11Z,Hudson River (Manhattan),25,NR,0.0,0.41,8.4,1.16,0.1,False
2026-09-05T06:16:11Z,"Hutchinson River, Lower",26,HP,0.0,0.05,57.81,0.59,0.1,False
2026-09-05T06:16:11Z,Jamaica Bay (Brooklyn),27,26,0.0,1.46,1.43,1.97,0.1,False
2026-09-05T06:16:11Z,Jamaica Bay (Queens),42,JA,0.0,0.74,4.07,0.99,0.1,False
2026-09-05T06:16:11Z,Kill Van Kull,28,PR,0.0,0.44,9.88,1.46,0.1,False
2026-09-05T06:16:11Z,Little Neck Bay,29,TI,0.0,0.46,7.65,1.21,0.1,False
2026-09-05T06:16:11Z,Lower New York Bay,2,OB,0.0,1.3,2.06,1.45,0.1,False
2026-09-05T06:16:11Z,Mill Basin,31,CI,0.0,1.34,1.49,2.39,0.1,False
2026-09-05T06:16:11Z,Newark Bay,32,PR,0.0,0.39,11.52,1.43,0.1,False
2026-09-05T06:16:11Z,"Newtown Creek, Lower",34,NC,0.0,0.3,28.56,0.91,0.1,False
2026-09-05T06:16:11Z,"Newtown Creek, Upper",33,NC,0.0,0.23,49.45,0.78,0.1,False
2026-09-05T06:16:11Z,Paerdegat Basin,35,CI,0.0,0.38,11.25,1.38,0.1,False
2026-09-05T06:16:11Z,Powell Cove,36,TI,0.0,0.9,3.39,1.22,0.1,False
2026-09-05T06:16:11Z,Sheepshead Bay,37,CI,0.0,0.18,12.63,0.83,0.1,False
2026-09-05T06:16:11Z,Shellbank Basin,44,JA,0.0,0.34,10.55,1.15,0.1,False
2026-09-05T06:16:11Z,Spring Creek,38,26,0.0,0.64,11.14,1.08,0.1,False
2026-09-05T06:16:11Z,Thurston Basin,45,JA,0.0,0.05,32.63,0.79,0.1,False
2026-09-05T06:16:11Z,Upper New York Bay,39,OH,0.0,0.34,11.93,1.26,0.1,False
2026-09-05T06:16:11Z,Westchester Creek,40,HP,0.0,0.19,21.55,1.13,0.1,False
2026-09-05T06:16:11Z,Western Long Island Sound,41,HP,0.0,2.0,0.05,0.66,0.1,False
2026-09-05T10:53:04Z,Alley Creek,1,TI,0.0,0.05,37.04,0.62,0.1,False
2026-09-05T10:53:04Z,"Arthur Kill, Lower",3,OB,0.0,0.7,5.22,1.54,0.1,False
2026-09-05T10:53:04Z,"Arthur Kill, Upper",4,OB,0.0,0.1,23.08,0.83,0.1,False
2026-09-05T10:53:04Z,Bergen Basin,43,JA,0.0,0.05,34.41,0.7,0.1,False
2026-09-05T10:53:04Z,Bowery Bay,5,BB,0.0,0.29,11.25,1.06,0.1,False
2026-09-05T10:53:04Z,"Bronx River, Lower",6,HP,0.0,0.05,53.67,0.45,0.1,False
2026-09-05T10:53:04Z,Coney Island Creek,7,CI,0.0,0.05,69.6,0.3,0.1,False
2026-09-05T10:53:04Z,East River (near Steinway Creek),9,BB,0.0,0.54,14.96,0.9,0.1,False
2026-09-05T10:53:04Z,East River (near Throgs Neck),11,TI,0.0,1.0,3.0,1.47,0.1,False
2026-09-05T10:53:04Z,East River (RFK to Whitestone),10,TI,0.0,0.61,5.65,1.3,0.1,False
2026-09-05T10:53:04Z,"East River, Lower",8,NC,0.0,0.8,4.38,1.56,0.1,False
2026-09-05T10:53:04Z,Eastchester Bay,12,HP,0.0,1.53,1.51,1.62,0.1,False
2026-09-05T10:53:04Z,Erie Basin,13,RH,0.0,0.27,13.73,1.16,0.1,False
2026-09-05T10:53:04Z,Flushing Bay,14,BB,0.0,0.19,32.63,0.76,0.1,False
2026-09-05T10:53:04Z,Flushing Creek,15,TI,0.0,0.05,59.69,0.64,0.1,False
2026-09-05T10:53:04Z,Fresh Creek,16,26,0.0,0.05,30.38,0.67,0.1,False
2026-09-05T10:53:04Z,"Fresh Kills, Lower",17,PR,0.0,0.16,20.48,1.05,0.1,False
2026-09-05T10:53:04Z,"Fresh Kills, Upper",18,PR,0.0,0.15,39.81,0.81,0.1,False
2026-09-05T10:53:04Z,Gerritsen Creek,19,RK,0.0,0.4,7.9,1.07,0.1,False
2026-09-05T10:53:04Z,"Gowanus Canal, Inner",20,RH,0.0,0.23,15.08,1.09,0.1,False
2026-09-05T10:53:04Z,"Gowanus Canal, Outer",21,RH,0.0,0.46,28.85,0.92,0.1,False
2026-09-05T10:53:04Z,Gravesend Bay,30,OH,0.0,0.1,24.63,0.76,0.1,False
2026-09-05T10:53:04Z,Harlem River,22,WI,0.0,0.5,17.24,0.89,0.1,False
2026-09-05T10:53:04Z,Hendrix Creek,23,26,0.0,0.09,20.52,0.8,0.1,False
2026-09-05T10:53:04Z,Hudson River (Bronx),24,WI,0.0,0.62,4.38,0.79,0.1,False
2026-09-05T10:53:04Z,Hudson River (Manhattan),25,NR,0.0,0.41,8.4,1.16,0.1,False
2026-09-05T10:53:04Z,"Hutchinson River, Lower",26,HP,0.0,0.05,57.81,0.59,0.1,False
2026-09-05T10:53:04Z,Jamaica Bay (Brooklyn),27,26,0.0,1.46,1.43,1.97,0.1,False
2026-09-05T10:53:04Z,Jamaica Bay (Queens),42,JA,0.0,0.74,4.07,0.99,0.1,False
2026-09-05T10:53:04Z,Kill Van Kull,28,PR,0.0,0.44,9.88,1.46,0.1,False
2026-09-05T10:53:04Z,Little Neck Bay,29,TI,0.0,0.46,7.65,1.21,0.1,False
2026-09-05T10:53:04Z,Lower New York Bay,2,OB,0.0,1.3,2.06,1.45,0.1,False
2026-09-05T10:53:04Z,Mill Basin,31,CI,0.0,1.34,1.49,2.39,0.1,False
2026-09-05T10:53:04Z,Newark Bay,32,PR,0.0,0.39,11.52,1.43,0.1,False
2026-09-05T10:53:04Z,"Newtown Creek, Lower",34,NC,0.0,0.3,28.56,0.91,0.1,False
2026-09-05T10:53:04Z,"Newtown Creek, Upper",33,NC,0.0,0.23,49.45,0.78,0.1,False
2026-09-05T10:53:04Z,Paerdegat Basin,35,CI,0.0,0.38,11.25,1.38,0.1,False
2026-09-05T10:53:04Z,Powell Cove,36,TI,0.0,0.9,3.39,1.22,0.1,False
2026-09-05T10:53:04Z,Sheepshead Bay,37,CI,0.0,0.18,12.63,0.83,0.1,False
2026-09-05T10:53:04Z,Shellbank Basin,44,JA,0.0,0.34,10.55,1.15,0.1,False
2026-09-05T10:53:04Z,Spring Creek,38,26,0.0,0.64,11.14,1.08,0.1,False
2026-09-05T10:53:04Z,Thurston Basin,45,JA,0.0,0.05,32.63,0.79,0.1,False
2026-09-05T10:53:04Z,Upper New York Bay,39,OH,0.0,0.34,11.93,1.26,0.1,False
2026-09-05T10:53:04Z,Westchester Creek,40,HP,0.0,0.19,21.55,1.13,0.1,False
2026-09-05T10:53:04Z,Western Long Island Sound,41,HP,0.0,2.0,0.05,0.66,0.1,False
2026-09-05T13:49:36Z,Alley Creek,1,TI,0.0,0.05,37.04,0.62,0.1,False
2026-09-05T13:49:36Z,"Arthur Kill, Lower",3,OB,0.0,0.7,5.22,1.54,0.1,False
2026-09-05T13:49:36Z,"Arthur Kill, Upper",4,OB,0.0,0.1,23.08,0.83,0.1,False
2026-09-05T13:49:36Z,Bergen Basin,43,JA,0.0,0.05,34.41,0.7,0.1,False
2026-09-05T13:49:36Z,Bowery Bay,5,BB,0.0,0.29,11.25,1.06,0.1,False
2026-09-05T13:49:36Z,"Bronx River, Lower",6,HP,0.0,0.05,53.67,0.45,0.1,False
2026-09-05T13:49:36Z,Coney Island Creek,7,CI,0.0,0.05,69.6,0.3,0.1,False
2026-09-05T13:49:36Z,East River (near Steinway Creek),9,BB,0.0,0.54,14.96,0.9,0.1,False
2026-09-05T13:49:36Z,East River (near Throgs Neck),11,TI,0.0,1.0,3.0,1.47,0.1,False
2026-09-05T13:49:36Z,East River (RFK to Whitestone),10,TI,0.0,0.61,5.65,1.3,0.1,False
2026-09-05T13:49:36Z,"East River, Lower",8,NC,0.0,0.8,4.38,1.56,0.1,False
2026-09-05T13:49:36Z,Eastchester Bay,12,HP,0.0,1.53,1.51,1.62,0.1,False
2026-09-05T13:49:36Z,Erie Basin,13,RH,0.0,0.27,13.73,1.16,0.1,False
2026-09-05T13:49:36Z,Flushing Bay,14,BB,0.0,0.19,32.63,0.76,0.1,False
2026-09-05T13:49:36Z,Flushing Creek,15,TI,0.0,0.05,59.69,0.64,0.1,False
2026-09-05T13:49:36Z,Fresh Creek,16,26,0.0,0.05,30.38,0.67,0.1,False
2026-09-05T13:49:36Z,"Fresh Kills, Lower",17,PR,0.0,0.16,20.48,1.05,0.1,False
2026-09-05T13:49:36Z,"Fresh Kills, Upper",18,PR,0.0,0.15,39.81,0.81,0.1,False
2026-09-05T13:49:36Z,Gerritsen Creek,19,RK,0.0,0.4,7.9,1.07,0.1,False
2026-09-05T13:49:36Z,"Gowanus Canal, Inner",20,RH,0.0,0.23,15.08,1.09,0.1,False
2026-09-05T13:49:36Z,"Gowanus Canal, Outer",21,RH,0.0,0.46,28.85,0.92,0.1,False
2026-09-05T13:49:36Z,Gravesend Bay,30,OH,0.0,0.1,24.63,0.76,0.1,False
2026-09-05T13:49:36Z,Harlem River,22,WI,0.0,0.5,17.24,0.89,0.1,False
2026-09-05T13:49:36Z,Hendrix Creek,23,26,0.0,0.09,20.52,0.8,0.1,False
2026-09-05T13:49:36Z,Hudson River (Bronx),24,WI,0.0,0.62,4.38,0.79,0.1,False
2026-09-05T13:49:36Z,Hudson River (Manhattan),25,NR,0.0,0.41,8.4,1.16,0.1,False
2026-09-05T13:49:36Z,"Hutchinson River, Lower",26,HP,0.0,0.05,57.81,0.59,0.1,False
2026-09-05T13:49:36Z,Jamaica Bay (Brooklyn),27,26,0.0,1.46,1.43,1.97,0.1,False
2026-09-05T13:49:36Z,Jamaica Bay (Queens),42,JA,0.0,0.74,4.07,0.99,0.1,False
2026-09-05T13:49:36Z,Kill Van Kull,28,PR,0.0,0.44,9.88,1.46,0.1,False
2026-09-05T13:49:36Z,Little Neck Bay,29,TI,0.0,0.46,7.65,1.21,0.1,False
2026-09-05T13:49:36Z,Lower New York Bay,2,OB,0.0,1.3,2.06,1.45,0.1,False
2026-09-05T13:49:36Z,Mill Basin,31,CI,0.0,1.34,1.49,2.39,0.1,False
2026-09-05T13:49:36Z,Newark Bay,32,PR,0.0,0.39,11.52,1.43,0.1,False
2026-09-05T13:49:36Z,"Newtown Creek, Lower",34,NC,0.0,0.3,28.56,0.91,0.1,False
2026-09-05T13:49:36Z,"Newtown Creek, Upper",33,NC,0.0,0.23,49.45,0.78,0.1,False
2026-09-05T13:49:36Z,Paerdegat Basin,35,CI,0.0,0.38,11.25,1.38,0.1,False
2026-09-05T13:49:36Z,Powell Cove,36,TI,0.0,0.9,3.39,1.22,0.1,False
2026-09-05T13:49:36Z,Sheepshead Bay,37,CI,0.0,0.18,12.63,0.83,0.1,False
2026-09-05T13:49:36Z,Shellbank Basin,44,JA,0.0,0.34,10.55,1.15,0.1,False
2026-09-05T13:49:36Z,Spring Creek,38,26,0.0,0.64,11.14,1.08,0.1,False
2026-09-05T13:49:36Z,Thurston Basin,45,JA,0.0,0.05,32.63,0.79,0.1,False
2026-09-05T13:49:36Z,Upper New York Bay,39,OH,0.0,0.34,11.93,1.26,0.1,False
2026-09-05T13:49:36Z,Westchester Creek,40,HP,0.0,0.19,21.55,1.13,0.1,False
2026-09-05T13:49:36Z,Western Long Island Sound,41,HP,0.0,2.0,0.05,0.66,0.1,False
2026-09-05T16:35:06Z,Alley Creek,1,TI,0.0,0.05,37.04,0.62,0.1,False
2026-09-05T16:35:06Z,"Arthur Kill, Lower",3,OB,0.0,0.7,5.22,1.54,0.1,False
2026-09-05T16:35:06Z,"Arthur Kill, Upper",4,OB,0.0,0.1,23.08,0.83,0.1,False
2026-09-05T16:35:06Z,Bergen Basin,43,JA,0.0,0.05,34.41,0.7,0.1,False
2026-09-05T16:35:06Z,Bowery Bay,5,BB,0.0,0.29,11.25,1.06,0.1,False
2026-09-05T16:35:06Z,"Bronx River, Lower",6,HP,0.0,0.05,53.67,0.45,0.1,False
2026-09-05T16:35:06Z,Coney Island Creek,7,CI,0.0,0.05,69.6,0.3,0.1,False
2026-09-05T16:35:06Z,East River (near Steinway Creek),9,BB,0.0,0.54,14.96,0.9,0.1,False
2026-09-05T16:35:06Z,East River (near Throgs Neck),11,TI,0.0,1.0,3.0,1.47,0.1,False
2026-09-05T16:35:06Z,East River (RFK to Whitestone),10,TI,0.0,0.61,5.65,1.3,0.1,False
2026-09-05T16:35:06Z,"East River, Lower",8,NC,0.0,0.8,4.38,1.56,0.1,False
2026-09-05T16:35:06Z,Eastchester Bay,12,HP,0.0,1.53,1.51,1.62,0.1,False
2026-09-05T16:35:06Z,Erie Basin,13,RH,0.0,0.27,13.73,1.16,0.1,False
2026-09-05T16:35:06Z,Flushing Bay,14,BB,0.0,0.19,32.63,0.76,0.1,False
2026-09-05T16:35:06Z,Flushing Creek,15,TI,0.0,0.05,59.69,0.64,0.1,False
2026-09-05T16:35:06Z,Fresh Creek,16,26,0.0,0.05,30.38,0.67,0.1,False
2026-09-05T16:35:06Z,"Fresh Kills, Lower",17,PR,0.0,0.16,20.48,1.05,0.1,False
2026-09-05T16:35:06Z,"Fresh Kills, Upper",18,PR,0.0,0.15,39.81,0.81,0.1,False
2026-09-05T16:35:06Z,Gerritsen Creek,19,RK,0.0,0.4,7.9,1.07,0.1,False
2026-09-05T16:35:06Z,"Gowanus Canal, Inner",20,RH,0.0,0.23,15.08,1.09,0.1,False
2026-09-05T16:35:06Z,"Gowanus Canal, Outer",21,RH,0.0,0.46,28.85,0.92,0.1,False
2026-09-05T16:35:06Z,Gravesend Bay,30,OH,0.0,0.1,24.63,0.76,0.1,False
2026-09-05T16:35:06Z,Harlem River,22,WI,0.0,0.5,17.24,0.89,0.1,False
2026-09-05T16:35:06Z,Hendrix Creek,23,26,0.0,0.09,20.52,0.8,0.1,False
2026-09-05T16:35:06Z,Hudson River (Bronx),24,WI,0.0,0.62,4.38,0.79,0.1,False
2026-09-05T16:35:06Z,Hudson River (Manhattan),25,NR,0.0,0.41,8.4,1.16,0.1,False
2026-09-05T16:35:06Z,"Hutchinson River, Lower",26,HP,0.0,0.05,57.81,0.59,0.1,False
2026-09-05T16:35:06Z,Jamaica Bay (Brooklyn),27,26,0.0,1.46,1.43,1.97,0.1,False
2026-09-05T16:35:06Z,Jamaica Bay (Queens),42,JA,0.0,0.74,4.07,0.99,0.1,False
2026-09-05T16:35:06Z,Kill Van Kull,28,PR,0.0,0.44,9.88,1.46,0.1,False
2026-09-05T16:35:06Z,Little Neck Bay,29,TI,0.0,0.46,7.65,1.21,0.1,False
2026-09-05T16:35:06Z,Lower New York Bay,2,OB,0.0,1.3,2.06,1.45,0.1,False
2026-09-05T16:35:06Z,Mill Basin,31,CI,0.0,1.34,1.49,2.39,0.1,False
2026-09-05T16:35:06Z,Newark Bay,32,PR,0.0,0.39,11.52,1.43,0.1,False
2026-09-05T16:35:06Z,"Newtown Creek, Lower",34,NC,0.0,0.3,28.56,0.91,0.1,False
2026-09-05T16:35:06Z,"Newtown Creek, Upper",33,NC,0.0,0.23,49.45,0.78,0.1,False
2026-09-05T16:35:06Z,Paerdegat Basin,35,CI,0.0,0.38,11.25,1.38,0.1,False
2026-09-05T16:35:06Z,Powell Cove,36,TI,0.0,0.9,3.39,1.22,0.1,False
2026-09-05T16:35:06Z,Sheepshead Bay,37,CI,0.0,0.18,12.63,0.83,0.1,False
2026-09-05T16:35:06Z,Shellbank Basin,44,JA,0.0,0.34,10.55,1.15,0.1,False
2026-09-05T16:35:06Z,Spring Creek,38,26,0.0,0.64,11.14,1.08,0.1,False
2026-09-05T16:35:06Z,Thurston Basin,45,JA,0.0,0.05,32.63,0.79,0.1,False
2026-09-05T16:35:06Z,Upper New York Bay,39,OH,0.0,0.34,11.93,1.26,0.1,False
2026-09-05T16:35:06Z,Westchester Creek,40,HP,0.0,0.19,21.55,1.13,0.1,False
2026-09-05T16:35:06Z,Western Long Island Sound,41,HP,0.0,2.0,0.05,0.66,0.1,False
2026-09-05T16:44:40Z,Alley Creek,1,TI,0.0,0.05,37.04,0.62,0.1,False
2026-09-05T16:44:40Z,"Arthur Kill, Lower",3,OB,0.0,0.7,5.22,1.54,0.1,False
2026-09-05T16:44:40Z,"Arthur Kill, Upper",4,OB,0.0,0.1,23.08,0.83,0.1,False
2026-09-05T16:44:40Z,Bergen Basin,43,JA,0.0,0.05,34.41,0.7,0.1,False
2026-09-05T16:44:40Z,Bowery Bay,5,BB,0.0,0.29,11.25,1.06,0.1,False
2026-09-05T16:44:40Z,"Bronx River, Lower",6,HP,0.0,0.05,53.67,0.45,0.1,False
2026-09-05T16:44:40Z,Coney Island Creek,7,CI,0.0,0.05,69.6,0.3,0.1,False
2026-09-05T16:44:40Z,East River (near Steinway Creek),9,BB,0.0,0.54,14.96,0.9,0.1,False
2026-09-05T16:44:40Z,East River (near Throgs Neck),11,TI,0.0,1.0,3.0,1.47,0.1,False
2026-09-05T16:44:40Z,East River (RFK to Whitestone),10,TI,0.0,0.61,5.65,1.3,0.1,False
2026-09-05T16:44:40Z,"East River, Lower",8,NC,0.0,0.8,4.38,1.56,0.1,False
2026-09-05T16:44:40Z,Eastchester Bay,12,HP,0.0,1.53,1.51,1.62,0.1,False
2026-09-05T16:44:40Z,Erie Basin,13,RH,0.0,0.27,13.73,1.16,0.1,False
2026-09-05T16:44:40Z,Flushing Bay,14,BB,0.0,0.19,32.63,0.76,0.1,False
2026-09-05T16:44:40Z,Flushing Creek,15,TI,0.0,0.05,59.69,0.64,0.1,False
2026-09-05T16:44:40Z,Fresh Creek,16,26,0.0,0.05,30.38,0.67,0.1,False
2026-09-05T16:44:40Z,"Fresh Kills, Lower",17,PR,0.0,0.16,20.48,1.05,0.1,False
2026-09-05T16:44:40Z,"Fresh Kills, Upper",18,PR,0.0,0.15,39.81,0.81,0.1,False
2026-09-05T16:44:40Z,Gerritsen Creek,19,RK,0.0,0.4,7.9,1.07,0.1,False
2026-09-05T16:44:40Z,"Gowanus Canal, Inner",20,RH,0.0,0.23,15.08,1.09,0.1,False
2026-09-05T16:44:40Z,"Gowanus Canal, Outer",21,RH,0.0,0.46,28.85,0.92,0.1,False
2026-09-05T16:44:40Z,Gravesend Bay,30,OH,0.0,0.1,24.63,0.76,0.1,False
2026-09-05T16:44:40Z,Harlem River,22,WI,0.0,0.5,17.24,0.89,0.1,False
2026-09-05T16:44:40Z,Hendrix Creek,23,26,0.0,0.09,20.52,0.8,0.1,False
2026-09-05T16:44:40Z,Hudson River (Bronx),24,WI,0.0,0.62,4.38,0.79,0.1,False
2026-09-05T16:44:40Z,Hudson River (Manhattan),25,NR,0.0,0.41,8.4,1.16,0.1,False
2026-09-05T16:44:40Z,"Hutchinson River, Lower",26,HP,0.0,0.05,57.81,0.59,0.1,False
2026-09-05T16:44:40Z,Jamaica Bay (Brooklyn),27,26,0.0,1.46,1.43,1.97,0.1,False
2026-09-05T16:44:40Z,Jamaica Bay (Queens),42,JA,0.0,0.74,4.07,0.99,0.1,False
2026-09-05T16:44:40Z,Kill Van Kull,28,PR,0.0,0.44,9.88,1.46,0.1,False
2026-09-05T16:44:40Z,Little Neck Bay,29,TI,0.0,0.46,7.65,1.21,0.1,False
2026-09-05T16:44:40Z,Lower New York Bay,2,OB,0.0,1.3,2.06,1.45,0.1,False
2026-09-05T16:44:40Z,Mill Basin,31,CI,0.0,1.34,1.49,2.39,0.1,False
2026-09-05T16:44:40Z,Newark Bay,32,PR,0.0,0.39,11.52,1.43,0.1,False
2026-09-05T16:44:40Z,"Newtown Creek, Lower",34,NC,0.0,0.3,28.56,0.91,0.1,False
2026-09-05T16:44:40Z,"Newtown Creek, Upper",33,NC,0.0,0.23,49.45,0.78,0.1,False
2026-09-05T16:44:40Z,Paerdegat Basin,35,CI,0.0,0.38,11.25,1.38,0.1,False
2026-09-05T16:44:40Z,Powell Cove,36,TI,0.0,0.9,3.39,1.22,0.1,False
2026-09-05T16:44:40Z,Sheepshead Bay,37,CI,0.0,0.18,12.63,0.83,0.1,False
2026-09-05T16:44:40Z,Shellbank Basin,44,JA,0.0,0.34,10.55,1.15,0.1,False
2026-09-05T16:44:40Z,Spring Creek,38,26,0.0,0.64,11.14,1.08,0.1,False
2026-09-05T16:44:40Z,Thurston Basin,45,JA,0.0,0.05,32.63,0.79,0.1,False
2026-09-05T16:44:40Z,Upper New York Bay,39,OH,0.0,0.34,11.93,1.26,0.1,False
2026-09-05T16:44:40Z,Westchester Creek,40,HP,0.0,0.19,21.55,1.13,0.1,False
2026-09-05T16:44:40Z,Western Long Island Sound,41,HP,0.0,2.0,0.05,0.66,0.1,False
2026-09-05T18:58:25Z,Alley Creek,1,TI,0.0,0.05,37.04,0.62,0.1,False
2026-09-05T18:58:25Z,"Arthur Kill, Lower",3,OB,0.0,0.7,5.22,1.54,0.1,False
2026-09-05T18:58:25Z,"Arthur Kill, Upper",4,OB,0.0,0.1,23.08,0.83,0.1,False
2026-09-05T18:58:25Z,Bergen Basin,43,JA,0.0,0.05,34.41,0.7,0.1,False
2026-09-05T18:58:25Z,Bowery Bay,5,BB,0.0,0.29,11.25,1.06,0.1,False
2026-09-05T18:58:25Z,"Bronx River, Lower",6,HP,0.0,0.05,53.67,0.45,0.1,False
2026-09-05T18:58:25Z,Coney Island Creek,7,CI,0.0,0.05,69.6,0.3,0.1,False
2026-09-05T18:58:25Z,East River (near Steinway Creek),9,BB,0.0,0.54,14.96,0.9,0.1,False
2026-09-05T18:58:25Z,East River (near Throgs Neck),11,TI,0.0,1.0,3.0,1.47,0.1,False
2026-09-05T18:58:25Z,East River (RFK to Whitestone),10,TI,0.0,0.61,5.65,1.3,0.1,False
2026-09-05T18:58:25Z,"East River, Lower",8,NC,0.0,0.8,4.38,1.56,0.1,False
2026-09-05T18:58:25Z,Eastchester Bay,12,HP,0.0,1.53,1.51,1.62,0.1,False
2026-09-05T18:58:25Z,Erie Basin,13,RH,0.0,0.27,13.73,1.16,0.1,False
2026-09-05T18:58:25Z,Flushing Bay,14,BB,0.0,0.19,32.63,0.76,0.1,False
2026-09-05T18:58:25Z,Flushing Creek,15,TI,0.0,0.05,59.69,0.64,0.1,False
2026-09-05T18:58:25Z,Fresh Creek,16,26,0.0,0.05,30.38,0.67,0.1,False
2026-09-05T18:58:25Z,"Fresh Kills, Lower",17,PR,0.0,0.16,20.48,1.05,0.1,False
2026-09-05T18:58:25Z,"Fresh Kills, Upper",18,PR,0.0,0.15,39.81,0.81,0.1,False
2026-09-05T18:58:25Z,Gerritsen Creek,19,RK,0.0,0.4,7.9,1.07,0.1,False
2026-09-05T18:58:25Z,"Gowanus Canal, Inner",20,RH,0.0,0.23,15.08,1.09,0.1,False
2026-09-05T18:58:25Z,"Gowanus Canal, Outer",21,RH,0.0,0.46,28.85,0.92,0.1,False
2026-09-05T18:58:25Z,Gravesend Bay,30,OH,0.0,0.1,24.63,0.76,0.1,False
2026-09-05T18:58:25Z,Harlem River,22,WI,0.0,0.5,17.24,0.89,0.1,False
2026-09-05T18:58:25Z,Hendrix Creek,23,26,0.0,0.09,20.52,0.8,0.1,False
2026-09-05T18:58:25Z,Hudson River (Bronx),24,WI,0.0,0.62,4.38,0.79,0.1,False
2026-09-05T18:58:25Z,Hudson River (Manhattan),25,NR,0.0,0.41,8.4,1.16,0.1,False
2026-09-05T18:58:25Z,"Hutchinson River, Lower",26,HP,0.0,0.05,57.81,0.59,0.1,False
2026-09-05T18:58:25Z,Jamaica Bay (Brooklyn),27,26,0.0,1.46,1.43,1.97,0.1,False
2026-09-05T18:58:25Z,Jamaica Bay (Queens),42,JA,0.0,0.74,4.07,0.99,0.1,False
2026-09-05T18:58:25Z,Kill Van Kull,28,PR,0.0,0.44,9.88,1.46,0.1,False
2026-09-05T18:58:25Z,Little Neck Bay,29,TI,0.0,0.46,7.65,1.21,0.1,False
2026-09-05T18:58:25Z,Lower New York Bay,2,OB,0.0,1.3,2.06,1.45,0.1,False
2026-09-05T18:58:25Z,Mill Basin,31,CI,0.0,1.34,1.49,2.39,0.1,False
2026-09-05T18:58:25Z,Newark Bay,32,PR,0.0,0.39,11.52,1.43,0.1,False
2026-09-05T18:58:25Z,"Newtown Creek, Lower",34,NC,0.0,0.3,28.56,0.91,0.1,False
2026-09-05T18:58:25Z,"Newtown Creek, Upper",33,NC,0.0,0.23,49.45,0.78,0.1,False
2026-09-05T18:58:25Z,Paerdegat Basin,35,CI,0.0,0.38,11.25,1.38,0.1,False
2026-09-05T18:58:25Z,Powell Cove,36,TI,0.0,0.9,3.39,1.22,0.1,False
2026-09-05T18:58:25Z,Sheepshead Bay,37,CI,0.0,0.18,12.63,0.83,0.1,False
2026-09-05T18:58:25Z,Shellbank Basin,44,JA,0.0,0.34,10.55,1.15,0.1,False
2026-09-05T18:58:25Z,Spring Creek,38,26,0.0,0.64,11.14,1.08,0.1,False
2026-09-05T18:58:25Z,Thurston Basin,45,JA,0.0,0.05,32.63,0.79,0.1,False
2026-09-05T18:58:25Z,Upper New York Bay,39,OH,0.0,0.34,11.93,1.26,0.1,False
2026-09-05T18:58:25Z,Westchester Creek,40,HP,0.0,0.19,21.55,1.13,0.1,False
2026-09-05T18:58:25Z,Western Long Island Sound,41,HP,0.0,2.0,0.05,0.66,0.1,False
2026-09-05T21:07:15Z,Alley Creek,1,TI,0.0,0.05,37.04,0.62,0.1,False
2026-09-05T21:07:15Z,"Arthur Kill, Lower",3,OB,0.0,0.7,5.22,1.54,0.1,False
2026-09-05T21:07:15Z,"Arthur Kill, Upper",4,OB,0.0,0.1,23.08,0.83,0.1,False
2026-09-05T21:07:15Z,Bergen Basin,43,JA,0.0,0.05,34.41,0.7,0.1,False
2026-09-05T21:07:15Z,Bowery Bay,5,BB,0.0,0.29,11.25,1.06,0.1,False
2026-09-05T21:07:15Z,"Bronx River, Lower",6,HP,0.0,0.05,53.67,0.45,0.1,False
2026-09-05T21:07:15Z,Coney Island Creek,7,CI,0.0,0.05,69.6,0.3,0.1,False
2026-09-05T21:07:15Z,East River (near Steinway Creek),9,BB,0.0,0.54,14.96,0.9,0.1,False
2026-09-05T21:07:15Z,East River (near Throgs Neck),11,TI,0.0,1.0,3.0,1.47,0.1,False
2026-09-05T21:07:15Z,East River (RFK to Whitestone),10,TI,0.0,0.61,5.65,1.3,0.1,False
2026-09-05T21:07:15Z,"East River, Lower",8,NC,0.0,0.8,4.38,1.56,0.1,False
2026-09-05T21:07:15Z,Eastchester Bay,12,HP,0.0,1.53,1.51,1.62,0.1,False
2026-09-05T21:07:15Z,Erie Basin,13,RH,0.0,0.27,13.73,1.16,0.1,False
2026-09-05T21:07:15Z,Flushing Bay,14,BB,0.0,0.19,32.63,0.76,0.1,False
2026-09-05T21:07:15Z,Flushing Creek,15,TI,0.0,0.05,59.69,0.64,0.1,False
2026-09-05T21:07:15Z,Fresh Creek,16,26,0.0,0.05,30.38,0.67,0.1,False
2026-09-05T21:07:15Z,"Fresh Kills, Lower",17,PR,0.0,0.16,20.48,1.05,0.1,False
2026-09-05T21:07:15Z,"Fresh Kills, Upper",18,PR,0.0,0.15,39.81,0.81,0.1,False
2026-09-05T21:07:15Z,Gerritsen Creek,19,RK,0.0,0.4,7.9,1.07,0.1,False
2026-09-05T21:07:15Z,"Gowanus Canal, Inner",20,RH,0.0,0.23,15.08,1.09,0.1,False
2026-09-05T21:07:15Z,"Gowanus Canal, Outer",21,RH,0.0,0.46,28.85,0.92,0.1,False
2026-09-05T21:07:15Z,Gravesend Bay,30,OH,0.0,0.1,24.63,0.76,0.1,False
2026-09-05T21:07:15Z,Harlem River,22,WI,0.0,0.5,17.24,0.89,0.1,False
2026-09-05T21:07:15Z,Hendrix Creek,23,26,0.0,0.09,20.52,0.8,0.1,False
2026-09-05T21:07:15Z,Hudson River (Bronx),24,WI,0.0,0.62,4.38,0.79,0.1,False
2026-09-05T21:07:15Z,Hudson River (Manhattan),25,NR,0.0,0.41,8.4,1.16,0.1,False
2026-09-05T21:07:15Z,"Hutchinson River, Lower",26,HP,0.0,0.05,57.81,0.59,0.1,False
2026-09-05T21:07:15Z,Jamaica Bay (Brooklyn),27,26,0.0,1.46,1.43,1.97,0.1,False
2026-09-05T21:07:15Z,Jamaica Bay (Queens),42,JA,0.0,0.74,4.07,0.99,0.1,False
2026-09-05T21:07:15Z,Kill Van Kull,28,PR,0.0,0.44,9.88,1.46,0.1,False
2026-09-05T21:07:15Z,Little Neck Bay,29,TI,0.0,0.46,7.65,1.21,0.1,False
2026-09-05T21:07:15Z,Lower New York Bay,2,OB,0.0,1.3,2.06,1.45,0.1,False
2026-09-05T21:07:15Z,Mill Basin,31,CI,0.0,1.34,1.49,2.39,0.1,False
2026-09-05T21:07:15Z,Newark Bay,32,PR,0.0,0.39,11.52,1.43,0.1,False
2026-09-05T21:07:15Z,"Newtown Creek, Lower",34,NC,0.0,0.3,28.56,0.91,0.1,False
2026-09-05T21:07:15Z,"Newtown Creek, Upper",33,NC,0.0,0.23,49.45,0.78,0.1,False
2026-09-05T21:07:15Z,Paerdegat Basin,35,CI,0.0,0.38,11.25,1.38,0.1,False
2026-09-05T21:07:15Z,Powell Cove,36,TI,0.0,0.9,3.39,1.22,0.1,False
2026-09-05T21:07:15Z,Sheepshead Bay,37,CI,0.0,0.18,12.63,0.83,0.1,False
2026-09-05T21:07:15Z,Shellbank Basin,44,JA,0.0,0.34,10.55,1.15,0.1,False
2026-09-05T21:07:15Z,Spring Creek,38,26,0.0,0.64,11.14,1.08,0.1,False
2026-09-05T21:07:15Z,Thurston Basin,45,JA,0.0,0.05,32.63,0.79,0.1,False
2026-09-05T21:07:15Z,Upper New York Bay,39,OH,0.0,0.34,11.93,1.26,0.1,False
2026-09-05T21:07:15Z,Westchester Creek,40,HP,0.0,0.19,21.55,1.13,0.1,False
2026-09-05T21:07:15Z,Western Long Island Sound,41,HP,0.0,2.0,0.05,0.66,0.1,False
2026-09-05T23:13:16Z,Alley Creek,1,TI,0.0,0.05,37.04,0.62,0.1,False
2026-09-05T23:13:16Z,"Arthur Kill, Lower",3,OB,0.0,0.7,5.22,1.54,0.1,False
2026-09-05T23:13:16Z,"Arthur Kill, Upper",4,OB,0.0,0.1,23.08,0.83,0.1,False
2026-09-05T23:13:16Z,Bergen Basin,43,JA,0.0,0.05,34.41,0.7,0.1,False
2026-09-05T23:13:16Z,Bowery Bay,5,BB,0.0,0.29,11.25,1.06,0.1,False
2026-09-05T23:13:16Z,"Bronx River, Lower",6,HP,0.0,0.05,53.67,0.45,0.1,False
2026-09-05T23:13:16Z,Coney Island Creek,7,CI,0.0,0.05,69.6,0.3,0.1,False
2026-09-05T23:13:16Z,East River (near Steinway Creek),9,BB,0.0,0.54,14.96,0.9,0.1,False
2026-09-05T23:13:16Z,East River (near Throgs Neck),11,TI,0.0,1.0,3.0,1.47,0.1,False
2026-09-05T23:13:16Z,East River (RFK to Whitestone),10,TI,0.0,0.61,5.65,1.3,0.1,False
2026-09-05T23:13:16Z,"East River, Lower",8,NC,0.0,0.8,4.38,1.56,0.1,False
2026-09-05T23:13:16Z,Eastchester Bay,12,HP,0.0,1.53,1.51,1.62,0.1,False
2026-09-05T23:13:16Z,Erie Basin,13,RH,0.0,0.27,13.73,1.16,0.1,False
2026-09-05T23:13:16Z,Flushing Bay,14,BB,0.0,0.19,32.63,0.76,0.1,False
2026-09-05T23:13:16Z,Flushing Creek,15,TI,0.0,0.05,59.69,0.64,0.1,False
2026-09-05T23:13:16Z,Fresh Creek,16,26,0.0,0.05,30.38,0.67,0.1,False
2026-09-05T23:13:16Z,"Fresh Kills, Lower",17,PR,0.0,0.16,20.48,1.05,0.1,False
2026-09-05T23:13:16Z,"Fresh Kills, Upper",18,PR,0.0,0.15,39.81,0.81,0.1,False
2026-09-05T23:13:16Z,Gerritsen Creek,19,RK,0.0,0.4,7.9,1.07,0.1,False
2026-09-05T23:13:16Z,"Gowanus Canal, Inner",20,RH,0.0,0.23,15.08,1.09,0.1,False
2026-09-05T23:13:16Z,"Gowanus Canal, Outer",21,RH,0.0,0.46,28.85,0.92,0.1,False
2026-09-05T23:13:16Z,Gravesend Bay,30,OH,0.0,0.1,24.63,0.76,0.1,False
2026-09-05T23:13:16Z,Harlem River,22,WI,0.0,0.5,17.24,0.89,0.1,False
2026-09-05T23:13:16Z,Hendrix Creek,23,26,0.0,0.09,20.52,0.8,0.1,False
2026-09-05T23:13:16Z,Hudson River (Bronx),24,WI,0.0,0.62,4.38,0.79,0.1,False
2026-09-05T23:13:16Z,Hudson River (Manhattan),25,NR,0.0,0.41,8.4,1.16,0.1,False
2026-09-05T23:13:16Z,"Hutchinson River, Lower",26,HP,0.0,0.05,57.81,0.59,0.1,False
2026-09-05T23:13:16Z,Jamaica Bay (Brooklyn),27,26,0.0,1.46,1.43,1.97,0.1,False
2026-09-05T23:13:16Z,Jamaica Bay (Queens),42,JA,0.0,0.74,4.07,0.99,0.1,False
2026-09-05T23:13:16Z,Kill Van Kull,28,PR,0.0,0.44,9.88,1.46,0.1,False
2026-09-05T23:13:16Z,Little Neck Bay,29,TI,0.0,0.46,7.65,1.21,0.1,False
2026-09-05T23:13:16Z,Lower New York Bay,2,OB,0.0,1.3,2.06,1.45,0.1,False
2026-09-05T23:13:16Z,Mill Basin,31,CI,0.0,1.34,1.49,2.39,0.1,False
2026-09-05T23:13:16Z,Newark Bay,32,PR,0.0,0.39,11.52,1.43,0.1,False
2026-09-05T23:13:16Z,"Newtown Creek, Lower",34,NC,0.0,0.3,28.56,0.91,0.1,False
2026-09-05T23:13:16Z,"Newtown Creek, Upper",33,NC,0.0,0.23,49.45,0.78,0.1,False
2026-09-05T23:13:16Z,Paerdegat Basin,35,CI,0.0,0.38,11.25,1.38,0.1,False
2026-09-05T23:13:16Z,Powell Cove,36,TI,0.0,0.9,3.39,1.22,0.1,False
2026-09-05T23:13:16Z,Sheepshead Bay,37,CI,0.0,0.18,12.63,0.83,0.1,False
2026-09-05T23:13:16Z,Shellbank Basin,44,JA,0.0,0.34,10.55,1.15,0.1,False
2026-09-05T23:13:16Z,Spring Creek,38,26,0.0,0.64,11.14,1.08,0.1,False
2026-09-05T23:13:16Z,Thurston Basin,45,JA,0.0,0.05,32.63,0.79,0.1,False
2026-09-05T23:13:16Z,Upper New York Bay,39,OH,0.0,0.34,11.93,1.26,0.1,False
2026-09-05T23:13:16Z,Westchester Creek,40,HP,0.0,0.19,21.55,1.13,0.1,False
2026-09-05T23:13:16Z,Western Long Island Sound,41,HP,0.0,2.0,0.05,0.66,0.1,False
2026-09-06T01:17:27Z,Alley Creek,1,TI,0.0,0.05,37.04,0.62,0.1,False
2026-09-06T01:17:27Z,"Arthur Kill, Lower",3,OB,0.0,0.7,5.22,1.54,0.1,False
2026-09-06T01:17:27Z,"Arthur Kill, Upper",4,OB,0.0,0.1,23.08,0.83,0.1,False
2026-09-06T01:17:27Z,Bergen Basin,43,JA,0.0,0.05,34.41,0.7,0.1,False
2026-09-06T01:17:27Z,Bowery Bay,5,BB,0.0,0.29,11.25,1.06,0.1,False
2026-09-06T01:17:27Z,"Bronx River, Lower",6,HP,0.0,0.05,53.67,0.45,0.1,False
2026-09-06T01:17:27Z,Coney Island Creek,7,CI,0.0,0.05,69.6,0.3,0.1,False
2026-09-06T01:17:27Z,East River (near Steinway Creek),9,BB,0.0,0.54,14.96,0.9,0.1,False
2026-09-06T01:17:27Z,East River (near Throgs Neck),11,TI,0.0,1.0,3.0,1.47,0.1,False
2026-09-06T01:17:27Z,East River (RFK to Whitestone),10,TI,0.0,0.61,5.65,1.3,0.1,False
2026-09-06T01:17:27Z,"East River, Lower",8,NC,0.0,0.8,4.38,1.56,0.1,False
2026-09-06T01:17:27Z,Eastchester Bay,12,HP,0.0,1.53,1.51,1.62,0.1,False
2026-09-06T01:17:27Z,Erie Basin,13,RH,0.0,0.27,13.73,1.16,0.1,False
2026-09-06T01:17:27Z,Flushing Bay,14,BB,0.0,0.19,32.63,0.76,0.1,False
2026-09-06T01:17:27Z,Flushing Creek,15,TI,0.0,0.05,59.69,0.64,0.1,False
2026-09-06T01:17:27Z,Fresh Creek,16,26,0.0,0.05,30.38,0.67,0.1,False
2026-09-06T01:17:27Z,"Fresh Kills, Lower",17,PR,0.0,0.16,20.48,1.05,0.1,False
2026-09-06T01:17:27Z,"Fresh Kills, Upper",18,PR,0.0,0.15,39.81,0.81,0.1,False
2026-09-06T01:17:27Z,Gerritsen Creek,19,RK,0.0,0.4,7.9,1.07,0.1,False
2026-09-06T01:17:27Z,"Gowanus Canal, Inner",20,RH,0.0,0.23,15.08,1.09,0.1,False
2026-09-06T01:17:27Z,"Gowanus Canal, Outer",21,RH,0.0,0.46,28.85,0.92,0.1,False
2026-09-06T01:17:27Z,Gravesend Bay,30,OH,0.0,0.1,24.63,0.76,0.1,False
2026-09-06T01:17:27Z,Harlem River,22,WI,0.0,0.5,17.24,0.89,0.1,False
2026-09-06T01:17:27Z,Hendrix Creek,23,26,0.0,0.09,20.52,0.8,0.1,False
2026-09-06T01:17:27Z,Hudson River (Bronx),24,WI,0.0,0.62,4.38,0.79,0.1,False
2026-09-06T01:17:27Z,Hudson River (Manhattan),25,NR,0.0,0.41,8.4,1.16,0.1,False
2026-09-06T01:17:27Z,"Hutchinson River, Lower",26,HP,0.0,0.05,57.81,0.59,0.1,False
2026-09-06T01:17:27Z,Jamaica Bay (Brooklyn),27,26,0.0,1.46,1.43,1.97,0.1,False
2026-09-06T01:17:27Z,Jamaica Bay (Queens),42,JA,0.0,0.74,4.07,0.99,0.1,False
2026-09-06T01:17:27Z,Kill Van Kull,28,PR,0.0,0.44,9.88,1.46,0.1,False
2026-09-06T01:17:27Z,Little Neck Bay,29,TI,0.0,0.46,7.65,1.21,0.1,False
2026-09-06T01:17:27Z,Lower New York Bay,2,OB,0.0,1.3,2.06,1.45,0.1,False
2026-09-06T01:17:27Z,Mill Basin,31,CI,0.0,1.34,1.49,2.39,0.1,False
2026-09-06T01:17:27Z,Newark Bay,32,PR,0.0,0.39,11.52,1.43,0.1,False
2026-09-06T01:17:27Z,"Newtown Creek, Lower",34,NC,0.0,0.3,28.56,0.91,0.1,False
2026-09-06T01:17:27Z,"Newtown Creek, Upper",33,NC,0.0,0.23,49.45,0.78,0.1,False
2026-09-06T01:17:27Z,Paerdegat Basin,35,CI,0.0,0.38,11.25,1.38,0.1,False
2026-09-06T01:17:27Z,Powell Cove,36,TI,0.0,0.9,3.39,1.22,0.1,False
2026-09-06T01:17:27Z,Sheepshead Bay,37,CI,0.0,0.18,12.63,0.83,0.1,False
2026-09-06T01:17:27Z,Shellbank Basin,44,JA,0.0,0.34,10.55,1.15,0.1,False
2026-09-06T01:17:27Z,Spring Creek,38,26,0.0,0.64,11.14,1.08,0.1,False
2026-09-06T01:17:27Z,Thurston Basin,45,JA,0.0,0.05,32.63,0.79,0.1,False
2026-09-06T01:17:27Z,Upper New York Bay,39,OH,0.0,0.34,11.93,1.26,0.1,False
2026-09-06T01:17:27Z,Westchester Creek,40,HP,0.0,0.19,21.55,1.13,0.1,False
2026-09-06T01:17:27Z,Western Long Island Sound,41,HP,0.0,2.0,0.05,0.66,0.1,False
2026-09-06T06:27:28Z,Alley Creek,1,TI,0.0,0.05,37.04,0.62,0.1,False
2026-09-06T06:27:28Z,"Arthur Kill, Lower",3,OB,0.0,0.7,5.22,1.54,0.1,False
2026-09-06T06:27:28Z,"Arthur Kill, Upper",4,OB,0.0,0.1,23.08,0.83,0.1,False
2026-09-06T06:27:28Z,Bergen Basin,43,JA,0.0,0.05,34.41,0.7,0.1,False
2026-09-06T06:27:28Z,Bowery Bay,5,BB,0.0,0.29,11.25,1.06,0.1,False
2026-09-06T06:27:28Z,"Bronx River, Lower",6,HP,0.0,0.05,53.67,0.45,0.1,False
2026-09-06T06:27:28Z,Coney Island Creek,7,CI,0.0,0.05,69.6,0.3,0.1,False
2026-09-06T06:27:28Z,East River (near Steinway Creek),9,BB,0.0,0.54,14.96,0.9,0.1,False
2026-09-06T06:27:28Z,East River (near Throgs Neck),11,TI,0.0,1.0,3.0,1.47,0.1,False
2026-09-06T06:27:28Z,East River (RFK to Whitestone),10,TI,0.0,0.61,5.65,1.3,0.1,False
2026-09-06T06:27:28Z,"East River, Lower",8,NC,0.0,0.8,4.38,1.56,0.1,False
2026-09-06T06:27:28Z,Eastchester Bay,12,HP,0.0,1.53,1.51,1.62,0.1,False
2026-09-06T06:27:28Z,Erie Basin,13,RH,0.0,0.27,13.73,1.16,0.1,False
2026-09-06T06:27:28Z,Flushing Bay,14,BB,0.0,0.19,32.63,0.76,0.1,False
2026-09-06T06:27:28Z,Flushing Creek,15,TI,0.0,0.05,59.69,0.64,0.1,False
2026-09-06T06:27:28Z,Fresh Creek,16,26,0.0,0.05,30.38,0.67,0.1,False
2026-09-06T06:27:28Z,"Fresh Kills, Lower",17,PR,0.0,0.16,20.48,1.05,0.1,False
2026-09-06T06:27:28Z,"Fresh Kills, Upper",18,PR,0.0,0.15,39.81,0.81,0.1,False
2026-09-06T06:27:28Z,Gerritsen Creek,19,RK,0.0,0.4,7.9,1.07,0.1,False
2026-09-06T06:27:28Z,"Gowanus Canal, Inner",20,RH,0.0,0.23,15.08,1.09,0.1,False
2026-09-06T06:27:28Z,"Gowanus Canal, Outer",21,RH,0.0,0.46,28.85,0.92,0.1,False
2026-09-06T06:27:28Z,Gravesend Bay,30,OH,0.0,0.1,24.63,0.76,0.1,False
2026-09-06T06:27:28Z,Harlem River,22,WI,0.0,0.5,17.24,0.89,0.1,False
2026-09-06T06:27:28Z,Hendrix Creek,23,26,0.0,0.09,20.52,0.8,0.1,False
2026-09-06T06:27:28Z,Hudson River (Bronx),24,WI,0.0,0.62,4.38,0.79,0.1,False
2026-09-06T06:27:28Z,Hudson River (Manhattan),25,NR,0.0,0.41,8.4,1.16,0.1,False
2026-09-06T06:27:28Z,"Hutchinson River, Lower",26,HP,0.0,0.05,57.81,0.59,0.1,False
2026-09-06T06:27:28Z,Jamaica Bay (Brooklyn),27,26,0.0,1.46,1.43,1.97,0.1,False
2026-09-06T06:27:28Z,Jamaica Bay (Queens),42,JA,0.0,0.74,4.07,0.99,0.1,False
2026-09-06T06:27:28Z,Kill Van Kull,28,PR,0.0,0.44,9.88,1.46,0.1,False
2026-09-06T06:27:28Z,Little Neck Bay,29,TI,0.0,0.46,7.65,1.21,0.1,False
2026-09-06T06:27:28Z,Lower New York Bay,2,OB,0.0,1.3,2.06,1.45,0.1,False
2026-09-06T06:27:28Z,Mill Basin,31,CI,0.0,1.34,1.49,2.39,0.1,False
2026-09-06T06:27:28Z,Newark Bay,32,PR,0.0,0.39,11.52,1.43,0.1,False
2026-09-06T06:27:28Z,"Newtown Creek, Lower",34,NC,0.0,0.3,28.56,0.91,0.1,False
2026-09-06T06:27:28Z,"Newtown Creek, Upper",33,NC,0.0,0.23,49.45,0.78,0.1,False
2026-09-06T06:27:28Z,Paerdegat Basin,35,CI,0.0,0.38,11.25,1.38,0.1,False
2026-09-06T06:27:28Z,Powell Cove,36,TI,0.0,0.9,3.39,1.22,0.1,False
2026-09-06T06:27:28Z,Sheepshead Bay,37,CI,0.0,0.18,12.63,0.83,0.1,False
2026-09-06T06:27:28Z,Shellbank Basin,44,JA,0.0,0.34,10.55,1.15,0.1,False
2026-09-06T06:27:28Z,Spring Creek,38,26,0.0,0.64,11.14,1.08,0.1,False
2026-09-06T06:27:28Z,Thurston Basin,45,JA,0.0,0.05,32.63,0.79,0.1,False
2026-09-06T06:27:28Z,Upper New York Bay,39,OH,0.0,0.34,11.93,1.26,0.1,False
2026-09-06T06:27:28Z,Westchester Creek,40,HP,0.0,0.19,21.55,1.13,0.1,False
2026-09-06T06:27:28Z,Western Long Island Sound,41,HP,0.0,2.0,0.05,0.66,0.1,False
2026-09-06T11:17:26Z,Alley Creek,1,TI,0.0,0.05,37.04,0.62,0.1,False
2026-09-06T11:17:26Z,"Arthur Kill, Lower",3,OB,0.0,0.7,5.22,1.54,0.1,False
2026-09-06T11:17:26Z,"Arthur Kill, Upper",4,OB,0.0,0.1,23.08,0.83,0.1,False
2026-09-06T11:17:26Z,Bergen Basin,43,JA,0.0,0.05,34.41,0.7,0.1,False
2026-09-06T11:17:26Z,Bowery Bay,5,BB,0.0,0.29,11.25,1.06,0.1,False
2026-09-06T11:17:26Z,"Bronx River, Lower",6,HP,0.0,0.05,53.67,0.45,0.1,False
2026-09-06T11:17:26Z,Coney Island Creek,7,CI,0.0,0.05,69.6,0.3,0.1,False
2026-09-06T11:17:26Z,East River (near Steinway Creek),9,BB,0.0,0.54,14.96,0.9,0.1,False
2026-09-06T11:17:26Z,East River (near Throgs Neck),11,TI,0.0,1.0,3.0,1.47,0.1,False
2026-09-06T11:17:26Z,East River (RFK to Whitestone),10,TI,0.0,0.61,5.65,1.3,0.1,False
2026-09-06T11:17:26Z,"East River, Lower",8,NC,0.0,0.8,4.38,1.56,0.1,False
2026-09-06T11:17:26Z,Eastchester Bay,12,HP,0.0,1.53,1.51,1.62,0.1,False
2026-09-06T11:17:26Z,Erie Basin,13,RH,0.0,0.27,13.73,1.16,0.1,False
2026-09-06T11:17:26Z,Flushing Bay,14,BB,0.0,0.19,32.63,0.76,0.1,False
2026-09-06T11:17:26Z,Flushing Creek,15,TI,0.0,0.05,59.69,0.64,0.1,False
2026-09-06T11:17:26Z,Fresh Creek,16,26,0.0,0.05,30.38,0.67,0.1,False
2026-09-06T11:17:26Z,"Fresh Kills, Lower",17,PR,0.0,0.16,20.48,1.05,0.1,False
2026-09-06T11:17:26Z,"Fresh Kills, Upper",18,PR,0.0,0.15,39.81,0.81,0.1,False
2026-09-06T11:17:26Z,Gerritsen Creek,19,RK,0.0,0.4,7.9,1.07,0.1,False
2026-09-06T11:17:26Z,"Gowanus Canal, Inner",20,RH,0.0,0.23,15.08,1.09,0.1,False
2026-09-06T11:17:26Z,"Gowanus Canal, Outer",21,RH,0.0,0.46,28.85,0.92,0.1,False
2026-09-06T11:17:26Z,Gravesend Bay,30,OH,0.0,0.1,24.63,0.76,0.1,False
2026-09-06T11:17:26Z,Harlem River,22,WI,0.0,0.5,17.24,0.89,0.1,False
2026-09-06T11:17:26Z,Hendrix Creek,23,26,0.0,0.09,20.52,0.8,0.1,False
2026-09-06T11:17:26Z,Hudson River (Bronx),24,WI,0.0,0.62,4.38,0.79,0.1,False
2026-09-06T11:17:26Z,Hudson River (Manhattan),25,NR,0.0,0.41,8.4,1.16,0.1,False
2026-09-06T11:17:26Z,"Hutchinson River, Lower",26,HP,0.0,0.05,57.81,0.59,0.1,False
2026-09-06T11:17:26Z,Jamaica Bay (Brooklyn),27,26,0.0,1.46,1.43,1.97,0.1,False
2026-09-06T11:17:26Z,Jamaica Bay (Queens),42,JA,0.0,0.74,4.07,0.99,0.1,False
2026-09-06T11:17:26Z,Kill Van Kull,28,PR,0.0,0.44,9.88,1.46,0.1,False
2026-09-06T11:17:26Z,Little Neck Bay,29,TI,0.0,0.46,7.65,1.21,0.1,False
2026-09-06T11:17:26Z,Lower New York Bay,2,OB,0.0,1.3,2.06,1.45,0.1,False
2026-09-06T11:17:26Z,Mill Basin,31,CI,0.0,1.34,1.49,2.39,0.1,False
2026-09-06T11:17:26Z,Newark Bay,32,PR,0.0,0.39,11.52,1.43,0.1,False
2026-09-06T11:17:26Z,"Newtown Creek, Lower",34,NC,0.0,0.3,28.56,0.91,0.1,False
2026-09-06T11:17:26Z,"Newtown Creek, Upper",33,NC,0.0,0.23,49.45,0.78,0.1,False
2026-09-06T11:17:26Z,Paerdegat Basin,35,CI,0.0,0.38,11.25,1.38,0.1,False
2026-09-06T11:17:26Z,Powell Cove,36,TI,0.0,0.9,3.39,1.22,0.1,False
2026-09-06T11:17:26Z,Sheepshead Bay,37,CI,0.0,0.18,12.63,0.83,0.1,False
2026-09-06T11:17:26Z,Shellbank Basin,44,JA,0.0,0.34,10.55,1.15,0.1,False
2026-09-06T11:17:26Z,Spring Creek,38,26,0.0,0.64,11.14,1.08,0.1,False
2026-09-06T11:17:26Z,Thurston Basin,45,JA,0.0,0.05,32.63,0.79,0.1,False
2026-09-06T11:17:26Z,Upper New York Bay,39,OH,0.0,0.34,11.93,1.26,0.1,False
2026-09-06T11:17:26Z,Westchester Creek,40,HP,0.0,0.19,21.55,1.13,0.1,False
2026-09-06T11:17:26Z,Western Long Island Sound,41,HP,0.0,2.0,0.05,0.66,0.1,False
2026-09-06T14:21:57Z,Alley Creek,1,TI,0.0,0.05,37.04,0.62,0.1,False
2026-09-06T14:21:57Z,"Arthur Kill, Lower",3,OB,0.0,0.7,5.22,1.54,0.1,False
2026-09-06T14:21:57Z,"Arthur Kill, Upper",4,OB,0.0,0.1,23.08,0.83,0.1,False
2026-09-06T14:21:57Z,Bergen Basin,43,JA,0.0,0.05,34.41,0.7,0.1,False
2026-09-06T14:21:57Z,Bowery Bay,5,BB,0.0,0.29,11.25,1.06,0.1,False
2026-09-06T14:21:57Z,"Bronx River, Lower",6,HP,0.0,0.05,53.67,0.45,0.1,False
2026-09-06T14:21:57Z,Coney Island Creek,7,CI,0.0,0.05,69.6,0.3,0.1,False
2026-09-06T14:21:57Z,East River (near Steinway Creek),9,BB,0.0,0.54,14.96,0.9,0.1,False
2026-09-06T14:21:57Z,East River (near Throgs Neck),11,TI,0.0,1.0,3.0,1.47,0.1,False
2026-09-06T14:21:57Z,East River (RFK to Whitestone),10,TI,0.0,0.61,5.65,1.3,0.1,False
2026-09-06T14:21:57Z,"East River, Lower",8,NC,0.0,0.8,4.38,1.56,0.1,False
2026-09-06T14:21:57Z,Eastchester Bay,12,HP,0.0,1.53,1.51,1.62,0.1,False
2026-09-06T14:21:57Z,Erie Basin,13,RH,0.0,0.27,13.73,1.16,0.1,False
2026-09-06T14:21:57Z,Flushing Bay,14,BB,0.0,0.19,32.63,0.76,0.1,False
2026-09-06T14:21:57Z,Flushing Creek,15,TI,0.0,0.05,59.69,0.64,0.1,False
2026-09-06T14:21:57Z,Fresh Creek,16,26,0.0,0.05,30.38,0.67,0.1,False
2026-09-06T14:21:57Z,"Fresh Kills, Lower",17,PR,0.0,0.16,20.48,1.05,0.1,False
2026-09-06T14:21:57Z,"Fresh Kills, Upper",18,PR,0.0,0.15,39.81,0.81,0.1,False
2026-09-06T14:21:57Z,Gerritsen Creek,19,RK,0.0,0.4,7.9,1.07,0.1,False
2026-09-06T14:21:57Z,"Gowanus Canal, Inner",20,RH,0.0,0.23,15.08,1.09,0.1,False
2026-09-06T14:21:57Z,"Gowanus Canal, Outer",21,RH,0.0,0.46,28.85,0.92,0.1,False
2026-09-06T14:21:57Z,Gravesend Bay,30,OH,0.0,0.1,24.63,0.76,0.1,False
2026-09-06T14:21:57Z,Harlem River,22,WI,0.0,0.5,17.24,0.89,0.1,False
2026-09-06T14:21:57Z,Hendrix Creek,23,26,0.0,0.09,20.52,0.8,0.1,False
2026-09-06T14:21:57Z,Hudson River (Bronx),24,WI,0.0,0.62,4.38,0.79,0.1,False
2026-09-06T14:21:57Z,Hudson River (Manhattan),25,NR,0.0,0.41,8.4,1.16,0.1,False
2026-09-06T14:21:57Z,"Hutchinson River, Lower",26,HP,0.0,0.05,57.81,0.59,0.1,False
2026-09-06T14:21:57Z,Jamaica Bay (Brooklyn),27,26,0.0,1.46,1.43,1.97,0.1,False
2026-09-06T14:21:57Z,Jamaica Bay (Queens),42,JA,0.0,0.74,4.07,0.99,0.1,False
2026-09-06T14:21:57Z,Kill Van Kull,28,PR,0.0,0.44,9.88,1.46,0.1,False
2026-09-06T14:21:57Z,Little Neck Bay,29,TI,0.0,0.46,7.65,1.21,0.1,False
2026-09-06T14:21:57Z,Lower New York Bay,2,OB,0.0,1.3,2.06,1.45,0.1,False
2026-09-06T14:21:57Z,Mill Basin,31,CI,0.0,1.34,1.49,2.39,0.1,False
2026-09-06T14:21:57Z,Newark Bay,32,PR,0.0,0.39,11.52,1.43,0.1,False
2026-09-06T14:21:57Z,"Newtown Creek, Lower",34,NC,0.0,0.3,28.56,0.91,0.1,False
2026-09-06T14:21:57Z,"Newtown Creek, Upper",33,NC,0.0,0.23,49.45,0.78,0.1,False
2026-09-06T14:21:57Z,Paerdegat Basin,35,CI,0.0,0.38,11.25,1.38,0.1,False
2026-09-06T14:21:57Z,Powell Cove,36,TI,0.0,0.9,3.39,1.22,0.1,False
2026-09-06T14:21:57Z,Sheepshead Bay,37,CI,0.0,0.18,12.63,0.83,0.1,False
2026-09-06T14:21:57Z,Shellbank Basin,44,JA,0.0,0.34,10.55,1.15,0.1,False
2026-09-06T14:21:57Z,Spring Creek,38,26,0.0,0.64,11.14,1.08,0.1,False
2026-09-06T14:21:57Z,Thurston Basin,45,JA,0.0,0.05,32.63,0.79,0.1,False
2026-09-06T14:21:57Z,Upper New York Bay,39,OH,0.0,0.34,11.93,1.26,0.1,False
2026-09-06T14:21:57Z,Westchester Creek,40,HP,0.0,0.19,21.55,1.13,0.1,False
2026-09-06T14:21:57Z,Western Long Island Sound,41,HP,0.0,2.0,0.05,0.66,0.1,False
2026-09-06T17:18:46Z,Alley Creek,1,TI,0.0,0.05,37.04,0.62,0.1,False
2026-09-06T17:18:46Z,"Arthur Kill, Lower",3,OB,0.0,0.7,5.22,1.54,0.1,False
2026-09-06T17:18:46Z,"Arthur Kill, Upper",4,OB,0.0,0.1,23.08,0.83,0.1,False
2026-09-06T17:18:46Z,Bergen Basin,43,JA,0.0,0.05,34.41,0.7,0.1,False
2026-09-06T17:18:46Z,Bowery Bay,5,BB,0.0,0.29,11.25,1.06,0.1,False
2026-09-06T17:18:46Z,"Bronx River, Lower",6,HP,0.0,0.05,53.67,0.45,0.1,False
2026-09-06T17:18:46Z,Coney Island Creek,7,CI,0.0,0.05,69.6,0.3,0.1,False
2026-09-06T17:18:46Z,East River (near Steinway Creek),9,BB,0.0,0.54,14.96,0.9,0.1,False
2026-09-06T17:18:46Z,East River (near Throgs Neck),11,TI,0.0,1.0,3.0,1.47,0.1,False
2026-09-06T17:18:46Z,East River (RFK to Whitestone),10,TI,0.0,0.61,5.65,1.3,0.1,False
2026-09-06T17:18:46Z,"East River, Lower",8,NC,0.0,0.8,4.38,1.56,0.1,False
2026-09-06T17:18:46Z,Eastchester Bay,12,HP,0.0,1.53,1.51,1.62,0.1,False
2026-09-06T17:18:46Z,Erie Basin,13,RH,0.0,0.27,13.73,1.16,0.1,False
2026-09-06T17:18:46Z,Flushing Bay,14,BB,0.0,0.19,32.63,0.76,0.1,False
2026-09-06T17:18:46Z,Flushing Creek,15,TI,0.0,0.05,59.69,0.64,0.1,False
2026-09-06T17:18:46Z,Fresh Creek,16,26,0.0,0.05,30.38,0.67,0.1,False
2026-09-06T17:18:46Z,"Fresh Kills, Lower",17,PR,0.0,0.16,20.48,1.05,0.1,False
2026-09-06T17:18:46Z,"Fresh Kills, Upper",18,PR,0.0,0.15,39.81,0.81,0.1,False
2026-09-06T17:18:46Z,Gerritsen Creek,19,RK,0.0,0.4,7.9,1.07,0.1,False
2026-09-06T17:18:46Z,"Gowanus Canal, Inner",20,RH,0.0,0.23,15.08,1.09,0.1,False
2026-09-06T17:18:46Z,"Gowanus Canal, Outer",21,RH,0.0,0.46,28.85,0.92,0.1,False
2026-09-06T17:18:46Z,Gravesend Bay,30,OH,0.0,0.1,24.63,0.76,0.1,False
2026-09-06T17:18:46Z,Harlem River,22,WI,0.0,0.5,17.24,0.89,0.1,False
2026-09-06T17:18:46Z,Hendrix Creek,23,26,0.0,0.09,20.52,0.8,0.1,False
2026-09-06T17:18:46Z,Hudson River (Bronx),24,WI,0.0,0.62,4.38,0.79,0.1,False
2026-09-06T17:18:46Z,Hudson River (Manhattan),25,NR,0.0,0.41,8.4,1.16,0.1,False
2026-09-06T17:18:46Z,"Hutchinson River, Lower",26,HP,0.0,0.05,57.81,0.59,0.1,False
2026-09-06T17:18:46Z,Jamaica Bay (Brooklyn),27,26,0.0,1.46,1.43,1.97,0.1,False
2026-09-06T17:18:46Z,Jamaica Bay (Queens),42,JA,0.0,0.74,4.07,0.99,0.1,False
2026-09-06T17:18:46Z,Kill Van Kull,28,PR,0.0,0.44,9.88,1.46,0.1,False
2026-09-06T17:18:46Z,Little Neck Bay,29,TI,0.0,0.46,7.65,1.21,0.1,False
2026-09-06T17:18:46Z,Lower New York Bay,2,OB,0.0,1.3,2.06,1.45,0.1,False
2026-09-06T17:18:46Z,Mill Basin,31,CI,0.0,1.34,1.49,2.39,0.1,False
2026-09-06T17:18:46Z,Newark Bay,32,PR,0.0,0.39,11.52,1.43,0.1,False
2026-09-06T17:18:46Z,"Newtown Creek, Lower",34,NC,0.0,0.3,28.56,0.91,0.1,False
2026-09-06T17:18:46Z,"Newtown Creek, Upper",33,NC,0.0,0.23,49.45,0.78,0.1,False
2026-09-06T17:18:46Z,Paerdegat Basin,35,CI,0.0,0.38,11.25,1.38,0.1,False
2026-09-06T17:18:46Z,Powell Cove,36,TI,0.0,0.9,3.39,1.22,0.1,False
2026-09-06T17:18:46Z,Sheepshead Bay,37,CI,0.0,0.18,12.63,0.83,0.1,False
2026-09-06T17:18:46Z,Shellbank Basin,44,JA,0.0,0.34,10.55,1.15,0.1,False
2026-09-06T17:18:46Z,Spring Creek,38,26,0.0,0.64,11.14,1.08,0.1,False
2026-09-06T17:18:46Z,Thurston Basin,45,JA,0.0,0.05,32.63,0.79,0.1,False
2026-09-06T17:18:46Z,Upper New York Bay,39,OH,0.0,0.34,11.93,1.26,0.1,False
2026-09-06T17:18:46Z,Westchester Creek,40,HP,0.0,0.19,21.55,1.13,0.1,False
2026-09-06T17:18:46Z,Western Long Island Sound,41,HP,0.0,2.0,0.05,0.66,0.1,False
2026-09-06T19:27:15Z,Alley Creek,1,TI,0.0,0.05,37.04,0.62,0.1,False
2026-09-06T19:27:15Z,"Arthur Kill, Lower",3,OB,0.0,0.7,5.22,1.54,0.1,False
2026-09-06T19:27:15Z,"Arthur Kill, Upper",4,OB,0.0,0.1,23.08,0.83,0.1,False
2026-09-06T19:27:15Z,Bergen Basin,43,JA,0.0,0.05,34.41,0.7,0.1,False
2026-09-06T19:27:15Z,Bowery Bay,5,BB,0.0,0.29,11.25,1.06,0.1,False
2026-09-06T19:27:15Z,"Bronx River, Lower",6,HP,0.0,0.05,53.67,0.45,0.1,False
2026-09-06T19:27:15Z,Coney Island Creek,7,CI,0.0,0.05,69.6,0.3,0.1,False
2026-09-06T19:27:15Z,East River (near Steinway Creek),9,BB,0.0,0.54,14.96,0.9,0.1,False
2026-09-06T19:27:15Z,East River (near Throgs Neck),11,TI,0.0,1.0,3.0,1.47,0.1,False
2026-09-06T19:27:15Z,East River (RFK to Whitestone),10,TI,0.0,0.61,5.65,1.3,0.1,False
2026-09-06T19:27:15Z,"East River, Lower",8,NC,0.0,0.8,4.38,1.56,0.1,False
2026-09-06T19:27:15Z,Eastchester Bay,12,HP,0.0,1.53,1.51,1.62,0.1,False
2026-09-06T19:27:15Z,Erie Basin,13,RH,0.0,0.27,13.73,1.16,0.1,False
2026-09-06T19:27:15Z,Flushing Bay,14,BB,0.0,0.19,32.63,0.76,0.1,False
2026-09-06T19:27:15Z,Flushing Creek,15,TI,0.0,0.05,59.69,0.64,0.1,False
2026-09-06T19:27:15Z,Fresh Creek,16,26,0.0,0.05,30.38,0.67,0.1,False
2026-09-06T19:27:15Z,"Fresh Kills, Lower",17,PR,0.0,0.16,20.48,1.05,0.1,False
2026-09-06T19:27:15Z,"Fresh Kills, Upper",18,PR,0.0,0.15,39.81,0.81,0.1,False
2026-09-06T19:27:15Z,Gerritsen Creek,19,RK,0.0,0.4,7.9,1.07,0.1,False
2026-09-06T19:27:15Z,"Gowanus Canal, Inner",20,RH,0.0,0.23,15.08,1.09,0.1,False
2026-09-06T19:27:15Z,"Gowanus Canal, Outer",21,RH,0.0,0.46,28.85,0.92,0.1,False
2026-09-06T19:27:15Z,Gravesend Bay,30,OH,0.0,0.1,24.63,0.76,0.1,False
2026-09-06T19:27:15Z,Harlem River,22,WI,0.0,0.5,17.24,0.89,0.1,False
2026-09-06T19:27:15Z,Hendrix Creek,23,26,0.0,0.09,20.52,0.8,0.1,False
2026-09-06T19:27:15Z,Hudson River (Bronx),24,WI,0.0,0.62,4.38,0.79,0.1,False
2026-09-06T19:27:15Z,Hudson River (Manhattan),25,NR,0.0,0.41,8.4,1.16,0.1,False
2026-09-06T19:27:15Z,"Hutchinson River, Lower",26,HP,0.0,0.05,57.81,0.59,0.1,False
2026-09-06T19:27:15Z,Jamaica Bay (Brooklyn),27,26,0.0,1.46,1.43,1.97,0.1,False
2026-09-06T19:27:15Z,Jamaica Bay (Queens),42,JA,0.0,0.74,4.07,0.99,0.1,False
2026-09-06T19:27:15Z,Kill Van Kull,28,PR,0.0,0.44,9.88,1.46,0.1,False
2026-09-06T19:27:15Z,Little Neck Bay,29,TI,0.0,0.46,7.65,1.21,0.1,False
2026-09-06T19:27:15Z,Lower New York Bay,2,OB,0.0,1.3,2.06,1.45,0.1,False
2026-09-06T19:27:15Z,Mill Basin,31,CI,0.0,1.34,1.49,2.39,0.1,False
2026-09-06T19:27:15Z,Newark Bay,32,PR,0.0,0.39,11.52,1.43,0.1,False
2026-09-06T19:27:15Z,"Newtown Creek, Lower",34,NC,0.0,0.3,28.56,0.91,0.1,False
2026-09-06T19:27:15Z,"Newtown Creek, Upper",33,NC,0.0,0.23,49.45,0.78,0.1,False
2026-09-06T19:27:15Z,Paerdegat Basin,35,CI,0.0,0.38,11.25,1.38,0.1,False
2026-09-06T19:27:15Z,Powell Cove,36,TI,0.0,0.9,3.39,1.22,0.1,False
2026-09-06T19:27:15Z,Sheepshead Bay,37,CI,0.0,0.18,12.63,0.83,0.1,False
2026-09-06T19:27:15Z,Shellbank Basin,44,JA,0.0,0.34,10.55,1.15,0.1,False
2026-09-06T19:27:15Z,Spring Creek,38,26,0.0,0.64,11.14,1.08,0.1,False
2026-09-06T19:27:15Z,Thurston Basin,45,JA,0.0,0.05,32.63,0.79,0.1,False
2026-09-06T19:27:15Z,Upper New York Bay,39,OH,0.0,0.34,11.93,1.26,0.1,False
2026-09-06T19:27:15Z,Westchester Creek,40,HP,0.0,0.19,21.55,1.13,0.1,False
2026-09-06T19:27:15Z,Western Long Island Sound,41,HP,0.0,2.0,0.05,0.66,0.1,False
2026-09-06T21:38:59Z,Alley Creek,1,TI,0.0,0.05,37.04,0.62,0.1,False
2026-09-06T21:38:59Z,"Arthur Kill, Lower",3,OB,0.0,0.7,5.22,1.54,0.1,False
2026-09-06T21:38:59Z,"Arthur Kill, Upper",4,OB,0.0,0.1,23.08,0.83,0.1,False
2026-09-06T21:38:59Z,Bergen Basin,43,JA,0.0,0.05,34.41,0.7,0.1,False
2026-09-06T21:38:59Z,Bowery Bay,5,BB,0.0,0.29,11.25,1.06,0.1,False
2026-09-06T21:38:59Z,"Bronx River, Lower",6,HP,0.0,0.05,53.67,0.45,0.1,False
2026-09-06T21:38:59Z,Coney Island Creek,7,CI,0.0,0.05,69.6,0.3,0.1,False
2026-09-06T21:38:59Z,East River (near Steinway Creek),9,BB,0.0,0.54,14.96,0.9,0.1,False
2026-09-06T21:38:59Z,East River (near Throgs Neck),11,TI,0.0,1.0,3.0,1.47,0.1,False
2026-09-06T21:38:59Z,East River (RFK to Whitestone),10,TI,0.0,0.61,5.65,1.3,0.1,False
2026-09-06T21:38:59Z,"East River, Lower",8,NC,0.0,0.8,4.38,1.56,0.1,False
2026-09-06T21:38:59Z,Eastchester Bay,12,HP,0.0,1.53,1.51,1.62,0.1,False
2026-09-06T21:38:59Z,Erie Basin,13,RH,0.0,0.27,13.73,1.16,0.1,False
2026-09-06T21:38:59Z,Flushing Bay,14,BB,0.0,0.19,32.63,0.76,0.1,False
2026-09-06T21:38:59Z,Flushing Creek,15,TI,0.0,0.05,59.69,0.64,0.1,False
2026-09-06T21:38:59Z,Fresh Creek,16,26,0.0,0.05,30.38,0.67,0.1,False
2026-09-06T21:38:59Z,"Fresh Kills, Lower",17,PR,0.0,0.16,20.48,1.05,0.1,False
2026-09-06T21:38:59Z,"Fresh Kills, Upper",18,PR,0.0,0.15,39.81,0.81,0.1,False
2026-09-06T21:38:59Z,Gerritsen Creek,19,RK,0.0,0.4,7.9,1.07,0.1,False
2026-09-06T21:38:59Z,"Gowanus Canal, Inner",20,RH,0.0,0.23,15.08,1.09,0.1,False
2026-09-06T21:38:59Z,"Gowanus Canal, Outer",21,RH,0.0,0.46,28.85,0.92,0.1,False
2026-09-06T21:38:59Z,Gravesend Bay,30,OH,0.0,0.1,24.63,0.76,0.1,False
2026-09-06T21:38:59Z,Harlem River,22,WI,0.0,0.5,17.24,0.89,0.1,False
2026-09-06T21:38:59Z,Hendrix Creek,23,26,0.0,0.09,20.52,0.8,0.1,False
2026-09-06T21:38:59Z,Hudson River (Bronx),24,WI,0.0,0.62,4.38,0.79,0.1,False
2026-09-06T21:38:59Z,Hudson River (Manhattan),25,NR,0.0,0.41,8.4,1.16,0.1,False
2026-09-06T21:38:59Z,"Hutchinson River, Lower",26,HP,0.0,0.05,57.81,0.59,0.1,False
2026-09-06T21:38:59Z,Jamaica Bay (Brooklyn),27,26,0.0,1.46,1.43,1.97,0.1,False
2026-09-06T21:38:59Z,Jamaica Bay (Queens),42,JA,0.0,0.74,4.07,0.99,0.1,False
2026-09-06T21:38:59Z,Kill Van Kull,28,PR,0.0,0.44,9.88,1.46,0.1,False
2026-09-06T21:38:59Z,Little Neck Bay,29,TI,0.0,0.46,7.65,1.21,0.1,False
2026-09-06T21:38:59Z,Lower New York Bay,2,OB,0.0,1.3,2.06,1.45,0.1,False
2026-09-06T21:38:59Z,Mill Basin,31,CI,0.0,1.34,1.49,2.39,0.1,False
2026-09-06T21:38:59Z,Newark Bay,32,PR,0.0,0.39,11.52,1.43,0.1,False
2026-09-06T21:38:59Z,"Newtown Creek, Lower",34,NC,0.0,0.3,28.56,0.91,0.1,False
2026-09-06T21:38:59Z,"Newtown Creek, Upper",33,NC,0.0,0.23,49.45,0.78,0.1,False
2026-09-06T21:38:59Z,Paerdegat Basin,35,CI,0.0,0.38,11.25,1.38,0.1,False
2026-09-06T21:38:59Z,Powell Cove,36,TI,0.0,0.9,3.39,1.22,0.1,False
2026-09-06T21:38:59Z,Sheepshead Bay,37,CI,0.0,0.18,12.63,0.83,0.1,False
2026-09-06T21:38:59Z,Shellbank Basin,44,JA,0.0,0.34,10.55,1.15,0.1,False
2026-09-06T21:38:59Z,Spring Creek,38,26,0.0,0.64,11.14,1.08,0.1,False
2026-09-06T21:38:59Z,Thurston Basin,45,JA,0.0,0.05,32.63,0.79,0.1,False
2026-09-06T21:38:59Z,Upper New York Bay,39,OH,0.0,0.34,11.93,1.26,0.1,False
2026-09-06T21:38:59Z,Westchester Creek,40,HP,0.0,0.19,21.55,1.13,0.1,False
2026-09-06T21:38:59Z,Western Long Island Sound,41,HP,0.0,2.0,0.05,0.66,0.1,False
2026-09-06T23:45:47Z,Alley Creek,1,TI,0.0,0.05,37.04,0.62,0.1,False
2026-09-06T23:45:47Z,"Arthur Kill, Lower",3,OB,0.0,0.7,5.22,1.54,0.1,False
2026-09-06T23:45:47Z,"Arthur Kill, Upper",4,OB,0.0,0.1,23.08,0.83,0.1,False
2026-09-06T23:45:47Z,Bergen Basin,43,JA,0.0,0.05,34.41,0.7,0.1,False
2026-09-06T23:45:47Z,Bowery Bay,5,BB,0.0,0.29,11.25,1.06,0.1,False
2026-09-06T23:45:47Z,"Bronx River, Lower",6,HP,0.0,0.05,53.67,0.45,0.1,False
2026-09-06T23:45:47Z,Coney Island Creek,7,CI,0.0,0.05,69.6,0.3,0.1,False
2026-09-06T23:45:47Z,East River (near Steinway Creek),9,BB,0.0,0.54,14.96,0.9,0.1,False
2026-09-06T23:45:47Z,East River (near Throgs Neck),11,TI,0.0,1.0,3.0,1.47,0.1,False
2026-09-06T23:45:47Z,East River (RFK to Whitestone),10,TI,0.0,0.61,5.65,1.3,0.1,False
2026-09-06T23:45:47Z,"East River, Lower",8,NC,0.0,0.8,4.38,1.56,0.1,False
2026-09-06T23:45:47Z,Eastchester Bay,12,HP,0.0,1.53,1.51,1.62,0.1,False
2026-09-06T23:45:47Z,Erie Basin,13,RH,0.0,0.27,13.73,1.16,0.1,False
2026-09-06T23:45:47Z,Flushing Bay,14,BB,0.0,0.19,32.63,0.76,0.1,False
2026-09-06T23:45:47Z,Flushing Creek,15,TI,0.0,0.05,59.69,0.64,0.1,False
2026-09-06T23:45:47Z,Fresh Creek,16,26,0.0,0.05,30.38,0.67,0.1,False
2026-09-06T23:45:47Z,"Fresh Kills, Lower",17,PR,0.0,0.16,20.48,1.05,0.1,False
2026-09-06T23:45:47Z,"Fresh Kills, Upper",18,PR,0.0,0.15,39.81,0.81,0.1,False
2026-09-06T23:45:47Z,Gerritsen Creek,19,RK,0.0,0.4,7.9,1.07,0.1,False
2026-09-06T23:45:47Z,"Gowanus Canal, Inner",20,RH,0.0,0.23,15.08,1.09,0.1,False
2026-09-06T23:45:47Z,"Gowanus Canal, Outer",21,RH,0.0,0.46,28.85,0.92,0.1,False
2026-09-06T23:45:47Z,Gravesend Bay,30,OH,0.0,0.1,24.63,0.76,0.1,False
2026-09-06T23:45:47Z,Harlem River,22,WI,0.0,0.5,17.24,0.89,0.1,False
2026-09-06T23:45:47Z,Hendrix Creek,23,26,0.0,0.09,20.52,0.8,0.1,False
2026-09-06T23:45:47Z,Hudson River (Bronx),24,WI,0.0,0.62,4.38,0.79,0.1,False
2026-09-06T23:45:47Z,Hudson River (Manhattan),25,NR,0.0,0.41,8.4,1.16,0.1,False
2026-09-06T23:45:47Z,"Hutchinson River, Lower",26,HP,0.0,0.05,57.81,0.59,0.1,False
2026-09-06T23:45:47Z,Jamaica Bay (Brooklyn),27,26,0.0,1.46,1.43,1.97,0.1,False
2026-09-06T23:45:47Z,Jamaica Bay (Queens),42,JA,0.0,0.74,4.07,0.99,0.1,False
2026-09-06T23:45:47Z,Kill Van Kull,28,PR,0.0,0.44,9.88,1.46,0.1,False
2026-09-06T23:45:47Z,Little Neck Bay,29,TI,0.0,0.46,7.65,1.21,0.1,False
2026-09-06T23:45:47Z,Lower New York Bay,2,OB,0.0,1.3,2.06,1.45,0.1,False
2026-09-06T23:45:47Z,Mill Basin,31,CI,0.0,1.34,1.49,2.39,0.1,False
2026-09-06T23:45:47Z,Newark Bay,32,PR,0.0,0.39,11.52,1.43,0.1,False
2026-09-06T23:45:47Z,"Newtown Creek, Lower",34,NC,0.0,0.3,28.56,0.91,0.1,False
2026-09-06T23:45:47Z,"Newtown Creek, Upper",33,NC,0.0,0.23,49.45,0.78,0.1,False
2026-09-06T23:45:47Z,Paerdegat Basin,35,CI,0.0,0.38,11.25,1.38,0.1,False
2026-09-06T23:45:47Z,Powell Cove,36,TI,0.0,0.9,3.39,1.22,0.1,False
2026-09-06T23:45:47Z,Sheepshead Bay,37,CI,0.0,0.18,12.63,0.83,0.1,False
2026-09-06T23:45:47Z,Shellbank Basin,44,JA,0.0,0.34,10.55,1.15,0.1,False
2026-09-06T23:45:47Z,Spring Creek,38,26,0.0,0.64,11.14,1.08,0.1,False
2026-09-06T23:45:47Z,Thurston Basin,45,JA,0.0,0.05,32.63,0.79,0.1,False
2026-09-06T23:45:47Z,Upper New York Bay,39,OH,0.0,0.34,11.93,1.26,0.1,False
2026-09-06T23:45:47Z,Westchester Creek,40,HP,0.0,0.19,21.55,1.13,0.1,False
2026-09-06T23:45:47Z,Western Long Island Sound,41,HP,0.0,2.0,0.05,0.66,0.1,False
2026-09-07T04:23:56Z,Alley Creek,1,TI,0.0,0.05,37.04,0.62,0.1,False
2026-09-07T04:23:56Z,"Arthur Kill, Lower",3,OB,0.0,0.7,5.22,1.54,0.1,False
2026-09-07T04:23:56Z,"Arthur Kill, Upper",4,OB,0.0,0.1,23.08,0.83,0.1,False
2026-09-07T04:23:56Z,Bergen Basin,43,JA,0.0,0.05,34.41,0.7,0.1,False
2026-09-07T04:23:56Z,Bowery Bay,5,BB,0.0,0.29,11.25,1.06,0.1,False
2026-09-07T04:23:56Z,"Bronx River, Lower",6,HP,0.0,0.05,53.67,0.45,0.1,False
2026-09-07T04:23:56Z,Coney Island Creek,7,CI,0.0,0.05,69.6,0.3,0.1,False
2026-09-07T04:23:56Z,East River (near Steinway Creek),9,BB,0.0,0.54,14.96,0.9,0.1,False
2026-09-07T04:23:56Z,East River (near Throgs Neck),11,TI,0.0,1.0,3.0,1.47,0.1,False
2026-09-07T04:23:56Z,East River (RFK to Whitestone),10,TI,0.0,0.61,5.65,1.3,0.1,False
2026-09-07T04:23:56Z,"East River, Lower",8,NC,0.0,0.8,4.38,1.56,0.1,False
2026-09-07T04:23:56Z,Eastchester Bay,12,HP,0.0,1.53,1.51,1.62,0.1,False
2026-09-07T04:23:56Z,Erie Basin,13,RH,0.0,0.27,13.73,1.16,0.1,False
2026-09-07T04:23:56Z,Flushing Bay,14,BB,0.0,0.19,32.63,0.76,0.1,False
2026-09-07T04:23:56Z,Flushing Creek,15,TI,0.0,0.05,59.69,0.64,0.1,False
2026-09-07T04:23:56Z,Fresh Creek,16,26,0.0,0.05,30.38,0.67,0.1,False
2026-09-07T04:23:56Z,"Fresh Kills, Lower",17,PR,0.0,0.16,20.48,1.05,0.1,False
2026-09-07T04:23:56Z,"Fresh Kills, Upper",18,PR,0.0,0.15,39.81,0.81,0.1,False
2026-09-07T04:23:56Z,Gerritsen Creek,19,RK,0.0,0.4,7.9,1.07,0.1,False
2026-09-07T04:23:56Z,"Gowanus Canal, Inner",20,RH,0.0,0.23,15.08,1.09,0.1,False
2026-09-07T04:23:56Z,"Gowanus Canal, Outer",21,RH,0.0,0.46,28.85,0.92,0.1,False
2026-09-07T04:23:56Z,Gravesend Bay,30,OH,0.0,0.1,24.63,0.76,0.1,False
2026-09-07T04:23:56Z,Harlem River,22,WI,0.0,0.5,17.24,0.89,0.1,False
2026-09-07T04:23:56Z,Hendrix Creek,23,26,0.0,0.09,20.52,0.8,0.1,False
2026-09-07T04:23:56Z,Hudson River (Bronx),24,WI,0.0,0.62,4.38,0.79,0.1,False
2026-09-07T04:23:56Z,Hudson River (Manhattan),25,NR,0.0,0.41,8.4,1.16,0.1,False
2026-09-07T04:23:56Z,"Hutchinson River, Lower",26,HP,0.0,0.05,57.81,0.59,0.1,False
2026-09-07T04:23:56Z,Jamaica Bay (Brooklyn),27,26,0.0,1.46,1.43,1.97,0.1,False
2026-09-07T04:23:56Z,Jamaica Bay (Queens),42,JA,0.0,0.74,4.07,0.99,0.1,False
2026-09-07T04:23:56Z,Kill Van Kull,28,PR,0.0,0.44,9.88,1.46,0.1,False
2026-09-07T04:23:56Z,Little Neck Bay,29,TI,0.0,0.46,7.65,1.21,0.1,False
2026-09-07T04:23:56Z,Lower New York Bay,2,OB,0.0,1.3,2.06,1.45,0.1,False
2026-09-07T04:23:56Z,Mill Basin,31,CI,0.0,1.34,1.49,2.39,0.1,False
2026-09-07T04:23:56Z,Newark Bay,32,PR,0.0,0.39,11.52,1.43,0.1,False
2026-09-07T04:23:56Z,"Newtown Creek, Lower",34,NC,0.0,0.3,28.56,0.91,0.1,False
2026-09-07T04:23:56Z,"Newtown Creek, Upper",33,NC,0.0,0.23,49.45,0.78,0.1,False
2026-09-07T04:23:56Z,Paerdegat Basin,35,CI,0.0,0.38,11.25,1.38,0.1,False
2026-09-07T04:23:56Z,Powell Cove,36,TI,0.0,0.9,3.39,1.22,0.1,False
2026-09-07T04:23:56Z,Sheepshead Bay,37,CI,0.0,0.18,12.63,0.83,0.1,False
2026-09-07T04:23:56Z,Shellbank Basin,44,JA,0.0,0.34,10.55,1.15,0.1,False
2026-09-07T04:23:56Z,Spring Creek,38,26,0.0,0.64,11.14,1.08,0.1,False
2026-09-07T04:23:56Z,Thurston Basin,45,JA,0.0,0.05,32.63,0.79,0.1,False
2026-09-07T04:23:56Z,Upper New York Bay,39,OH,0.0,0.34,11.93,1.26,0.1,False
2026-09-07T04:23:56Z,Westchester Creek,40,HP,0.0,0.19,21.55,1.13,0.1,False
2026-09-07T04:23:56Z,Western Long Island Sound,41,HP,0.0,2.0,0.05,0.66,0.1,False
2026-09-07T09:38:33Z,Alley Creek,1,TI,0.0,0.05,37.04,0.62,0.1,False
2026-09-07T09:38:33Z,"Arthur Kill, Lower",3,OB,0.0,0.7,5.22,1.54,0.1,False
2026-09-07T09:38:33Z,"Arthur Kill, Upper",4,OB,0.0,0.1,23.08,0.83,0.1,False
2026-09-07T09:38:33Z,Bergen Basin,43,JA,0.0,0.05,34.41,0.7,0.1,False
2026-09-07T09:38:33Z,Bowery Bay,5,BB,0.0,0.29,11.25,1.06,0.1,False
2026-09-07T09:38:33Z,"Bronx River, Lower",6,HP,0.0,0.05,53.67,0.45,0.1,False
2026-09-07T09:38:33Z,Coney Island Creek,7,CI,0.0,0.05,69.6,0.3,0.1,False
2026-09-07T09:38:33Z,East River (near Steinway Creek),9,BB,0.0,0.54,14.96,0.9,0.1,False
2026-09-07T09:38:33Z,East River (near Throgs Neck),11,TI,0.0,1.0,3.0,1.47,0.1,False
2026-09-07T09:38:33Z,East River (RFK to Whitestone),10,TI,0.0,0.61,5.65,1.3,0.1,False
2026-09-07T09:38:33Z,"East River, Lower",8,NC,0.0,0.8,4.38,1.56,0.1,False
2026-09-07T09:38:33Z,Eastchester Bay,12,HP,0.0,1.53,1.51,1.62,0.1,False
2026-09-07T09:38:33Z,Erie Basin,13,RH,0.0,0.27,13.73,1.16,0.1,False
2026-09-07T09:38:33Z,Flushing Bay,14,BB,0.0,0.19,32.63,0.76,0.1,False
2026-09-07T09:38:33Z,Flushing Creek,15,TI,0.0,0.05,59.69,0.64,0.1,False
2026-09-07T09:38:33Z,Fresh Creek,16,26,0.0,0.05,30.38,0.67,0.1,False
2026-09-07T09:38:33Z,"Fresh Kills, Lower",17,PR,0.0,0.16,20.48,1.05,0.1,False
2026-09-07T09:38:33Z,"Fresh Kills, Upper",18,PR,0.0,0.15,39.81,0.81,0.1,False
2026-09-07T09:38:33Z,Gerritsen Creek,19,RK,0.0,0.4,7.9,1.07,0.1,False
2026-09-07T09:38:33Z,"Gowanus Canal, Inner",20,RH,0.0,0.23,15.08,1.09,0.1,False
2026-09-07T09:38:33Z,"Gowanus Canal, Outer",21,RH,0.0,0.46,28.85,0.92,0.1,False
2026-09-07T09:38:33Z,Gravesend Bay,30,OH,0.0,0.1,24.63,0.76,0.1,False
2026-09-07T09:38:33Z,Harlem River,22,WI,0.0,0.5,17.24,0.89,0.1,False
2026-09-07T09:38:33Z,Hendrix Creek,23,26,0.0,0.09,20.52,0.8,0.1,False
2026-09-07T09:38:33Z,Hudson River (Bronx),24,WI,0.0,0.62,4.38,0.79,0.1,False
2026-09-07T09:38:33Z,Hudson River (Manhattan),25,NR,0.0,0.41,8.4,1.16,0.1,False
2026-09-07T09:38:33Z,"Hutchinson River, Lower",26,HP,0.0,0.05,57.81,0.59,0.1,False
2026-09-07T09:38:33Z,Jamaica Bay (Brooklyn),27,26,0.0,1.46,1.43,1.97,0.1,False
2026-09-07T09:38:33Z,Jamaica Bay (Queens),42,JA,0.0,0.74,4.07,0.99,0.1,False
2026-09-07T09:38:33Z,Kill Van Kull,28,PR,0.0,0.44,9.88,1.46,0.1,False
2026-09-07T09:38:33Z,Little Neck Bay,29,TI,0.0,0.46,7.65,1.21,0.1,False
2026-09-07T09:38:33Z,Lower New York Bay,2,OB,0.0,1.3,2.06,1.45,0.1,False
2026-09-07T09:38:33Z,Mill Basin,31,CI,0.0,1.34,1.49,2.39,0.1,False
2026-09-07T09:38:33Z,Newark Bay,32,PR,0.0,0.39,11.52,1.43,0.1,False
2026-09-07T09:38:33Z,"Newtown Creek, Lower",34,NC,0.0,0.3,28.56,0.91,0.1,False
2026-09-07T09:38:33Z,"Newtown Creek, Upper",33,NC,0.0,0.23,49.45,0.78,0.1,False
2026-09-07T09:38:33Z,Paerdegat Basin,35,CI,0.0,0.38,11.25,1.38,0.1,False
2026-09-07T09:38:33Z,Powell Cove,36,TI,0.0,0.9,3.39,1.22,0.1,False
2026-09-07T09:38:33Z,Sheepshead Bay,37,CI,0.0,0.18,12.63,0.83,0.1,False
2026-09-07T09:38:33Z,Shellbank Basin,44,JA,0.0,0.34,10.55,1.15,0.1,False
2026-09-07T09:38:33Z,Spring Creek,38,26,0.0,0.64,11.14,1.08,0.1,False
2026-09-07T09:38:33Z,Thurston Basin,45,JA,0.0,0.05,32.63,0.79,0.1,False
2026-09-07T09:38:33Z,Upper New York Bay,39,OH,0.0,0.34,11.93,1.26,0.1,False
2026-09-07T09:38:33Z,Westchester Creek,40,HP,0.0,0.19,21.55,1.13,0.1,False
2026-09-07T09:38:33Z,Western Long Island Sound,41,HP,0.0,2.0,0.05,0.66,0.1,False
2026-09-07T15:45:08Z,Alley Creek,1,TI,0.0,0.05,37.04,0.62,0.1,False
2026-09-07T15:45:08Z,"Arthur Kill, Lower",3,OB,0.0,0.7,5.22,1.54,0.1,False
2026-09-07T15:45:08Z,"Arthur Kill, Upper",4,OB,0.0,0.1,23.08,0.83,0.1,False
2026-09-07T15:45:08Z,Bergen Basin,43,JA,0.0,0.05,34.41,0.7,0.1,False
2026-09-07T15:45:08Z,Bowery Bay,5,BB,0.0,0.29,11.25,1.06,0.1,False
2026-09-07T15:45:08Z,"Bronx River, Lower",6,HP,0.0,0.05,53.67,0.45,0.1,False
2026-09-07T15:45:08Z,Coney Island Creek,7,CI,0.0,0.05,69.6,0.3,0.1,False
2026-09-07T15:45:08Z,East River (near Steinway Creek),9,BB,0.0,0.54,14.96,0.9,0.1,False
2026-09-07T15:45:08Z,East River (near Throgs Neck),11,TI,0.0,1.0,3.0,1.47,0.1,False
2026-09-07T15:45:08Z,East River (RFK to Whitestone),10,TI,0.0,0.61,5.65,1.3,0.1,False
2026-09-07T15:45:08Z,"East River, Lower",8,NC,0.0,0.8,4.38,1.56,0.1,False
2026-09-07T15:45:08Z,Eastchester Bay,12,HP,0.0,1.53,1.51,1.62,0.1,False
2026-09-07T15:45:08Z,Erie Basin,13,RH,0.0,0.27,13.73,1.16,0.1,False
2026-09-07T15:45:08Z,Flushing Bay,14,BB,0.0,0.19,32.63,0.76,0.1,False
2026-09-07T15:45:08Z,Flushing Creek,15,TI,0.0,0.05,59.69,0.64,0.1,False
2026-09-07T15:45:08Z,Fresh Creek,16,26,0.0,0.05,30.38,0.67,0.1,False
2026-09-07T15:45:08Z,"Fresh Kills, Lower",17,PR,0.0,0.16,20.48,1.05,0.1,False
2026-09-07T15:45:08Z,"Fresh Kills, Upper",18,PR,0.0,0.15,39.81,0.81,0.1,False
2026-09-07T15:45:08Z,Gerritsen Creek,19,RK,0.0,0.4,7.9,1.07,0.1,False
2026-09-07T15:45:08Z,"Gowanus Canal, Inner",20,RH,0.0,0.23,15.08,1.09,0.1,False
2026-09-07T15:45:08Z,"Gowanus Canal, Outer",21,RH,0.0,0.46,28.85,0.92,0.1,False
2026-09-07T15:45:08Z,Gravesend Bay,30,OH,0.0,0.1,24.63,0.76,0.1,False
2026-09-07T15:45:08Z,Harlem River,22,WI,0.0,0.5,17.24,0.89,0.1,False
2026-09-07T15:45:08Z,Hendrix Creek,23,26,0.0,0.09,20.52,0.8,0.1,False
2026-09-07T15:45:08Z,Hudson River (Bronx),24,WI,0.0,0.62,4.38,0.79,0.1,False
2026-09-07T15:45:08Z,Hudson River (Manhattan),25,NR,0.0,0.41,8.4,1.16,0.1,False
2026-09-07T15:45:08Z,"Hutchinson River, Lower",26,HP,0.0,0.05,57.81,0.59,0.1,False
2026-09-07T15:45:08Z,Jamaica Bay (Brooklyn),27,26,0.0,1.46,1.43,1.97,0.1,False
2026-09-07T15:45:08Z,Jamaica Bay (Queens),42,JA,0.0,0.74,4.07,0.99,0.1,False
2026-09-07T15:45:08Z,Kill Van Kull,28,PR,0.0,0.44,9.88,1.46,0.1,False
2026-09-07T15:45:08Z,Little Neck Bay,29,TI,0.0,0.46,7.65,1.21,0.1,False
2026-09-07T15:45:08Z,Lower New York Bay,2,OB,0.0,1.3,2.06,1.45,0.1,False
2026-09-07T15:45:08Z,Mill Basin,31,CI,0.0,1.34,1.49,2.39,0.1,False
2026-09-07T15:45:08Z,Newark Bay,32,PR,0.0,0.39,11.52,1.43,0.1,False
2026-09-07T15:45:08Z,"Newtown Creek, Lower",34,NC,0.0,0.3,28.56,0.91,0.1,False
2026-09-07T15:45:08Z,"Newtown Creek, Upper",33,NC,0.0,0.23,49.45,0.78,0.1,False
2026-09-07T15:45:08Z,Paerdegat Basin,35,CI,0.0,0.38,11.25,1.38,0.1,False
2026-09-07T15:45:08Z,Powell Cove,36,TI,0.0,0.9,3.39,1.22,0.1,False
2026-09-07T15:45:08Z,Sheepshead Bay,37,CI,0.0,0.18,12.63,0.83,0.1,False
2026-09-07T15:45:08Z,Shellbank Basin,44,JA,0.0,0.34,10.55,1.15,0.1,False
2026-09-07T15:45:08Z,Spring Creek,38,26,0.0,0.64,11.14,1.08,0.1,False
2026-09-07T15:45:08Z,Thurston Basin,45,JA,0.0,0.05,32.63,0.79,0.1,False
2026-09-07T15:45:08Z,Upper New York Bay,39,OH,0.0,0.34,11.93,1.26,0.1,False
2026-09-07T15:45:08Z,Westchester Creek,40,HP,0.0,0.19,21.55,1.13,0.1,False
2026-09-07T15:45:08Z,Western Long Island Sound,41,HP,0.0,2.0,0.05,0.66,0.1,False
2026-09-07T19:51:39Z,Alley Creek,1,TI,0.0,0.05,37.04,0.62,0.1,False
2026-09-07T19:51:39Z,"Arthur Kill, Lower",3,OB,0.0,0.7,5.22,1.54,0.1,False
2026-09-07T19:51:39Z,"Arthur Kill, Upper",4,OB,0.0,0.1,23.08,0.83,0.1,False
2026-09-07T19:51:39Z,Bergen Basin,43,JA,0.0,0.05,34.41,0.7,0.1,False
2026-09-07T19:51:39Z,Bowery Bay,5,BB,0.0,0.29,11.25,1.06,0.1,False
2026-09-07T19:51:39Z,"Bronx River, Lower",6,HP,0.0,0.05,53.67,0.45,0.1,False
2026-09-07T19:51:39Z,Coney Island Creek,7,CI,0.0,0.05,69.6,0.3,0.1,False
2026-09-07T19:51:39Z,East River (near Steinway Creek),9,BB,0.0,0.54,14.96,0.9,0.1,False
2026-09-07T19:51:39Z,East River (near Throgs Neck),11,TI,0.0,1.0,3.0,1.47,0.1,False
2026-09-07T19:51:39Z,East River (RFK to Whitestone),10,TI,0.0,0.61,5.65,1.3,0.1,False
2026-09-07T19:51:39Z,"East River, Lower",8,NC,0.0,0.8,4.38,1.56,0.1,False
2026-09-07T19:51:39Z,Eastchester Bay,12,HP,0.0,1.53,1.51,1.62,0.1,False
2026-09-07T19:51:39Z,Erie Basin,13,RH,0.0,0.27,13.73,1.16,0.1,False
2026-09-07T19:51:39Z,Flushing Bay,14,BB,0.0,0.19,32.63,0.76,0.1,False
2026-09-07T19:51:39Z,Flushing Creek,15,TI,0.0,0.05,59.69,0.64,0.1,False
2026-09-07T19:51:39Z,Fresh Creek,16,26,0.0,0.05,30.38,0.67,0.1,False
2026-09-07T19:51:39Z,"Fresh Kills, Lower",17,PR,0.0,0.16,20.48,1.05,0.1,False
2026-09-07T19:51:39Z,"Fresh Kills, Upper",18,PR,0.0,0.15,39.81,0.81,0.1,False
2026-09-07T19:51:39Z,Gerritsen Creek,19,RK,0.0,0.4,7.9,1.07,0.1,False
2026-09-07T19:51:39Z,"Gowanus Canal, Inner",20,RH,0.0,0.23,15.08,1.09,0.1,False
2026-09-07T19:51:39Z,"Gowanus Canal, Outer",21,RH,0.0,0.46,28.85,0.92,0.1,False
2026-09-07T19:51:39Z,Gravesend Bay,30,OH,0.0,0.1,24.63,0.76,0.1,False
2026-09-07T19:51:39Z,Harlem River,22,WI,0.0,0.5,17.24,0.89,0.1,False
2026-09-07T19:51:39Z,Hendrix Creek,23,26,0.0,0.09,20.52,0.8,0.1,False
2026-09-07T19:51:39Z,Hudson River (Bronx),24,WI,0.0,0.62,4.38,0.79,0.1,False
2026-09-07T19:51:39Z,Hudson River (Manhattan),25,NR,0.0,0.41,8.4,1.16,0.1,False
2026-09-07T19:51:39Z,"Hutchinson River, Lower",26,HP,0.0,0.05,57.81,0.59,0.1,False
2026-09-07T19:51:39Z,Jamaica Bay (Brooklyn),27,26,0.0,1.46,1.43,1.97,0.1,False
2026-09-07T19:51:39Z,Jamaica Bay (Queens),42,JA,0.0,0.74,4.07,0.99,0.1,False
2026-09-07T19:51:39Z,Kill Van Kull,28,PR,0.0,0.44,9.88,1.46,0.1,False
2026-09-07T19:51:39Z,Little Neck Bay,29,TI,0.0,0.46,7.65,1.21,0.1,False
2026-09-07T19:51:39Z,Lower New York Bay,2,OB,0.0,1.3,2.06,1.45,0.1,False
2026-09-07T19:51:39Z,Mill Basin,31,CI,0.0,1.34,1.49,2.39,0.1,False
2026-09-07T19:51:39Z,Newark Bay,32,PR,0.0,0.39,11.52,1.43,0.1,False
2026-09-07T19:51:39Z,"Newtown Creek, Lower",34,NC,0.0,0.3,28.56,0.91,0.1,False
2026-09-07T19:51:39Z,"Newtown Creek, Upper",33,NC,0.0,0.23,49.45,0.78,0.1,False
2026-09-07T19:51:39Z,Paerdegat Basin,35,CI,0.0,0.38,11.25,1.38,0.1,False
2026-09-07T19:51:39Z,Powell Cove,36,TI,0.0,0.9,3.39,1.22,0.1,False
2026-09-07T19:51:39Z,Sheepshead Bay,37,CI,0.0,0.18,12.63,0.83,0.1,False
2026-09-07T19:51:39Z,Shellbank Basin,44,JA,0.0,0.34,10.55,1.15,0.1,False
2026-09-07T19:51:39Z,Spring Creek,38,26,0.0,0.64,11.14,1.08,0.1,False
2026-09-07T19:51:39Z,Thurston Basin,45,JA,0.0,0.05,32.63,0.79,0.1,False
2026-09-07T19:51:39Z,Upper New York Bay,39,OH,0.0,0.34,11.93,1.26,0.1,False
2026-09-07T19:51:39Z,Westchester Creek,40,HP,0.0,0.19,21.55,1.13,0.1,False
2026-09-07T19:51:39Z,Western Long Island Sound,41,HP,0.0,2.0,0.05,0.66,0.1,False
2026-09-07T22:45:25Z,Alley Creek,1,TI,0.0,0.05,37.04,0.62,0.1,False
2026-09-07T22:45:25Z,"Arthur Kill, Lower",3,OB,0.0,0.7,5.22,1.54,0.1,False
2026-09-07T22:45:25Z,"Arthur Kill, Upper",4,OB,0.0,0.1,23.08,0.83,0.1,False
2026-09-07T22:45:25Z,Bergen Basin,43,JA,0.0,0.05,34.41,0.7,0.1,False
2026-09-07T22:45:25Z,Bowery Bay,5,BB,0.0,0.29,11.25,1.06,0.1,False
2026-09-07T22:45:25Z,"Bronx River, Lower",6,HP,0.0,0.05,53.67,0.45,0.1,False
2026-09-07T22:45:25Z,Coney Island Creek,7,CI,0.0,0.05,69.6,0.3,0.1,False
2026-09-07T22:45:25Z,East River (near Steinway Creek),9,BB,0.0,0.54,14.96,0.9,0.1,False
2026-09-07T22:45:25Z,East River (near Throgs Neck),11,TI,0.0,1.0,3.0,1.47,0.1,False
2026-09-07T22:45:25Z,East River (RFK to Whitestone),10,TI,0.0,0.61,5.65,1.3,0.1,False
2026-09-07T22:45:25Z,"East River, Lower",8,NC,0.0,0.8,4.38,1.56,0.1,False
2026-09-07T22:45:25Z,Eastchester Bay,12,HP,0.0,1.53,1.51,1.62,0.1,False
2026-09-07T22:45:25Z,Erie Basin,13,RH,0.0,0.27,13.73,1.16,0.1,False
2026-09-07T22:45:25Z,Flushing Bay,14,BB,0.0,0.19,32.63,0.76,0.1,False
2026-09-07T22:45:25Z,Flushing Creek,15,TI,0.0,0.05,59.69,0.64,0.1,False
2026-09-07T22:45:25Z,Fresh Creek,16,26,0.0,0.05,30.38,0.67,0.1,False
2026-09-07T22:45:25Z,"Fresh Kills, Lower",17,PR,0.0,0.16,20.48,1.05,0.1,False
2026-09-07T22:45:25Z,"Fresh Kills, Upper",18,PR,0.0,0.15,39.81,0.81,0.1,False
2026-09-07T22:45:25Z,Gerritsen Creek,19,RK,0.0,0.4,7.9,1.07,0.1,False
2026-09-07T22:45:25Z,"Gowanus Canal, Inner",20,RH,0.0,0.23,15.08,1.09,0.1,False
2026-09-07T22:45:25Z,"Gowanus Canal, Outer",21,RH,0.0,0.46,28.85,0.92,0.1,False
2026-09-07T22:45:25Z,Gravesend Bay,30,OH,0.0,0.1,24.63,0.76,0.1,False
2026-09-07T22:45:25Z,Harlem River,22,WI,0.0,0.5,17.24,0.89,0.1,False
2026-09-07T22:45:25Z,Hendrix Creek,23,26,0.0,0.09,20.52,0.8,0.1,False
2026-09-07T22:45:25Z,Hudson River (Bronx),24,WI,0.0,0.62,4.38,0.79,0.1,False
2026-09-07T22:45:25Z,Hudson River (Manhattan),25,NR,0.0,0.41,8.4,1.16,0.1,False
2026-09-07T22:45:25Z,"Hutchinson River, Lower",26,HP,0.0,0.05,57.81,0.59,0.1,False
2026-09-07T22:45:25Z,Jamaica Bay (Brooklyn),27,26,0.0,1.46,1.43,1.97,0.1,False
2026-09-07T22:45:25Z,Jamaica Bay (Queens),42,JA,0.0,0.74,4.07,0.99,0.1,False
2026-09-07T22:45:25Z,Kill Van Kull,28,PR,0.0,0.44,9.88,1.46,0.1,False
2026-09-07T22:45:25Z,Little Neck Bay,29,TI,0.0,0.46,7.65,1.21,0.1,False
2026-09-07T22:45:25Z,Lower New York Bay,2,OB,0.0,1.3,2.06,1.45,0.1,False
2026-09-07T22:45:25Z,Mill Basin,31,CI,0.0,1.34,1.49,2.39,0.1,False
2026-09-07T22:45:25Z,Newark Bay,32,PR,0.0,0.39,11.52,1.43,0.1,False
2026-09-07T22:45:25Z,"Newtown Creek, Lower",34,NC,0.0,0.3,28.56,0.91,0.1,False
2026-09-07T22:45:25Z,"Newtown Creek, Upper",33,NC,0.0,0.23,49.45,0.78,0.1,False
2026-09-07T22:45:25Z,Paerdegat Basin,35,CI,0.0,0.38,11.25,1.38,0.1,False
2026-09-07T22:45:25Z,Powell Cove,36,TI,0.0,0.9,3.39,1.22,0.1,False
2026-09-07T22:45:25Z,Sheepshead Bay,37,CI,0.0,0.18,12.63,0.83,0.1,False
2026-09-07T22:45:25Z,Shellbank Basin,44,JA,0.0,0.34,10.55,1.15,0.1,False
2026-09-07T22:45:25Z,Spring Creek,38,26,0.0,0.64,11.14,1.08,0.1,False
2026-09-07T22:45:25Z,Thurston Basin,45,JA,0.0,0.05,32.63,0.79,0.1,False
2026-09-07T22:45:25Z,Upper New York Bay,39,OH,0.0,0.34,11.93,1.26,0.1,False
2026-09-07T22:45:25Z,Westchester Creek,40,HP,0.0,0.19,21.55,1.13,0.1,False
2026-09-07T22:45:25Z,Western Long Island Sound,41,HP,0.0,2.0,0.05,0.66,0.1,False
2026-09-08T01:07:05Z,Alley Creek,1,TI,0.0,0.05,37.04,0.62,0.1,False
2026-09-08T01:07:05Z,"Arthur Kill, Lower",3,OB,0.0,0.7,5.22,1.54,0.1,False
2026-09-08T01:07:05Z,"Arthur Kill, Upper",4,OB,0.0,0.1,23.08,0.83,0.1,False
2026-09-08T01:07:05Z,Bergen Basin,43,JA,0.0,0.05,34.41,0.7,0.1,False
2026-09-08T01:07:05Z,Bowery Bay,5,BB,0.0,0.29,11.25,1.06,0.1,False
2026-09-08T01:07:05Z,"Bronx River, Lower",6,HP,0.0,0.05,53.67,0.45,0.1,False
2026-09-08T01:07:05Z,Coney Island Creek,7,CI,0.0,0.05,69.6,0.3,0.1,False
2026-09-08T01:07:05Z,East River (near Steinway Creek),9,BB,0.0,0.54,14.96,0.9,0.1,False
2026-09-08T01:07:05Z,East River (near Throgs Neck),11,TI,0.0,1.0,3.0,1.47,0.1,False
2026-09-08T01:07:05Z,East River (RFK to Whitestone),10,TI,0.0,0.61,5.65,1.3,0.1,False
2026-09-08T01:07:05Z,"East River, Lower",8,NC,0.0,0.8,4.38,1.56,0.1,False
2026-09-08T01:07:05Z,Eastchester Bay,12,HP,0.0,1.53,1.51,1.62,0.1,False
2026-09-08T01:07:05Z,Erie Basin,13,RH,0.0,0.27,13.73,1.16,0.1,False
2026-09-08T01:07:05Z,Flushing Bay,14,BB,0.0,0.19,32.63,0.76,0.1,False
2026-09-08T01:07:05Z,Flushing Creek,15,TI,0.0,0.05,59.69,0.64,0.1,False
2026-09-08T01:07:05Z,Fresh Creek,16,26,0.0,0.05,30.38,0.67,0.1,False
2026-09-08T01:07:05Z,"Fresh Kills, Lower",17,PR,0.0,0.16,20.48,1.05,0.1,False
2026-09-08T01:07:05Z,"Fresh Kills, Upper",18,PR,0.0,0.15,39.81,0.81,0.1,False
2026-09-08T01:07:05Z,Gerritsen Creek,19,RK,0.0,0.4,7.9,1.07,0.1,False
2026-09-08T01:07:05Z,"Gowanus Canal, Inner",20,RH,0.0,0.23,15.08,1.09,0.1,False
2026-09-08T01:07:05Z,"Gowanus Canal, Outer",21,RH,0.0,0.46,28.85,0.92,0.1,False
2026-09-08T01:07:05Z,Gravesend Bay,30,OH,0.0,0.1,24.63,0.76,0.1,False
2026-09-08T01:07:05Z,Harlem River,22,WI,0.0,0.5,17.24,0.89,0.1,False
2026-09-08T01:07:05Z,Hendrix Creek,23,26,0.0,0.09,20.52,0.8,0.1,False
2026-09-08T01:07:05Z,Hudson River (Bronx),24,WI,0.0,0.62,4.38,0.79,0.1,False
2026-09-08T01:07:05Z,Hudson River (Manhattan),25,NR,0.0,0.41,8.4,1.16,0.1,False
2026-09-08T01:07:05Z,"Hutchinson River, Lower",26,HP,0.0,0.05,57.81,0.59,0.1,False
2026-09-08T01:07:05Z,Jamaica Bay (Brooklyn),27,26,0.0,1.46,1.43,1.97,0.1,False
2026-09-08T01:07:05Z,Jamaica Bay (Queens),42,JA,0.0,0.74,4.07,0.99,0.1,False
2026-09-08T01:07:05Z,Kill Van Kull,28,PR,0.0,0.44,9.88,1.46,0.1,False
2026-09-08T01:07:05Z,Little Neck Bay,29,TI,0.0,0.46,7.65,1.21,0.1,False
2026-09-08T01:07:05Z,Lower New York Bay,2,OB,0.0,1.3,2.06,1.45,0.1,False
2026-09-08T01:07:05Z,Mill Basin,31,CI,0.0,1.34,1.49,2.39,0.1,False
2026-09-08T01:07:05Z,Newark Bay,32,PR,0.0,0.39,11.52,1.43,0.1,False
2026-09-08T01:07:05Z,"Newtown Creek, Lower",34,NC,0.0,0.3,28.56,0.91,0.1,False
2026-09-08T01:07:05Z,"Newtown Creek, Upper",33,NC,0.0,0.23,49.45,0.78,0.1,False
2026-09-08T01:07:05Z,Paerdegat Basin,35,CI,0.0,0.38,11.25,1.38,0.1,False
2026-09-08T01:07:05Z,Powell Cove,36,TI,0.0,0.9,3.39,1.22,0.1,False
2026-09-08T01:07:05Z,Sheepshead Bay,37,CI,0.0,0.18,12.63,0.83,0.1,False
2026-09-08T01:07:05Z,Shellbank Basin,44,JA,0.0,0.34,10.55,1.15,0.1,False
2026-09-08T01:07:05Z,Spring Creek,38,26,0.0,0.64,11.14,1.08,0.1,False
2026-09-08T01:07:05Z,Thurston Basin,45,JA,0.0,0.05,32.63,0.79,0.1,False
2026-09-08T01:07:05Z,Upper New York Bay,39,OH,0.0,0.34,11.93,1.26,0.1,False
2026-09-08T01:07:05Z,Westchester Creek,40,HP,0.0,0.19,21.55,1.13,0.1,False
2026-09-08T01:07:05Z,Western Long Island Sound,41,HP,0.0,2.0,0.05,0.66,0.1,False
2026-09-08T05:55:24Z,Alley Creek,1,TI,0.0,0.05,37.04,0.62,0.1,False
2026-09-08T05:55:24Z,"Arthur Kill, Lower",3,OB,0.0,0.7,5.22,1.54,0.1,False
2026-09-08T05:55:24Z,"Arthur Kill, Upper",4,OB,0.0,0.1,23.08,0.83,0.1,False
2026-09-08T05:55:24Z,Bergen Basin,43,JA,0.0,0.05,34.41,0.7,0.1,False
2026-09-08T05:55:24Z,Bowery Bay,5,BB,0.0,0.29,11.25,1.06,0.1,False
2026-09-08T05:55:24Z,"Bronx River, Lower",6,HP,0.0,0.05,53.67,0.45,0.1,False
2026-09-08T05:55:24Z,Coney Island Creek,7,CI,0.0,0.05,69.6,0.3,0.1,False
2026-09-08T05:55:24Z,East River (near Steinway Creek),9,BB,0.0,0.54,14.96,0.9,0.1,False
2026-09-08T05:55:24Z,East River (near Throgs Neck),11,TI,0.0,1.0,3.0,1.47,0.1,False
2026-09-08T05:55:24Z,East River (RFK to Whitestone),10,TI,0.0,0.61,5.65,1.3,0.1,False
2026-09-08T05:55:24Z,"East River, Lower",8,NC,0.0,0.8,4.38,1.56,0.1,False
2026-09-08T05:55:24Z,Eastchester Bay,12,HP,0.0,1.53,1.51,1.62,0.1,False
2026-09-08T05:55:24Z,Erie Basin,13,RH,0.0,0.27,13.73,1.16,0.1,False
2026-09-08T05:55:24Z,Flushing Bay,14,BB,0.0,0.19,32.63,0.76,0.1,False
2026-09-08T05:55:24Z,Flushing Creek,15,TI,0.0,0.05,59.69,0.64,0.1,False
2026-09-08T05:55:24Z,Fresh Creek,16,26,0.0,0.05,30.38,0.67,0.1,False
2026-09-08T05:55:24Z,"Fresh Kills, Lower",17,PR,0.0,0.16,20.48,1.05,0.1,False
2026-09-08T05:55:24Z,"Fresh Kills, Upper",18,PR,0.0,0.15,39.81,0.81,0.1,False
2026-09-08T05:55:24Z,Gerritsen Creek,19,RK,0.0,0.4,7.9,1.07,0.1,False
2026-09-08T05:55:24Z,"Gowanus Canal, Inner",20,RH,0.0,0.23,15.08,1.09,0.1,False
2026-09-08T05:55:24Z,"Gowanus Canal, Outer",21,RH,0.0,0.46,28.85,0.92,0.1,False
2026-09-08T05:55:24Z,Gravesend Bay,30,OH,0.0,0.1,24.63,0.76,0.1,False
2026-09-08T05:55:24Z,Harlem River,22,WI,0.0,0.5,17.24,0.89,0.1,False
2026-09-08T05:55:24Z,Hendrix Creek,23,26,0.0,0.09,20.52,0.8,0.1,False
2026-09-08T05:55:24Z,Hudson River (Bronx),24,WI,0.0,0.62,4.38,0.79,0.1,False
2026-09-08T05:55:24Z,Hudson River (Manhattan),25,NR,0.0,0.41,8.4,1.16,0.1,False
2026-09-08T05:55:24Z,"Hutchinson River, Lower",26,HP,0.0,0.05,57.81,0.59,0.1,False
2026-09-08T05:55:24Z,Jamaica Bay (Brooklyn),27,26,0.0,1.46,1.43,1.97,0.1,False
2026-09-08T05:55:24Z,Jamaica Bay (Queens),42,JA,0.0,0.74,4.07,0.99,0.1,False
2026-09-08T05:55:24Z,Kill Van Kull,28,PR,0.0,0.44,9.88,1.46,0.1,False
2026-09-08T05:55:24Z,Little Neck Bay,29,TI,0.0,0.46,7.65,1.21,0.1,False
2026-09-08T05:55:24Z,Lower New York Bay,2,OB,0.0,1.3,2.06,1.45,0.1,False
2026-09-08T05:55:24Z,Mill Basin,31,CI,0.0,1.34,1.49,2.39,0.1,False
2026-09-08T05:55:24Z,Newark Bay,32,PR,0.0,0.39,11.52,1.43,0.1,False
2026-09-08T05:55:24Z,"Newtown Creek, Lower",34,NC,0.0,0.3,28.56,0.91,0.1,False
2026-09-08T05:55:24Z,"Newtown Creek, Upper",33,NC,0.0,0.23,49.45,0.78,0.1,False
2026-09-08T05:55:24Z,Paerdegat Basin,35,CI,0.0,0.38,11.25,1.38,0.1,False
2026-09-08T05:55:24Z,Powell Cove,36,TI,0.0,0.9,3.39,1.22,0.1,False
2026-09-08T05:55:24Z,Sheepshead Bay,37,CI,0.0,0.18,12.63,0.83,0.1,False
2026-09-08T05:55:24Z,Shellbank Basin,44,JA,0.0,0.34,10.55,1.15,0.1,False
2026-09-08T05:55:24Z,Spring Creek,38,26,0.0,0.64,11.14,1.08,0.1,False
2026-09-08T05:55:24Z,Thurston Basin,45,JA,0.0,0.05,32.63,0.79,0.1,False
2026-09-08T05:55:24Z,Upper New York Bay,39,OH,0.0,0.34,11.93,1.26,0.1,False
2026-09-08T05:55:24Z,Westchester Creek,40,HP,0.0,0.19,21.55,1.13,0.1,False
2026-09-08T05:55:24Z,Western Long Island Sound,41,HP,0.0,2.0,0.05,0.66,0.1,False
2026-09-08T11:08:17Z,Alley Creek,1,TI,0.0,0.05,37.04,0.62,0.1,False
2026-09-08T11:08:17Z,"Arthur Kill, Lower",3,OB,0.0,0.7,5.22,1.54,0.1,False
2026-09-08T11:08:17Z,"Arthur Kill, Upper",4,OB,0.0,0.1,23.08,0.83,0.1,False
2026-09-08T11:08:17Z,Bergen Basin,43,JA,0.0,0.05,34.41,0.7,0.1,False
2026-09-08T11:08:17Z,Bowery Bay,5,BB,0.0,0.29,11.25,1.06,0.1,False
2026-09-08T11:08:17Z,"Bronx River, Lower",6,HP,0.0,0.05,53.67,0.45,0.1,False
2026-09-08T11:08:17Z,Coney Island Creek,7,CI,0.0,0.05,69.6,0.3,0.1,False
2026-09-08T11:08:17Z,East River (near Steinway Creek),9,BB,0.0,0.54,14.96,0.9,0.1,False
2026-09-08T11:08:17Z,East River (near Throgs Neck),11,TI,0.0,1.0,3.0,1.47,0.1,False
2026-09-08T11:08:17Z,East River (RFK to Whitestone),10,TI,0.0,0.61,5.65,1.3,0.1,False
2026-09-08T11:08:17Z,"East River, Lower",8,NC,0.0,0.8,4.38,1.56,0.1,False
2026-09-08T11:08:17Z,Eastchester Bay,12,HP,0.0,1.53,1.51,1.62,0.1,False
2026-09-08T11:08:17Z,Erie Basin,13,RH,0.0,0.27,13.73,1.16,0.1,False
2026-09-08T11:08:17Z,Flushing Bay,14,BB,0.0,0.19,32.63,0.76,0.1,False
2026-09-08T11:08:17Z,Flushing Creek,15,TI,0.0,0.05,59.69,0.64,0.1,False
2026-09-08T11:08:17Z,Fresh Creek,16,26,0.0,0.05,30.38,0.67,0.1,False
2026-09-08T11:08:17Z,"Fresh Kills, Lower",17,PR,0.0,0.16,20.48,1.05,0.1,False
2026-09-08T11:08:17Z,"Fresh Kills, Upper",18,PR,0.0,0.15,39.81,0.81,0.1,False
2026-09-08T11:08:17Z,Gerritsen Creek,19,RK,0.0,0.4,7.9,1.07,0.1,False
2026-09-08T11:08:17Z,"Gowanus Canal, Inner",20,RH,0.0,0.23,15.08,1.09,0.1,False
2026-09-08T11:08:17Z,"Gowanus Canal, Outer",21,RH,0.0,0.46,28.85,0.92,0.1,False
2026-09-08T11:08:17Z,Gravesend Bay,30,OH,0.0,0.1,24.63,0.76,0.1,False
2026-09-08T11:08:17Z,Harlem River,22,WI,0.0,0.5,17.24,0.89,0.1,False
2026-09-08T11:08:17Z,Hendrix Creek,23,26,0.0,0.09,20.52,0.8,0.1,False
2026-09-08T11:08:17Z,Hudson River (Bronx),24,WI,0.0,0.62,4.38,0.79,0.1,False
2026-09-08T11:08:17Z,Hudson River (Manhattan),25,NR,0.0,0.41,8.4,1.16,0.1,False
2026-09-08T11:08:17Z,"Hutchinson River, Lower",26,HP,0.0,0.05,57.81,0.59,0.1,False
2026-09-08T11:08:17Z,Jamaica Bay (Brooklyn),27,26,0.0,1.46,1.43,1.97,0.1,False
2026-09-08T11:08:17Z,Jamaica Bay (Queens),42,JA,0.0,0.74,4.07,0.99,0.1,False
2026-09-08T11:08:17Z,Kill Van Kull,28,PR,0.0,0.44,9.88,1.46,0.1,False
2026-09-08T11:08:17Z,Little Neck Bay,29,TI,0.0,0.46,7.65,1.21,0.1,False
2026-09-08T11:08:17Z,Lower New York Bay,2,OB,0.0,1.3,2.06,1.45,0.1,False
2026-09-08T11:08:17Z,Mill Basin,31,CI,0.0,1.34,1.49,2.39,0.1,False
2026-09-08T11:08:17Z,Newark Bay,32,PR,0.0,0.39,11.52,1.43,0.1,False
2026-09-08T11:08:17Z,"Newtown Creek, Lower",34,NC,0.0,0.3,28.56,0.91,0.1,False
2026-09-08T11:08:17Z,"Newtown Creek, Upper",33,NC,0.0,0.23,49.45,0.78,0.1,False
2026-09-08T11:08:17Z,Paerdegat Basin,35,CI,0.0,0.38,11.25,1.38,0.1,False
2026-09-08T11:08:17Z,Powell Cove,36,TI,0.0,0.9,3.39,1.22,0.1,False
2026-09-08T11:08:17Z,Sheepshead Bay,37,CI,0.0,0.18,12.63,0.83,0.1,False
2026-09-08T11:08:17Z,Shellbank Basin,44,JA,0.0,0.34,10.55,1.15,0.1,False
2026-09-08T11:08:17Z,Spring Creek,38,26,0.0,0.64,11.14,1.08,0.1,False
2026-09-08T11:08:17Z,Thurston Basin,45,JA,0.0,0.05,32.63,0.79,0.1,False
2026-09-08T11:08:17Z,Upper New York Bay,39,OH,0.0,0.34,11.93,1.26,0.1,False
2026-09-08T11:08:17Z,Westchester Creek,40,HP,0.0,0.19,21.55,1.13,0.1,False
2026-09-08T11:08:17Z,Western Long Island Sound,41,HP,0.0,2.0,0.05,0.66,0.1,False
2026-09-08T15:16:39Z,Alley Creek,1,TI,0.0,0.05,37.04,0.62,0.1,False
2026-09-08T15:16:39Z,"Arthur Kill, Lower",3,OB,0.0,0.7,5.22,1.54,0.1,False
2026-09-08T15:16:39Z,"Arthur Kill, Upper",4,OB,0.0,0.1,23.08,0.83,0.1,False
2026-09-08T15:16:39Z,Bergen Basin,43,JA,0.0,0.05,34.41,0.7,0.1,False
2026-09-08T15:16:39Z,Bowery Bay,5,BB,0.0,0.29,11.25,1.06,0.1,False
2026-09-08T15:16:39Z,"Bronx River, Lower",6,HP,0.0,0.05,53.67,0.45,0.1,False
2026-09-08T15:16:39Z,Coney Island Creek,7,CI,0.0,0.05,69.6,0.3,0.1,False
2026-09-08T15:16:39Z,East River (near Steinway Creek),9,BB,0.0,0.54,14.96,0.9,0.1,False
2026-09-08T15:16:39Z,East River (near Throgs Neck),11,TI,0.0,1.0,3.0,1.47,0.1,False
2026-09-08T15:16:39Z,East River (RFK to Whitestone),10,TI,0.0,0.61,5.65,1.3,0.1,False
2026-09-08T15:16:39Z,"East River, Lower",8,NC,0.0,0.8,4.38,1.56,0.1,False
2026-09-08T15:16:39Z,Eastchester Bay,12,HP,0.0,1.53,1.51,1.62,0.1,False
2026-09-08T15:16:39Z,Erie Basin,13,RH,0.0,0.27,13.73,1.16,0.1,False
2026-09-08T15:16:39Z,Flushing Bay,14,BB,0.0,0.19,32.63,0.76,0.1,False
2026-09-08T15:16:39Z,Flushing Creek,15,TI,0.0,0.05,59.69,0.64,0.1,False
2026-09-08T15:16:39Z,Fresh Creek,16,26,0.0,0.05,30.38,0.67,0.1,False
2026-09-08T15:16:39Z,"Fresh Kills, Lower",17,PR,0.0,0.16,20.48,1.05,0.1,False
2026-09-08T15:16:39Z,"Fresh Kills, Upper",18,PR,0.0,0.15,39.81,0.81,0.1,False
2026-09-08T15:16:39Z,Gerritsen Creek,19,RK,0.0,0.4,7.9,1.07,0.1,False
2026-09-08T15:16:39Z,"Gowanus Canal, Inner",20,RH,0.0,0.23,15.08,1.09,0.1,False
2026-09-08T15:16:39Z,"Gowanus Canal, Outer",21,RH,0.0,0.46,28.85,0.92,0.1,False
2026-09-08T15:16:39Z,Gravesend Bay,30,OH,0.0,0.1,24.63,0.76,0.1,False
2026-09-08T15:16:39Z,Harlem River,22,WI,0.0,0.5,17.24,0.89,0.1,False
2026-09-08T15:16:39Z,Hendrix Creek,23,26,0.0,0.09,20.52,0.8,0.1,False
2026-09-08T15:16:39Z,Hudson River (Bronx),24,WI,0.0,0.62,4.38,0.79,0.1,False
2026-09-08T15:16:39Z,Hudson River (Manhattan),25,NR,0.0,0.41,8.4,1.16,0.1,False
2026-09-08T15:16:39Z,"Hutchinson River, Lower",26,HP,0.0,0.05,57.81,0.59,0.1,False
2026-09-08T15:16:39Z,Jamaica Bay (Brooklyn),27,26,0.0,1.46,1.43,1.97,0.1,False
2026-09-08T15:16:39Z,Jamaica Bay (Queens),42,JA,0.0,0.74,4.07,0.99,0.1,False
2026-09-08T15:16:39Z,Kill Van Kull,28,PR,0.0,0.44,9.88,1.46,0.1,False
2026-09-08T15:16:39Z,Little Neck Bay,29,TI,0.0,0.46,7.65,1.21,0.1,False
2026-09-08T15:16:39Z,Lower New York Bay,2,OB,0.0,1.3,2.06,1.45,0.1,False
2026-09-08T15:16:39Z,Mill Basin,31,CI,0.0,1.34,1.49,2.39,0.1,False
2026-09-08T15:16:39Z,Newark Bay,32,PR,0.0,0.39,11.52,1.43,0.1,False
2026-09-08T15:16:39Z,"Newtown Creek, Lower",34,NC,0.0,0.3,28.56,0.91,0.1,False
2026-09-08T15:16:39Z,"Newtown Creek, Upper",33,NC,0.0,0.23,49.45,0.78,0.1,False
2026-09-08T15:16:39Z,Paerdegat Basin,35,CI,0.0,0.38,11.25,1.38,0.1,False
2026-09-08T15:16:39Z,Powell Cove,36,TI,0.0,0.9,3.39,1.22,0.1,False
2026-09-08T15:16:39Z,Sheepshead Bay,37,CI,0.0,0.18,12.63,0.83,0.1,False
2026-09-08T15:16:39Z,Shellbank Basin,44,JA,0.0,0.34,10.55,1.15,0.1,False
2026-09-08T15:16:39Z,Spring Creek,38,26,0.0,0.64,11.14,1.08,0.1,False
2026-09-08T15:16:39Z,Thurston Basin,45,JA,0.0,0.05,32.63,0.79,0.1,False
2026-09-08T15:16:39Z,Upper New York Bay,39,OH,0.0,0.34,11.93,1.26,0.1,False
2026-09-08T15:16:39Z,Westchester Creek,40,HP,0.0,0.19,21.55,1.13,0.1,False
2026-09-08T15:16:39Z,Western Long Island Sound,41,HP,0.0,2.0,0.05,0.66,0.1,False
2026-09-08T18:56:31Z,Alley Creek,1,TI,0.0,0.05,37.04,0.62,0.1,False
2026-09-08T18:56:31Z,"Arthur Kill, Lower",3,OB,0.0,0.7,5.22,1.54,0.1,False
2026-09-08T18:56:31Z,"Arthur Kill, Upper",4,OB,0.0,0.1,23.08,0.83,0.1,False
2026-09-08T18:56:31Z,Bergen Basin,43,JA,0.0,0.05,34.41,0.7,0.1,False
2026-09-08T18:56:31Z,Bowery Bay,5,BB,0.0,0.29,11.25,1.06,0.1,False
2026-09-08T18:56:31Z,"Bronx River, Lower",6,HP,0.0,0.05,53.67,0.45,0.1,False
2026-09-08T18:56:31Z,Coney Island Creek,7,CI,0.0,0.05,69.6,0.3,0.1,False
2026-09-08T18:56:31Z,East River (near Steinway Creek),9,BB,0.0,0.54,14.96,0.9,0.1,False
2026-09-08T18:56:31Z,East River (near Throgs Neck),11,TI,0.0,1.0,3.0,1.47,0.1,False
2026-09-08T18:56:31Z,East River (RFK to Whitestone),10,TI,0.0,0.61,5.65,1.3,0.1,False
2026-09-08T18:56:31Z,"East River, Lower",8,NC,0.0,0.8,4.38,1.56,0.1,False
2026-09-08T18:56:31Z,Eastchester Bay,12,HP,0.0,1.53,1.51,1.62,0.1,False
2026-09-08T18:56:31Z,Erie Basin,13,RH,0.0,0.27,13.73,1.16,0.1,False
2026-09-08T18:56:31Z,Flushing Bay,14,BB,0.0,0.19,32.63,0.76,0.1,False
2026-09-08T18:56:31Z,Flushing Creek,15,TI,0.0,0.05,59.69,0.64,0.1,False
2026-09-08T18:56:31Z,Fresh Creek,16,26,0.0,0.05,30.38,0.67,0.1,False
2026-09-08T18:56:31Z,"Fresh Kills, Lower",17,PR,0.0,0.16,20.48,1.05,0.1,False
2026-09-08T18:56:31Z,"Fresh Kills, Upper",18,PR,0.0,0.15,39.81,0.81,0.1,False
2026-09-08T18:56:31Z,Gerritsen Creek,19,RK,0.0,0.4,7.9,1.07,0.1,False
2026-09-08T18:56:31Z,"Gowanus Canal, Inner",20,RH,0.0,0.23,15.08,1.09,0.1,False
2026-09-08T18:56:31Z,"Gowanus Canal, Outer",21,RH,0.0,0.46,28.85,0.92,0.1,False
2026-09-08T18:56:31Z,Gravesend Bay,30,OH,0.0,0.1,24.63,0.76,0.1,False
2026-09-08T18:56:31Z,Harlem River,22,WI,0.0,0.5,17.24,0.89,0.1,False
2026-09-08T18:56:31Z,Hendrix Creek,23,26,0.0,0.09,20.52,0.8,0.1,False
2026-09-08T18:56:31Z,Hudson River (Bronx),24,WI,0.0,0.62,4.38,0.79,0.1,False
2026-09-08T18:56:31Z,Hudson River (Manhattan),25,NR,0.0,0.41,8.4,1.16,0.1,False
2026-09-08T18:56:31Z,"Hutchinson River, Lower",26,HP,0.0,0.05,57.81,0.59,0.1,False
2026-09-08T18:56:31Z,Jamaica Bay (Brooklyn),27,26,0.0,1.46,1.43,1.97,0.1,False
2026-09-08T18:56:31Z,Jamaica Bay (Queens),42,JA,0.0,0.74,4.07,0.99,0.1,False
2026-09-08T18:56:31Z,Kill Van Kull,28,PR,0.0,0.44,9.88,1.46,0.1,False
2026-09-08T18:56:31Z,Little Neck Bay,29,TI,0.0,0.46,7.65,1.21,0.1,False
2026-09-08T18:56:31Z,Lower New York Bay,2,OB,0.0,1.3,2.06,1.45,0.1,False
2026-09-08T18:56:31Z,Mill Basin,31,CI,0.0,1.34,1.49,2.39,0.1,False
2026-09-08T18:56:31Z,Newark Bay,32,PR,0.0,0.39,11.52,1.43,0.1,False
2026-09-08T18:56:31Z,"Newtown Creek, Lower",34,NC,0.0,0.3,28.56,0.91,0.1,False
2026-09-08T18:56:31Z,"Newtown Creek, Upper",33,NC,0.0,0.23,49.45,0.78,0.1,False
2026-09-08T18:56:31Z,Paerdegat Basin,35,CI,0.0,0.38,11.25,1.38,0.1,False
2026-09-08T18:56:31Z,Powell Cove,36,TI,0.0,0.9,3.39,1.22,0.1,False
2026-09-08T18:56:31Z,Sheepshead Bay,37,CI,0.0,0.18,12.63,0.83,0.1,False
2026-09-08T18:56:31Z,Shellbank Basin,44,JA,0.0,0.34,10.55,1.15,0.1,False
2026-09-08T18:56:31Z,Spring Creek,38,26,0.0,0.64,11.14,1.08,0.1,False
2026-09-08T18:56:31Z,Thurston Basin,45,JA,0.0,0.05,32.63,0.79,0.1,False
2026-09-08T18:56:31Z,Upper New York Bay,39,OH,0.0,0.34,11.93,1.26,0.1,False
2026-09-08T18:56:31Z,Westchester Creek,40,HP,0.0,0.19,21.55,1.13,0.1,False
2026-09-08T18:56:31Z,Western Long Island Sound,41,HP,0.0,2.0,0.05,0.66,0.1,False
2026-09-08T21:46:45Z,Alley Creek,1,TI,0.0,0.05,37.04,0.62,0.1,False
2026-09-08T21:46:45Z,"Arthur Kill, Lower",3,OB,0.0,0.7,5.22,1.54,0.1,False
2026-09-08T21:46:45Z,"Arthur Kill, Upper",4,OB,0.0,0.1,23.08,0.83,0.1,False
2026-09-08T21:46:45Z,Bergen Basin,43,JA,0.0,0.05,34.41,0.7,0.1,False
2026-09-08T21:46:45Z,Bowery Bay,5,BB,0.0,0.29,11.25,1.06,0.1,False
2026-09-08T21:46:45Z,"Bronx River, Lower",6,HP,0.0,0.05,53.67,0.45,0.1,False
2026-09-08T21:46:45Z,Coney Island Creek,7,CI,0.0,0.05,69.6,0.3,0.1,False
2026-09-08T21:46:45Z,East River (near Steinway Creek),9,BB,0.0,0.54,14.96,0.9,0.1,False
2026-09-08T21:46:45Z,East River (near Throgs Neck),11,TI,0.0,1.0,3.0,1.47,0.1,False
2026-09-08T21:46:45Z,East River (RFK to Whitestone),10,TI,0.0,0.61,5.65,1.3,0.1,False
2026-09-08T21:46:45Z,"East River, Lower",8,NC,0.0,0.8,4.38,1.56,0.1,False
2026-09-08T21:46:45Z,Eastchester Bay,12,HP,0.0,1.53,1.51,1.62,0.1,False
2026-09-08T21:46:45Z,Erie Basin,13,RH,0.0,0.27,13.73,1.16,0.1,False
2026-09-08T21:46:45Z,Flushing Bay,14,BB,0.0,0.19,32.63,0.76,0.1,False
2026-09-08T21:46:45Z,Flushing Creek,15,TI,0.0,0.05,59.69,0.64,0.1,False
2026-09-08T21:46:45Z,Fresh Creek,16,26,0.0,0.05,30.38,0.67,0.1,False
2026-09-08T21:46:45Z,"Fresh Kills, Lower",17,PR,0.0,0.16,20.48,1.05,0.1,False
2026-09-08T21:46:45Z,"Fresh Kills, Upper",18,PR,0.0,0.15,39.81,0.81,0.1,False
2026-09-08T21:46:45Z,Gerritsen Creek,19,RK,0.0,0.4,7.9,1.07,0.1,False
2026-09-08T21:46:45Z,"Gowanus Canal, Inner",20,RH,0.0,0.23,15.08,1.09,0.1,False
2026-09-08T21:46:45Z,"Gowanus Canal, Outer",21,RH,0.0,0.46,28.85,0.92,0.1,False
2026-09-08T21:46:45Z,Gravesend Bay,30,OH,0.0,0.1,24.63,0.76,0.1,False
2026-09-08T21:46:45Z,Harlem River,22,WI,0.0,0.5,17.24,0.89,0.1,False
2026-09-08T21:46:45Z,Hendrix Creek,23,26,0.0,0.09,20.52,0.8,0.1,False
2026-09-08T21:46:45Z,Hudson River (Bronx),24,WI,0.0,0.62,4.38,0.79,0.1,False
2026-09-08T21:46:45Z,Hudson River (Manhattan),25,NR,0.0,0.41,8.4,1.16,0.1,False
2026-09-08T21:46:45Z,"Hutchinson River, Lower",26,HP,0.0,0.05,57.81,0.59,0.1,False
2026-09-08T21:46:45Z,Jamaica Bay (Brooklyn),27,26,0.0,1.46,1.43,1.97,0.1,False
2026-09-08T21:46:45Z,Jamaica Bay (Queens),42,JA,0.0,0.74,4.07,0.99,0.1,False
2026-09-08T21:46:45Z,Kill Van Kull,28,PR,0.0,0.44,9.88,1.46,0.1,False
2026-09-08T21:46:45Z,Little Neck Bay,29,TI,0.0,0.46,7.65,1.21,0.1,False
2026-09-08T21:46:45Z,Lower New York Bay,2,OB,0.0,1.3,2.06,1.45,0.1,False
2026-09-08T21:46:45Z,Mill Basin,31,CI,0.0,1.34,1.49,2.39,0.1,False
2026-09-08T21:46:45Z,Newark Bay,32,PR,0.0,0.39,11.52,1.43,0.1,False
2026-09-08T21:46:45Z,"Newtown Creek, Lower",34,NC,0.0,0.3,28.56,0.91,0.1,False
2026-09-08T21:46:45Z,"Newtown Creek, Upper",33,NC,0.0,0.23,49.45,0.78,0.1,False
2026-09-08T21:46:45Z,Paerdegat Basin,35,CI,0.0,0.38,11.25,1.38,0.1,False
2026-09-08T21:46:45Z,Powell Cove,36,TI,0.0,0.9,3.39,1.22,0.1,False
2026-09-08T21:46:45Z,Sheepshead Bay,37,CI,0.0,0.18,12.63,0.83,0.1,False
2026-09-08T21:46:45Z,Shellbank Basin,44,JA,0.0,0.34,10.55,1.15,0.1,False
2026-09-08T21:46:45Z,Spring Creek,38,26,0.0,0.64,11.14,1.08,0.1,False
2026-09-08T21:46:45Z,Thurston Basin,45,JA,0.0,0.05,32.63,0.79,0.1,False
2026-09-08T21:46:45Z,Upper New York Bay,39,OH,0.0,0.34,11.93,1.26,0.1,False
2026-09-08T21:46:45Z,Westchester Creek,40,HP,0.0,0.19,21.55,1.13,0.1,False
2026-09-08T21:46:45Z,Western Long Island Sound,41,HP,0.0,2.0,0.05,0.66,0.1,False
2026-09-09T00:04:33Z,Alley Creek,1,TI,0.0,0.05,37.04,0.62,0.1,False
2026-09-09T00:04:33Z,"Arthur Kill, Lower",3,OB,0.0,0.7,5.22,1.54,0.1,False
2026-09-09T00:04:33Z,"Arthur Kill, Upper",4,OB,0.0,0.1,23.08,0.83,0.1,False
2026-09-09T00:04:33Z,Bergen Basin,43,JA,0.0,0.05,34.41,0.7,0.1,False
2026-09-09T00:04:33Z,Bowery Bay,5,BB,0.0,0.29,11.25,1.06,0.1,False
2026-09-09T00:04:33Z,"Bronx River, Lower",6,HP,0.0,0.05,53.67,0.45,0.1,False
2026-09-09T00:04:33Z,Coney Island Creek,7,CI,0.0,0.05,69.6,0.3,0.1,False
2026-09-09T00:04:33Z,East River (near Steinway Creek),9,BB,0.0,0.54,14.96,0.9,0.1,False
2026-09-09T00:04:33Z,East River (near Throgs Neck),11,TI,0.0,1.0,3.0,1.47,0.1,False
2026-09-09T00:04:33Z,East River (RFK to Whitestone),10,TI,0.0,0.61,5.65,1.3,0.1,False
2026-09-09T00:04:33Z,"East River, Lower",8,NC,0.0,0.8,4.38,1.56,0.1,False
2026-09-09T00:04:33Z,Eastchester Bay,12,HP,0.0,1.53,1.51,1.62,0.1,False
2026-09-09T00:04:33Z,Erie Basin,13,RH,0.0,0.27,13.73,1.16,0.1,False
2026-09-09T00:04:33Z,Flushing Bay,14,BB,0.0,0.19,32.63,0.76,0.1,False
2026-09-09T00:04:33Z,Flushing Creek,15,TI,0.0,0.05,59.69,0.64,0.1,False
2026-09-09T00:04:33Z,Fresh Creek,16,26,0.0,0.05,30.38,0.67,0.1,False
2026-09-09T00:04:33Z,"Fresh Kills, Lower",17,PR,0.0,0.16,20.48,1.05,0.1,False
2026-09-09T00:04:33Z,"Fresh Kills, Upper",18,PR,0.0,0.15,39.81,0.81,0.1,False
2026-09-09T00:04:33Z,Gerritsen Creek,19,RK,0.0,0.4,7.9,1.07,0.1,False
2026-09-09T00:04:33Z,"Gowanus Canal, Inner",20,RH,0.0,0.23,15.08,1.09,0.1,False
2026-09-09T00:04:33Z,"Gowanus Canal, Outer",21,RH,0.0,0.46,28.85,0.92,0.1,False
2026-09-09T00:04:33Z,Gravesend Bay,30,OH,0.0,0.1,24.63,0.76,0.1,False
2026-09-09T00:04:33Z,Harlem River,22,WI,0.0,0.5,17.24,0.89,0.1,False
2026-09-09T00:04:33Z,Hendrix Creek,23,26,0.0,0.09,20.52,0.8,0.1,False
2026-09-09T00:04:33Z,Hudson River (Bronx),24,WI,0.0,0.62,4.38,0.79,0.1,False
2026-09-09T00:04:33Z,Hudson River (Manhattan),25,NR,0.0,0.41,8.4,1.16,0.1,False
2026-09-09T00:04:33Z,"Hutchinson River, Lower",26,HP,0.0,0.05,57.81,0.59,0.1,False
2026-09-09T00:04:33Z,Jamaica Bay (Brooklyn),27,26,0.0,1.46,1.43,1.97,0.1,False
2026-09-09T00:04:33Z,Jamaica Bay (Queens),42,JA,0.0,0.74,4.07,0.99,0.1,False
2026-09-09T00:04:33Z,Kill Van Kull,28,PR,0.0,0.44,9.88,1.46,0.1,False
2026-09-09T00:04:33Z,Little Neck Bay,29,TI,0.0,0.46,7.65,1.21,0.1,False
2026-09-09T00:04:33Z,Lower New York Bay,2,OB,0.0,1.3,2.06,1.45,0.1,False
2026-09-09T00:04:33Z,Mill Basin,31,CI,0.0,1.34,1.49,2.39,0.1,False
2026-09-09T00:04:33Z,Newark Bay,32,PR,0.0,0.39,11.52,1.43,0.1,False
2026-09-09T00:04:33Z,"Newtown Creek, Lower",34,NC,0.0,0.3,28.56,0.91,0.1,False
2026-09-09T00:04:33Z,"Newtown Creek, Upper",33,NC,0.0,0.23,49.45,0.78,0.1,False
2026-09-09T00:04:33Z,Paerdegat Basin,35,CI,0.0,0.38,11.25,1.38,0.1,False
2026-09-09T00:04:33Z,Powell Cove,36,TI,0.0,0.9,3.39,1.22,0.1,False
2026-09-09T00:04:33Z,Sheepshead Bay,37,CI,0.0,0.18,12.63,0.83,0.1,False
2026-09-09T00:04:33Z,Shellbank Basin,44,JA,0.0,0.34,10.55,1.15,0.1,False
2026-09-09T00:04:33Z,Spring Creek,38,26,0.0,0.64,11.14,1.08,0.1,False
2026-09-09T00:04:33Z,Thurston Basin,45,JA,0.0,0.05,32.63,0.79,0.1,False
2026-09-09T00:04:33Z,Upper New York Bay,39,OH,0.0,0.34,11.93,1.26,0.1,False
2026-09-09T00:04:33Z,Westchester Creek,40,HP,0.0,0.19,21.55,1.13,0.1,False
2026-09-09T00:04:33Z,Western Long Island Sound,41,HP,0.0,2.0,0.05,0.66,0.1,False
2026-09-09T04:32:36Z,Alley Creek,1,TI,0.0,0.05,37.04,0.62,0.1,False
2026-09-09T04:32:36Z,"Arthur Kill, Lower",3,OB,0.0,0.7,5.22,1.54,0.1,False
2026-09-09T04:32:36Z,"Arthur Kill, Upper",4,OB,0.0,0.1,23.08,0.83,0.1,False
2026-09-09T04:32:36Z,Bergen Basin,43,JA,0.0,0.05,34.41,0.7,0.1,False
2026-09-09T04:32:36Z,Bowery Bay,5,BB,0.0,0.29,11.25,1.06,0.1,False
2026-09-09T04:32:36Z,"Bronx River, Lower",6,HP,0.0,0.05,53.67,0.45,0.1,False
2026-09-09T04:32:36Z,Coney Island Creek,7,CI,0.0,0.05,69.6,0.3,0.1,False
2026-09-09T04:32:36Z,East River (near Steinway Creek),9,BB,0.0,0.54,14.96,0.9,0.1,False
2026-09-09T04:32:36Z,East River (near Throgs Neck),11,TI,0.0,1.0,3.0,1.47,0.1,False
2026-09-09T04:32:36Z,East River (RFK to Whitestone),10,TI,0.0,0.61,5.65,1.3,0.1,False
2026-09-09T04:32:36Z,"East River, Lower",8,NC,0.0,0.8,4.38,1.56,0.1,False
2026-09-09T04:32:36Z,Eastchester Bay,12,HP,0.0,1.53,1.51,1.62,0.1,False
2026-09-09T04:32:36Z,Erie Basin,13,RH,0.0,0.27,13.73,1.16,0.1,False
2026-09-09T04:32:36Z,Flushing Bay,14,BB,0.0,0.19,32.63,0.76,0.1,False
2026-09-09T04:32:36Z,Flushing Creek,15,TI,0.0,0.05,59.69,0.64,0.1,False
2026-09-09T04:32:36Z,Fresh Creek,16,26,0.0,0.05,30.38,0.67,0.1,False
2026-09-09T04:32:36Z,"Fresh Kills, Lower",17,PR,0.0,0.16,20.48,1.05,0.1,False
2026-09-09T04:32:36Z,"Fresh Kills, Upper",18,PR,0.0,0.15,39.81,0.81,0.1,False
2026-09-09T04:32:36Z,Gerritsen Creek,19,RK,0.0,0.4,7.9,1.07,0.1,False
2026-09-09T04:32:36Z,"Gowanus Canal, Inner",20,RH,0.0,0.23,15.08,1.09,0.1,False
2026-09-09T04:32:36Z,"Gowanus Canal, Outer",21,RH,0.0,0.46,28.85,0.92,0.1,False
2026-09-09T04:32:36Z,Gravesend Bay,30,OH,0.0,0.1,24.63,0.76,0.1,False
2026-09-09T04:32:36Z,Harlem River,22,WI,0.0,0.5,17.24,0.89,0.1,False
2026-09-09T04:32:36Z,Hendrix Creek,23,26,0.0,0.09,20.52,0.8,0.1,False
2026-09-09T04:32:36Z,Hudson River (Bronx),24,WI,0.0,0.62,4.38,0.79,0.1,False
2026-09-09T04:32:36Z,Hudson River (Manhattan),25,NR,0.0,0.41,8.4,1.16,0.1,False
2026-09-09T04:32:36Z,"Hutchinson River, Lower",26,HP,0.0,0.05,57.81,0.59,0.1,False
2026-09-09T04:32:36Z,Jamaica Bay (Brooklyn),27,26,0.0,1.46,1.43,1.97,0.1,False
2026-09-09T04:32:36Z,Jamaica Bay (Queens),42,JA,0.0,0.74,4.07,0.99,0.1,False
2026-09-09T04:32:36Z,Kill Van Kull,28,PR,0.0,0.44,9.88,1.46,0.1,False
2026-09-09T04:32:36Z,Little Neck Bay,29,TI,0.0,0.46,7.65,1.21,0.1,False
2026-09-09T04:32:36Z,Lower New York Bay,2,OB,0.0,1.3,2.06,1.45,0.1,False
2026-09-09T04:32:36Z,Mill Basin,31,CI,0.0,1.34,1.49,2.39,0.1,False
2026-09-09T04:32:36Z,Newark Bay,32,PR,0.0,0.39,11.52,1.43,0.1,False
2026-09-09T04:32:36Z,"Newtown Creek, Lower",34,NC,0.0,0.3,28.56,0.91,0.1,False
2026-09-09T04:32:36Z,"Newtown Creek, Upper",33,NC,0.0,0.23,49.45,0.78,0.1,False
2026-09-09T04:32:36Z,Paerdegat Basin,35,CI,0.0,0.38,11.25,1.38,0.1,False
2026-09-09T04:32:36Z,Powell Cove,36,TI,0.0,0.9,3.39,1.22,0.1,False
2026-09-09T04:32:36Z,Sheepshead Bay,37,CI,0.0,0.18,12.63,0.83,0.1,False
2026-09-09T04:32:36Z,Shellbank Basin,44,JA,0.0,0.34,10.55,1.15,0.1,False
2026-09-09T04:32:36Z,Spring Creek,38,26,0.0,0.64,11.14,1.08,0.1,False
2026-09-09T04:32:36Z,Thurston Basin,45,JA,0.0,0.05,32.63,0.79,0.1,False
2026-09-09T04:32:36Z,Upper New York Bay,39,OH,0.0,0.34,11.93,1.26,0.1,False
2026-09-09T04:32:36Z,Westchester Creek,40,HP,0.0,0.19,21.55,1.13,0.1,False
2026-09-09T04:32:36Z,Western Long Island Sound,41,HP,0.0,2.0,0.05,0.66,0.1,False
2026-09-09T09:07:54Z,Alley Creek,1,TI,0.0,0.05,37.04,0.62,0.1,False
2026-09-09T09:07:54Z,"Arthur Kill, Lower",3,OB,0.0,0.7,5.22,1.54,0.1,False
2026-09-09T09:07:54Z,"Arthur Kill, Upper",4,OB,0.0,0.1,23.08,0.83,0.1,False
2026-09-09T09:07:54Z,Bergen Basin,43,JA,0.0,0.05,34.41,0.7,0.1,False
2026-09-09T09:07:54Z,Bowery Bay,5,BB,0.0,0.29,11.25,1.06,0.1,False
2026-09-09T09:07:54Z,"Bronx River, Lower",6,HP,0.0,0.05,53.67,0.45,0.1,False
2026-09-09T09:07:54Z,Coney Island Creek,7,CI,0.0,0.05,69.6,0.3,0.1,False
2026-09-09T09:07:54Z,East River (near Steinway Creek),9,BB,0.0,0.54,14.96,0.9,0.1,False
2026-09-09T09:07:54Z,East River (near Throgs Neck),11,TI,0.0,1.0,3.0,1.47,0.1,False
2026-09-09T09:07:54Z,East River (RFK to Whitestone),10,TI,0.0,0.61,5.65,1.3,0.1,False
2026-09-09T09:07:54Z,"East River, Lower",8,NC,0.0,0.8,4.38,1.56,0.1,False
2026-09-09T09:07:54Z,Eastchester Bay,12,HP,0.0,1.53,1.51,1.62,0.1,False
2026-09-09T09:07:54Z,Erie Basin,13,RH,0.0,0.27,13.73,1.16,0.1,False
2026-09-09T09:07:54Z,Flushing Bay,14,BB,0.0,0.19,32.63,0.76,0.1,False
2026-09-09T09:07:54Z,Flushing Creek,15,TI,0.0,0.05,59.69,0.64,0.1,False
2026-09-09T09:07:54Z,Fresh Creek,16,26,0.0,0.05,30.38,0.67,0.1,False
2026-09-09T09:07:54Z,"Fresh Kills, Lower",17,PR,0.0,0.16,20.48,1.05,0.1,False
2026-09-09T09:07:54Z,"Fresh Kills, Upper",18,PR,0.0,0.15,39.81,0.81,0.1,False
2026-09-09T09:07:54Z,Gerritsen Creek,19,RK,0.0,0.4,7.9,1.07,0.1,False
2026-09-09T09:07:54Z,"Gowanus Canal, Inner",20,RH,0.0,0.23,15.08,1.09,0.1,False
2026-09-09T09:07:54Z,"Gowanus Canal, Outer",21,RH,0.0,0.46,28.85,0.92,0.1,False
2026-09-09T09:07:54Z,Gravesend Bay,30,OH,0.0,0.1,24.63,0.76,0.1,False
2026-09-09T09:07:54Z,Harlem River,22,WI,0.0,0.5,17.24,0.89,0.1,False
2026-09-09T09:07:54Z,Hendrix Creek,23,26,0.0,0.09,20.52,0.8,0.1,False
2026-09-09T09:07:54Z,Hudson River (Bronx),24,WI,0.0,0.62,4.38,0.79,0.1,False
2026-09-09T09:07:54Z,Hudson River (Manhattan),25,NR,0.0,0.41,8.4,1.16,0.1,False
2026-09-09T09:07:54Z,"Hutchinson River, Lower",26,HP,0.0,0.05,57.81,0.59,0.1,False
2026-09-09T09:07:54Z,Jamaica Bay (Brooklyn),27,26,0.0,1.46,1.43,1.97,0.1,False
2026-09-09T09:07:54Z,Jamaica Bay (Queens),42,JA,0.0,0.74,4.07,0.99,0.1,False
2026-09-09T09:07:54Z,Kill Van Kull,28,PR,0.0,0.44,9.88,1.46,0.1,False
2026-09-09T09:07:54Z,Little Neck Bay,29,TI,0.0,0.46,7.65,1.21,0.1,False
2026-09-09T09:07:54Z,Lower New York Bay,2,OB,0.0,1.3,2.06,1.45,0.1,False
2026-09-09T09:07:54Z,Mill Basin,31,CI,0.0,1.34,1.49,2.39,0.1,False
2026-09-09T09:07:54Z,Newark Bay,32,PR,0.0,0.39,11.52,1.43,0.1,False
2026-09-09T09:07:54Z,"Newtown Creek, Lower",34,NC,0.0,0.3,28.56,0.91,0.1,False
2026-09-09T09:07:54Z,"Newtown Creek, Upper",33,NC,0.0,0.23,49.45,0.78,0.1,False
2026-09-09T09:07:54Z,Paerdegat Basin,35,CI,0.0,0.38,11.25,1.38,0.1,False
2026-09-09T09:07:54Z,Powell Cove,36,TI,0.0,0.9,3.39,1.22,0.1,False
2026-09-09T09:07:54Z,Sheepshead Bay,37,CI,0.0,0.18,12.63,0.83,0.1,False
2026-09-09T09:07:54Z,Shellbank Basin,44,JA,0.0,0.34,10.55,1.15,0.1,False
2026-09-09T09:07:54Z,Spring Creek,38,26,0.0,0.64,11.14,1.08,0.1,False
2026-09-09T09:07:54Z,Thurston Basin,45,JA,0.0,0.05,32.63,0.79,0.1,False
2026-09-09T09:07:54Z,Upper New York Bay,39,OH,0.0,0.34,11.93,1.26,0.1,False
2026-09-09T09:07:54Z,Westchester Creek,40,HP,0.0,0.19,21.55,1.13,0.1,False
2026-09-09T09:07:54Z,Western Long Island Sound,41,HP,0.0,2.0,0.05,0.66,0.1,False
2026-09-09T13:51:48Z,Alley Creek,1,TI,0.0,0.05,37.04,0.62,0.1,False
2026-09-09T13:51:48Z,"Arthur Kill, Lower",3,OB,0.0,0.7,5.22,1.54,0.1,False
2026-09-09T13:51:48Z,"Arthur Kill, Upper",4,OB,0.0,0.1,23.08,0.83,0.1,False
2026-09-09T13:51:48Z,Bergen Basin,43,JA,0.0,0.05,34.41,0.7,0.1,False
2026-09-09T13:51:48Z,Bowery Bay,5,BB,0.0,0.29,11.25,1.06,0.1,False
2026-09-09T13:51:48Z,"Bronx River, Lower",6,HP,0.0,0.05,53.67,0.45,0.1,False
2026-09-09T13:51:48Z,Coney Island Creek,7,CI,0.0,0.05,69.6,0.3,0.1,False
2026-09-09T13:51:48Z,East River (near Steinway Creek),9,BB,0.0,0.54,14.96,0.9,0.1,False
2026-09-09T13:51:48Z,East River (near Throgs Neck),11,TI,0.0,1.0,3.0,1.47,0.1,False
2026-09-09T13:51:48Z,East River (RFK to Whitestone),10,TI,0.0,0.61,5.65,1.3,0.1,False
2026-09-09T13:51:48Z,"East River, Lower",8,NC,0.0,0.8,4.38,1.56,0.1,False
2026-09-09T13:51:48Z,Eastchester Bay,12,HP,0.0,1.53,1.51,1.62,0.1,False
2026-09-09T13:51:48Z,Erie Basin,13,RH,0.0,0.27,13.73,1.16,0.1,False
2026-09-09T13:51:48Z,Flushing Bay,14,BB,0.0,0.19,32.63,0.76,0.1,False
2026-09-09T13:51:48Z,Flushing Creek,15,TI,0.0,0.05,59.69,0.64,0.1,False
2026-09-09T13:51:48Z,Fresh Creek,16,26,0.0,0.05,30.38,0.67,0.1,False
2026-09-09T13:51:48Z,"Fresh Kills, Lower",17,PR,0.0,0.16,20.48,1.05,0.1,False
2026-09-09T13:51:48Z,"Fresh Kills, Upper",18,PR,0.0,0.15,39.81,0.81,0.1,False
2026-09-09T13:51:48Z,Gerritsen Creek,19,RK,0.0,0.4,7.9,1.07,0.1,False
2026-09-09T13:51:48Z,"Gowanus Canal, Inner",20,RH,0.0,0.23,15.08,1.09,0.1,False
2026-09-09T13:51:48Z,"Gowanus Canal, Outer",21,RH,0.0,0.46,28.85,0.92,0.1,False
2026-09-09T13:51:48Z,Gravesend Bay,30,OH,0.0,0.1,24.63,0.76,0.1,False
2026-09-09T13:51:48Z,Harlem River,22,WI,0.0,0.5,17.24,0.89,0.1,False
2026-09-09T13:51:48Z,Hendrix Creek,23,26,0.0,0.09,20.52,0.8,0.1,False
2026-09-09T13:51:48Z,Hudson River (Bronx),24,WI,0.0,0.62,4.38,0.79,0.1,False
2026-09-09T13:51:48Z,Hudson River (Manhattan),25,NR,0.0,0.41,8.4,1.16,0.1,False
2026-09-09T13:51:48Z,"Hutchinson River, Lower",26,HP,0.0,0.05,57.81,0.59,0.1,False
2026-09-09T13:51:48Z,Jamaica Bay (Brooklyn),27,26,0.0,1.46,1.43,1.97,0.1,False
2026-09-09T13:51:48Z,Jamaica Bay (Queens),42,JA,0.0,0.74,4.07,0.99,0.1,False
2026-09-09T13:51:48Z,Kill Van Kull,28,PR,0.0,0.44,9.88,1.46,0.1,False
2026-09-09T13:51:48Z,Little Neck Bay,29,TI,0.0,0.46,7.65,1.21,0.1,False
2026-09-09T13:51:48Z,Lower New York Bay,2,OB,0.0,1.3,2.06,1.45,0.1,False
2026-09-09T13:51:48Z,Mill Basin,31,CI,0.0,1.34,1.49,2.39,0.1,False
2026-09-09T13:51:48Z,Newark Bay,32,PR,0.0,0.39,11.52,1.43,0.1,False
2026-09-09T13:51:48Z,"Newtown Creek, Lower",34,NC,0.0,0.3,28.56,0.91,0.1,False
2026-09-09T13:51:48Z,"Newtown Creek, Upper",33,NC,0.0,0.23,49.45,0.78,0.1,False
2026-09-09T13:51:48Z,Paerdegat Basin,35,CI,0.0,0.38,11.25,1.38,0.1,False
2026-09-09T13:51:48Z,Powell Cove,36,TI,0.0,0.9,3.39,1.22,0.1,False
2026-09-09T13:51:48Z,Sheepshead Bay,37,CI,0.0,0.18,12.63,0.83,0.1,False
2026-09-09T13:51:48Z,Shellbank Basin,44,JA,0.0,0.34,10.55,1.15,0.1,False
2026-09-09T13:51:48Z,Spring Creek,38,26,0.0,0.64,11.14,1.08,0.1,False
2026-09-09T13:51:48Z,Thurston Basin,45,JA,0.0,0.05,32.63,0.79,0.1,False
2026-09-09T13:51:48Z,Upper New York Bay,39,OH,0.0,0.34,11.93,1.26,0.1,False
2026-09-09T13:51:48Z,Westchester Creek,40,HP,0.0,0.19,21.55,1.13,0.1,False
2026-09-09T13:51:48Z,Western Long Island Sound,41,HP,0.0,2.0,0.05,0.66,0.1,False
2026-09-09T17:45:58Z,Alley Creek,1,TI,0.0,0.05,37.04,0.62,0.1,False
2026-09-09T17:45:58Z,"Arthur Kill, Lower",3,OB,0.0,0.7,5.22,1.54,0.1,False
2026-09-09T17:45:58Z,"Arthur Kill, Upper",4,OB,0.0,0.1,23.08,0.83,0.1,False
2026-09-09T17:45:58Z,Bergen Basin,43,JA,0.0,0.05,34.41,0.7,0.1,False
2026-09-09T17:45:58Z,Bowery Bay,5,BB,0.0,0.29,11.25,1.06,0.1,False
2026-09-09T17:45:58Z,"Bronx River, Lower",6,HP,0.0,0.05,53.67,0.45,0.1,False
2026-09-09T17:45:58Z,Coney Island Creek,7,CI,0.0,0.05,69.6,0.3,0.1,False
2026-09-09T17:45:58Z,East River (near Steinway Creek),9,BB,0.0,0.54,14.96,0.9,0.1,False
2026-09-09T17:45:58Z,East River (near Throgs Neck),11,TI,0.0,1.0,3.0,1.47,0.1,False
2026-09-09T17:45:58Z,East River (RFK to Whitestone),10,TI,0.0,0.61,5.65,1.3,0.1,False
2026-09-09T17:45:58Z,"East River, Lower",8,NC,0.0,0.8,4.38,1.56,0.1,False
2026-09-09T17:45:58Z,Eastchester Bay,12,HP,0.0,1.53,1.51,1.62,0.1,False
2026-09-09T17:45:58Z,Erie Basin,13,RH,0.0,0.27,13.73,1.16,0.1,False
2026-09-09T17:45:58Z,Flushing Bay,14,BB,0.0,0.19,32.63,0.76,0.1,False
2026-09-09T17:45:58Z,Flushing Creek,15,TI,0.0,0.05,59.69,0.64,0.1,False
2026-09-09T17:45:58Z,Fresh Creek,16,26,0.0,0.05,30.38,0.67,0.1,False
2026-09-09T17:45:58Z,"Fresh Kills, Lower",17,PR,0.0,0.16,20.48,1.05,0.1,False
2026-09-09T17:45:58Z,"Fresh Kills, Upper",18,PR,0.0,0.15,39.81,0.81,0.1,False
2026-09-09T17:45:58Z,Gerritsen Creek,19,RK,0.0,0.4,7.9,1.07,0.1,False
2026-09-09T17:45:58Z,"Gowanus Canal, Inner",20,RH,0.0,0.23,15.08,1.09,0.1,False
2026-09-09T17:45:58Z,"Gowanus Canal, Outer",21,RH,0.0,0.46,28.85,0.92,0.1,False
2026-09-09T17:45:58Z,Gravesend Bay,30,OH,0.0,0.1,24.63,0.76,0.1,False
2026-09-09T17:45:58Z,Harlem River,22,WI,0.0,0.5,17.24,0.89,0.1,False
2026-09-09T17:45:58Z,Hendrix Creek,23,26,0.0,0.09,20.52,0.8,0.1,False
2026-09-09T17:45:58Z,Hudson River (Bronx),24,WI,0.0,0.62,4.38,0.79,0.1,False
2026-09-09T17:45:58Z,Hudson River (Manhattan),25,NR,0.0,0.41,8.4,1.16,0.1,False
2026-09-09T17:45:58Z,"Hutchinson River, Lower",26,HP,0.0,0.05,57.81,0.59,0.1,False
2026-09-09T17:45:58Z,Jamaica Bay (Brooklyn),27,26,0.0,1.46,1.43,1.97,0.1,False
2026-09-09T17:45:58Z,Jamaica Bay (Queens),42,JA,0.0,0.74,4.07,0.99,0.1,False
2026-09-09T17:45:58Z,Kill Van Kull,28,PR,0.0,0.44,9.88,1.46,0.1,False
2026-09-09T17:45:58Z,Little Neck Bay,29,TI,0.0,0.46,7.65,1.21,0.1,False
2026-09-09T17:45:58Z,Lower New York Bay,2,OB,0.0,1.3,2.06,1.45,0.1,False
2026-09-09T17:45:58Z,Mill Basin,31,CI,0.0,1.34,1.49,2.39,0.1,False
2026-09-09T17:45:58Z,Newark Bay,32,PR,0.0,0.39,11.52,1.43,0.1,False
2026-09-09T17:45:58Z,"Newtown Creek, Lower",34,NC,0.0,0.3,28.56,0.91,0.1,False
2026-09-09T17:45:58Z,"Newtown Creek, Upper",33,NC,0.0,0.23,49.45,0.78,0.1,False
2026-09-09T17:45:58Z,Paerdegat Basin,35,CI,0.0,0.38,11.25,1.38,0.1,False
2026-09-09T17:45:58Z,Powell Cove,36,TI,0.0,0.9,3.39,1.22,0.1,False
2026-09-09T17:45:58Z,Sheepshead Bay,37,CI,0.0,0.18,12.63,0.83,0.1,False
2026-09-09T17:45:58Z,Shellbank Basin,44,JA,0.0,0.34,10.55,1.15,0.1,False
2026-09-09T17:45:58Z,Spring Creek,38,26,0.0,0.64,11.14,1.08,0.1,False
2026-09-09T17:45:58Z,Thurston Basin,45,JA,0.0,0.05,32.63,0.79,0.1,False
2026-09-09T17:45:58Z,Upper New York Bay,39,OH,0.0,0.34,11.93,1.26,0.1,False
2026-09-09T17:45:58Z,Westchester Creek,40,HP,0.0,0.19,21.55,1.13,0.1,False
2026-09-09T17:45:58Z,Western Long Island Sound,41,HP,0.0,2.0,0.05,0.66,0.1,False
2026-09-09T20:52:08Z,Alley Creek,1,TI,0.0,0.05,37.04,0.62,0.1,False
2026-09-09T20:52:08Z,"Arthur Kill, Lower",3,OB,0.0,0.7,5.22,1.54,0.1,False
2026-09-09T20:52:08Z,"Arthur Kill, Upper",4,OB,0.0,0.1,23.08,0.83,0.1,False
2026-09-09T20:52:08Z,Bergen Basin,43,JA,0.0,0.05,34.41,0.7,0.1,False
2026-09-09T20:52:08Z,Bowery Bay,5,BB,0.0,0.29,11.25,1.06,0.1,False
2026-09-09T20:52:08Z,"Bronx River, Lower",6,HP,0.0,0.05,53.67,0.45,0.1,False
2026-09-09T20:52:08Z,Coney Island Creek,7,CI,0.0,0.05,69.6,0.3,0.1,False
2026-09-09T20:52:08Z,East River (near Steinway Creek),9,BB,0.0,0.54,14.96,0.9,0.1,False
2026-09-09T20:52:08Z,East River (near Throgs Neck),11,TI,0.0,1.0,3.0,1.47,0.1,False
2026-09-09T20:52:08Z,East River (RFK to Whitestone),10,TI,0.0,0.61,5.65,1.3,0.1,False
2026-09-09T20:52:08Z,"East River, Lower",8,NC,0.0,0.8,4.38,1.56,0.1,False
2026-09-09T20:52:08Z,Eastchester Bay,12,HP,0.0,1.53,1.51,1.62,0.1,False
2026-09-09T20:52:08Z,Erie Basin,13,RH,0.0,0.27,13.73,1.16,0.1,False
2026-09-09T20:52:08Z,Flushing Bay,14,BB,0.0,0.19,32.63,0.76,0.1,False
2026-09-09T20:52:08Z,Flushing Creek,15,TI,0.0,0.05,59.69,0.64,0.1,False
2026-09-09T20:52:08Z,Fresh Creek,16,26,0.0,0.05,30.38,0.67,0.1,False
2026-09-09T20:52:08Z,"Fresh Kills, Lower",17,PR,0.0,0.16,20.48,1.05,0.1,False
2026-09-09T20:52:08Z,"Fresh Kills, Upper",18,PR,0.0,0.15,39.81,0.81,0.1,False
2026-09-09T20:52:08Z,Gerritsen Creek,19,RK,0.0,0.4,7.9,1.07,0.1,False
2026-09-09T20:52:08Z,"Gowanus Canal, Inner",20,RH,0.0,0.23,15.08,1.09,0.1,False
2026-09-09T20:52:08Z,"Gowanus Canal, Outer",21,RH,0.0,0.46,28.85,0.92,0.1,False
2026-09-09T20:52:08Z,Gravesend Bay,30,OH,0.0,0.1,24.63,0.76,0.1,False
2026-09-09T20:52:08Z,Harlem River,22,WI,0.0,0.5,17.24,0.89,0.1,False
2026-09-09T20:52:08Z,Hendrix Creek,23,26,0.0,0.09,20.52,0.8,0.1,False
2026-09-09T20:52:08Z,Hudson River (Bronx),24,WI,0.0,0.62,4.38,0.79,0.1,False
2026-09-09T20:52:08Z,Hudson River (Manhattan),25,NR,0.0,0.41,8.4,1.16,0.1,False
2026-09-09T20:52:08Z,"Hutchinson River, Lower",26,HP,0.0,0.05,57.81,0.59,0.1,False
2026-09-09T20:52:08Z,Jamaica Bay (Brooklyn),27,26,0.0,1.46,1.43,1.97,0.1,False
2026-09-09T20:52:08Z,Jamaica Bay (Queens),42,JA,0.0,0.74,4.07,0.99,0.1,False
2026-09-09T20:52:08Z,Kill Van Kull,28,PR,0.0,0.44,9.88,1.46,0.1,False
2026-09-09T20:52:08Z,Little Neck Bay,29,TI,0.0,0.46,7.65,1.21,0.1,False
2026-09-09T20:52:08Z,Lower New York Bay,2,OB,0.0,1.3,2.06,1.45,0.1,False
2026-09-09T20:52:08Z,Mill Basin,31,CI,0.0,1.34,1.49,2.39,0.1,False
2026-09-09T20:52:08Z,Newark Bay,32,PR,0.0,0.39,11.52,1.43,0.1,False
2026-09-09T20:52:08Z,"Newtown Creek, Lower",34,NC,0.0,0.3,28.56,0.91,0.1,False
2026-09-09T20:52:08Z,"Newtown Creek, Upper",33,NC,0.0,0.23,49.45,0.78,0.1,False
2026-09-09T20:52:08Z,Paerdegat Basin,35,CI,0.0,0.38,11.25,1.38,0.1,False
2026-09-09T20:52:08Z,Powell Cove,36,TI,0.0,0.9,3.39,1.22,0.1,False
2026-09-09T20:52:08Z,Sheepshead Bay,37,CI,0.0,0.18,12.63,0.83,0.1,False
2026-09-09T20:52:08Z,Shellbank Basin,44,JA,0.0,0.34,10.55,1.15,0.1,False
2026-09-09T20:52:08Z,Spring Creek,38,26,0.0,0.64,11.14,1.08,0.1,False
2026-09-09T20:52:08Z,Thurston Basin,45,JA,0.0,0.05,32.63,0.79,0.1,False
2026-09-09T20:52:08Z,Upper New York Bay,39,OH,0.0,0.34,11.93,1.26,0.1,False
2026-09-09T20:52:08Z,Westchester Creek,40,HP,0.0,0.19,21.55,1.13,0.1,False
2026-09-09T20:52:08Z,Western Long Island Sound,41,HP,0.0,2.0,0.05,0.66,0.1,False
2026-09-09T23:09:00Z,Alley Creek,1,TI,0.0,0.05,37.04,0.62,0.1,False
2026-09-09T23:09:00Z,"Arthur Kill, Lower",3,OB,0.0,0.7,5.22,1.54,0.1,False
2026-09-09T23:09:00Z,"Arthur Kill, Upper",4,OB,0.0,0.1,23.08,0.83,0.1,False
2026-09-09T23:09:00Z,Bergen Basin,43,JA,0.0,0.05,34.41,0.7,0.1,False
2026-09-09T23:09:00Z,Bowery Bay,5,BB,0.0,0.29,11.25,1.06,0.1,False
2026-09-09T23:09:00Z,"Bronx River, Lower",6,HP,0.0,0.05,53.67,0.45,0.1,False
2026-09-09T23:09:00Z,Coney Island Creek,7,CI,0.0,0.05,69.6,0.3,0.1,False
2026-09-09T23:09:00Z,East River (near Steinway Creek),9,BB,0.0,0.54,14.96,0.9,0.1,False
2026-09-09T23:09:00Z,East River (near Throgs Neck),11,TI,0.0,1.0,3.0,1.47,0.1,False
2026-09-09T23:09:00Z,East River (RFK to Whitestone),10,TI,0.0,0.61,5.65,1.3,0.1,False
2026-09-09T23:09:00Z,"East River, Lower",8,NC,0.0,0.8,4.38,1.56,0.1,False
2026-09-09T23:09:00Z,Eastchester Bay,12,HP,0.0,1.53,1.51,1.62,0.1,False
2026-09-09T23:09:00Z,Erie Basin,13,RH,0.0,0.27,13.73,1.16,0.1,False
2026-09-09T23:09:00Z,Flushing Bay,14,BB,0.0,0.19,32.63,0.76,0.1,False
2026-09-09T23:09:00Z,Flushing Creek,15,TI,0.0,0.05,59.69,0.64,0.1,False
2026-09-09T23:09:00Z,Fresh Creek,16,26,0.0,0.05,30.38,0.67,0.1,False
2026-09-09T23:09:00Z,"Fresh Kills, Lower",17,PR,0.0,0.16,20.48,1.05,0.1,False
2026-09-09T23:09:00Z,"Fresh Kills, Upper",18,PR,0.0,0.15,39.81,0.81,0.1,False
2026-09-09T23:09:00Z,Gerritsen Creek,19,RK,0.0,0.4,7.9,1.07,0.1,False
2026-09-09T23:09:00Z,"Gowanus Canal, Inner",20,RH,0.0,0.23,15.08,1.09,0.1,False
2026-09-09T23:09:00Z,"Gowanus Canal, Outer",21,RH,0.0,0.46,28.85,0.92,0.1,False
2026-09-09T23:09:00Z,Gravesend Bay,30,OH,0.0,0.1,24.63,0.76,0.1,False
2026-09-09T23:09:00Z,Harlem River,22,WI,0.0,0.5,17.24,0.89,0.1,False
2026-09-09T23:09:00Z,Hendrix Creek,23,26,0.0,0.09,20.52,0.8,0.1,False
2026-09-09T23:09:00Z,Hudson River (Bronx),24,WI,0.0,0.62,4.38,0.79,0.1,False
2026-09-09T23:09:00Z,Hudson River (Manhattan),25,NR,0.0,0.41,8.4,1.16,0.1,False
2026-09-09T23:09:00Z,"Hutchinson River, Lower",26,HP,0.0,0.05,57.81,0.59,0.1,False
2026-09-09T23:09:00Z,Jamaica Bay (Brooklyn),27,26,0.0,1.46,1.43,1.97,0.1,False
2026-09-09T23:09:00Z,Jamaica Bay (Queens),42,JA,0.0,0.74,4.07,0.99,0.1,False
2026-09-09T23:09:00Z,Kill Van Kull,28,PR,0.0,0.44,9.88,1.46,0.1,False
2026-09-09T23:09:00Z,Little Neck Bay,29,TI,0.0,0.46,7.65,1.21,0.1,False
2026-09-09T23:09:00Z,Lower New York Bay,2,OB,0.0,1.3,2.06,1.45,0.1,False
2026-09-09T23:09:00Z,Mill Basin,31,CI,0.0,1.34,1.49,2.39,0.1,False
2026-09-09T23:09:00Z,Newark Bay,32,PR,0.0,0.39,11.52,1.43,0.1,False
2026-09-09T23:09:00Z,"Newtown Creek, Lower",34,NC,0.0,0.3,28.56,0.91,0.1,False
2026-09-09T23:09:00Z,"Newtown Creek, Upper",33,NC,0.0,0.23,49.45,0.78,0.1,False
2026-09-09T23:09:00Z,Paerdegat Basin,35,CI,0.0,0.38,11.25,1.38,0.1,False
2026-09-09T23:09:00Z,Powell Cove,36,TI,0.0,0.9,3.39,1.22,0.1,False
2026-09-09T23:09:00Z,Sheepshead Bay,37,CI,0.0,0.18,12.63,0.83,0.1,False
2026-09-09T23:09:00Z,Shellbank Basin,44,JA,0.0,0.34,10.55,1.15,0.1,False
2026-09-09T23:09:00Z,Spring Creek,38,26,0.0,0.64,11.14,1.08,0.1,False
2026-09-09T23:09:00Z,Thurston Basin,45,JA,0.0,0.05,32.63,0.79,0.1,False
2026-09-09T23:09:00Z,Upper New York Bay,39,OH,0.0,0.34,11.93,1.26,0.1,False
2026-09-09T23:09:00Z,Westchester Creek,40,HP,0.0,0.19,21.55,1.13,0.1,False
2026-09-09T23:09:00Z,Western Long Island Sound,41,HP,0.0,2.0,0.05,0.66,0.1,False
2026-09-10T01:23:47Z,Alley Creek,1,TI,0.0,0.05,37.04,0.62,0.1,False
2026-09-10T01:23:47Z,"Arthur Kill, Lower",3,OB,0.0,0.7,5.22,1.54,0.1,False
2026-09-10T01:23:47Z,"Arthur Kill, Upper",4,OB,0.0,0.1,23.08,0.83,0.1,False
2026-09-10T01:23:47Z,Bergen Basin,43,JA,0.0,0.05,34.41,0.7,0.1,False
2026-09-10T01:23:47Z,Bowery Bay,5,BB,0.0,0.29,11.25,1.06,0.1,False
2026-09-10T01:23:47Z,"Bronx River, Lower",6,HP,0.0,0.05,53.67,0.45,0.1,False
2026-09-10T01:23:47Z,Coney Island Creek,7,CI,0.0,0.05,69.6,0.3,0.1,False
2026-09-10T01:23:47Z,East River (near Steinway Creek),9,BB,0.0,0.54,14.96,0.9,0.1,False
2026-09-10T01:23:47Z,East River (near Throgs Neck),11,TI,0.0,1.0,3.0,1.47,0.1,False
2026-09-10T01:23:47Z,East River (RFK to Whitestone),10,TI,0.0,0.61,5.65,1.3,0.1,False
2026-09-10T01:23:47Z,"East River, Lower",8,NC,0.0,0.8,4.38,1.56,0.1,False
2026-09-10T01:23:47Z,Eastchester Bay,12,HP,0.0,1.53,1.51,1.62,0.1,False
2026-09-10T01:23:47Z,Erie Basin,13,RH,0.0,0.27,13.73,1.16,0.1,False
2026-09-10T01:23:47Z,Flushing Bay,14,BB,0.0,0.19,32.63,0.76,0.1,False
2026-09-10T01:23:47Z,Flushing Creek,15,TI,0.0,0.05,59.69,0.64,0.1,False
2026-09-10T01:23:47Z,Fresh Creek,16,26,0.0,0.05,30.38,0.67,0.1,False
2026-09-10T01:23:47Z,"Fresh Kills, Lower",17,PR,0.0,0.16,20.48,1.05,0.1,False
2026-09-10T01:23:47Z,"Fresh Kills, Upper",18,PR,0.0,0.15,39.81,0.81,0.1,False
2026-09-10T01:23:47Z,Gerritsen Creek,19,RK,0.0,0.4,7.9,1.07,0.1,False
2026-09-10T01:23:47Z,"Gowanus Canal, Inner",20,RH,0.0,0.23,15.08,1.09,0.1,False
2026-09-10T01:23:47Z,"Gowanus Canal, Outer",21,RH,0.0,0.46,28.85,0.92,0.1,False
2026-09-10T01:23:47Z,Gravesend Bay,30,OH,0.0,0.1,24.63,0.76,0.1,False
2026-09-10T01:23:47Z,Harlem River,22,WI,0.0,0.5,17.24,0.89,0.1,False
2026-09-10T01:23:47Z,Hendrix Creek,23,26,0.0,0.09,20.52,0.8,0.1,False
2026-09-10T01:23:47Z,Hudson River (Bronx),24,WI,0.0,0.62,4.38,0.79,0.1,False
2026-09-10T01:23:47Z,Hudson River (Manhattan),25,NR,0.0,0.41,8.4,1.16,0.1,False
2026-09-10T01:23:47Z,"Hutchinson River, Lower",26,HP,0.0,0.05,57.81,0.59,0.1,False
2026-09-10T01:23:47Z,Jamaica Bay (Brooklyn),27,26,0.0,1.46,1.43,1.97,0.1,False
2026-09-10T01:23:47Z,Jamaica Bay (Queens),42,JA,0.0,0.74,4.07,0.99,0.1,False
2026-09-10T01:23:47Z,Kill Van Kull,28,PR,0.0,0.44,9.88,1.46,0.1,False
2026-09-10T01:23:47Z,Little Neck Bay,29,TI,0.0,0.46,7.65,1.21,0.1,False
2026-09-10T01:23:47Z,Lower New York Bay,2,OB,0.0,1.3,2.06,1.45,0.1,False
2026-09-10T01:23:47Z,Mill Basin,31,CI,0.0,1.34,1.49,2.39,0.1,False
2026-09-10T01:23:47Z,Newark Bay,32,PR,0.0,0.39,11.52,1.43,0.1,False
2026-09-10T01:23:47Z,"Newtown Creek, Lower",34,NC,0.0,0.3,28.56,0.91,0.1,False
2026-09-10T01:23:47Z,"Newtown Creek, Upper",33,NC,0.0,0.23,49.45,0.78,0.1,False
2026-09-10T01:23:47Z,Paerdegat Basin,35,CI,0.0,0.38,11.25,1.38,0.1,False
2026-09-10T01:23:47Z,Powell Cove,36,TI,0.0,0.9,3.39,1.22,0.1,False
2026-09-10T01:23:47Z,Sheepshead Bay,37,CI,0.0,0.18,12.63,0.83,0.1,False
2026-09-10T01:23:47Z,Shellbank Basin,44,JA,0.0,0.34,10.55,1.15,0.1,False
2026-09-10T01:23:47Z,Spring Creek,38,26,0.0,0.64,11.14,1.08,0.1,False
2026-09-10T01:23:47Z,Thurston Basin,45,JA,0.0,0.05,32.63,0.79,0.1,False
2026-09-10T01:23:47Z,Upper New York Bay,39,OH,0.0,0.34,11.93,1.26,0.1,False
2026-09-10T01:23:47Z,Westchester Creek,40,HP,0.0,0.19,21.55,1.13,0.1,False
2026-09-10T01:23:47Z,Western Long Island Sound,41,HP,0.0,2.0,0.05,0.66,0.1,False
2026-09-10T06:35:59Z,Alley Creek,1,TI,0.0,0.05,37.04,0.62,0.1,False
2026-09-10T06:35:59Z,"Arthur Kill, Lower",3,OB,0.0,0.7,5.22,1.54,0.1,False
2026-09-10T06:35:59Z,"Arthur Kill, Upper",4,OB,0.0,0.1,23.08,0.83,0.1,False
2026-09-10T06:35:59Z,Bergen Basin,43,JA,0.0,0.05,34.41,0.7,0.1,False
2026-09-10T06:35:59Z,Bowery Bay,5,BB,0.0,0.29,11.25,1.06,0.1,False
2026-09-10T06:35:59Z,"Bronx River, Lower",6,HP,0.0,0.05,53.67,0.45,0.1,False
2026-09-10T06:35:59Z,Coney Island Creek,7,CI,0.0,0.05,69.6,0.3,0.1,False
2026-09-10T06:35:59Z,East River (near Steinway Creek),9,BB,0.0,0.54,14.96,0.9,0.1,False
2026-09-10T06:35:59Z,East River (near Throgs Neck),11,TI,0.0,1.0,3.0,1.47,0.1,False
2026-09-10T06:35:59Z,East River (RFK to Whitestone),10,TI,0.0,0.61,5.65,1.3,0.1,False
2026-09-10T06:35:59Z,"East River, Lower",8,NC,0.0,0.8,4.38,1.56,0.1,False
2026-09-10T06:35:59Z,Eastchester Bay,12,HP,0.0,1.53,1.51,1.62,0.1,False
2026-09-10T06:35:59Z,Erie Basin,13,RH,0.0,0.27,13.73,1.16,0.1,False
2026-09-10T06:35:59Z,Flushing Bay,14,BB,0.0,0.19,32.63,0.76,0.1,False
2026-09-10T06:35:59Z,Flushing Creek,15,TI,0.0,0.05,59.69,0.64,0.1,False
2026-09-10T06:35:59Z,Fresh Creek,16,26,0.0,0.05,30.38,0.67,0.1,False
2026-09-10T06:35:59Z,"Fresh Kills, Lower",17,PR,0.0,0.16,20.48,1.05,0.1,False
2026-09-10T06:35:59Z,"Fresh Kills, Upper",18,PR,0.0,0.15,39.81,0.81,0.1,False
2026-09-10T06:35:59Z,Gerritsen Creek,19,RK,0.0,0.4,7.9,1.07,0.1,False
2026-09-10T06:35:59Z,"Gowanus Canal, Inner",20,RH,0.0,0.23,15.08,1.09,0.1,False
2026-09-10T06:35:59Z,"Gowanus Canal, Outer",21,RH,0.0,0.46,28.85,0.92,0.1,False
2026-09-10T06:35:59Z,Gravesend Bay,30,OH,0.0,0.1,24.63,0.76,0.1,False
2026-09-10T06:35:59Z,Harlem River,22,WI,0.0,0.5,17.24,0.89,0.1,False
2026-09-10T06:35:59Z,Hendrix Creek,23,26,0.0,0.09,20.52,0.8,0.1,False
2026-09-10T06:35:59Z,Hudson River (Bronx),24,WI,0.0,0.62,4.38,0.79,0.1,False
2026-09-10T06:35:59Z,Hudson River (Manhattan),25,NR,0.0,0.41,8.4,1.16,0.1,False
2026-09-10T06:35:59Z,"Hutchinson River, Lower",26,HP,0.0,0.05,57.81,0.59,0.1,False
2026-09-10T06:35:59Z,Jamaica Bay (Brooklyn),27,26,0.0,1.46,1.43,1.97,0.1,False
2026-09-10T06:35:59Z,Jamaica Bay (Queens),42,JA,0.0,0.74,4.07,0.99,0.1,False
2026-09-10T06:35:59Z,Kill Van Kull,28,PR,0.0,0.44,9.88,1.46,0.1,False
2026-09-10T06:35:59Z,Little Neck Bay,29,TI,0.0,0.46,7.65,1.21,0.1,False
2026-09-10T06:35:59Z,Lower New York Bay,2,OB,0.0,1.3,2.06,1.45,0.1,False
2026-09-10T06:35:59Z,Mill Basin,31,CI,0.0,1.34,1.49,2.39,0.1,False
2026-09-10T06:35:59Z,Newark Bay,32,PR,0.0,0.39,11.52,1.43,0.1,False
2026-09-10T06:35:59Z,"Newtown Creek, Lower",34,NC,0.0,0.3,28.56,0.91,0.1,False
2026-09-10T06:35:59Z,"Newtown Creek, Upper",33,NC,0.0,0.23,49.45,0.78,0.1,False
2026-09-10T06:35:59Z,Paerdegat Basin,35,CI,0.0,0.38,11.25,1.38,0.1,False
2026-09-10T06:35:59Z,Powell Cove,36,TI,0.0,0.9,3.39,1.22,0.1,False
2026-09-10T06:35:59Z,Sheepshead Bay,37,CI,0.0,0.18,12.63,0.83,0.1,False
2026-09-10T06:35:59Z,Shellbank Basin,44,JA,0.0,0.34,10.55,1.15,0.1,False
2026-09-10T06:35:59Z,Spring Creek,38,26,0.0,0.64,11.14,1.08,0.1,False
2026-09-10T06:35:59Z,Thurston Basin,45,JA,0.0,0.05,32.63,0.79,0.1,False
2026-09-10T06:35:59Z,Upper New York Bay,39,OH,0.0,0.34,11.93,1.26,0.1,False
2026-09-10T06:35:59Z,Westchester Creek,40,HP,0.0,0.19,21.55,1.13,0.1,False
2026-09-10T06:35:59Z,Western Long Island Sound,41,HP,0.0,2.0,0.05,0.66,0.1,False
2026-09-10T11:46:55Z,Alley Creek,1,TI,0.0,0.05,37.04,0.62,0.1,False
2026-09-10T11:46:55Z,"Arthur Kill, Lower",3,OB,0.0,0.7,5.22,1.54,0.1,False
2026-09-10T11:46:55Z,"Arthur Kill, Upper",4,OB,0.0,0.1,23.08,0.83,0.1,False
2026-09-10T11:46:55Z,Bergen Basin,43,JA,0.0,0.05,34.41,0.7,0.1,False
2026-09-10T11:46:55Z,Bowery Bay,5,BB,0.0,0.29,11.25,1.06,0.1,False
2026-09-10T11:46:55Z,"Bronx River, Lower",6,HP,0.0,0.05,53.67,0.45,0.1,False
2026-09-10T11:46:55Z,Coney Island Creek,7,CI,0.0,0.05,69.6,0.3,0.1,False
2026-09-10T11:46:55Z,East River (near Steinway Creek),9,BB,0.0,0.54,14.96,0.9,0.1,False
2026-09-10T11:46:55Z,East River (near Throgs Neck),11,TI,0.0,1.0,3.0,1.47,0.1,False
2026-09-10T11:46:55Z,East River (RFK to Whitestone),10,TI,0.0,0.61,5.65,1.3,0.1,False
2026-09-10T11:46:55Z,"East River, Lower",8,NC,0.0,0.8,4.38,1.56,0.1,False
2026-09-10T11:46:55Z,Eastchester Bay,12,HP,0.0,1.53,1.51,1.62,0.1,False
2026-09-10T11:46:55Z,Erie Basin,13,RH,0.0,0.27,13.73,1.16,0.1,False
2026-09-10T11:46:55Z,Flushing Bay,14,BB,0.0,0.19,32.63,0.76,0.1,False
2026-09-10T11:46:55Z,Flushing Creek,15,TI,0.0,0.05,59.69,0.64,0.1,False
2026-09-10T11:46:55Z,Fresh Creek,16,26,0.0,0.05,30.38,0.67,0.1,False
2026-09-10T11:46:55Z,"Fresh Kills, Lower",17,PR,0.0,0.16,20.48,1.05,0.1,False
2026-09-10T11:46:55Z,"Fresh Kills, Upper",18,PR,0.0,0.15,39.81,0.81,0.1,False
2026-09-10T11:46:55Z,Gerritsen Creek,19,RK,0.0,0.4,7.9,1.07,0.1,False
2026-09-10T11:46:55Z,"Gowanus Canal, Inner",20,RH,0.0,0.23,15.08,1.09,0.1,False
2026-09-10T11:46:55Z,"Gowanus Canal, Outer",21,RH,0.0,0.46,28.85,0.92,0.1,False
2026-09-10T11:46:55Z,Gravesend Bay,30,OH,0.0,0.1,24.63,0.76,0.1,False
2026-09-10T11:46:55Z,Harlem River,22,WI,0.0,0.5,17.24,0.89,0.1,False
2026-09-10T11:46:55Z,Hendrix Creek,23,26,0.0,0.09,20.52,0.8,0.1,False
2026-09-10T11:46:55Z,Hudson River (Bronx),24,WI,0.0,0.62,4.38,0.79,0.1,False
2026-09-10T11:46:55Z,Hudson River (Manhattan),25,NR,0.01,0.41,8.4,1.16,0.1,False
2026-09-10T11:46:55Z,"Hutchinson River, Lower",26,HP,0.0,0.05,57.81,0.59,0.1,False
2026-09-10T11:46:55Z,Jamaica Bay (Brooklyn),27,26,0.0,1.46,1.43,1.97,0.1,False
2026-09-10T11:46:55Z,Jamaica Bay (Queens),42,JA,0.0,0.74,4.07,0.99,0.1,False
2026-09-10T11:46:55Z,Kill Van Kull,28,PR,0.0,0.44,9.88,1.46,0.1,False
2026-09-10T11:46:55Z,Little Neck Bay,29,TI,0.0,0.46,7.65,1.21,0.1,False
2026-09-10T11:46:55Z,Lower New York Bay,2,OB,0.0,1.3,2.06,1.45,0.1,False
2026-09-10T11:46:55Z,Mill Basin,31,CI,0.0,1.34,1.49,2.39,0.1,False
2026-09-10T11:46:55Z,Newark Bay,32,PR,0.0,0.39,11.52,1.43,0.1,False
2026-09-10T11:46:55Z,"Newtown Creek, Lower",34,NC,0.0,0.3,28.56,0.91,0.1,False
2026-09-10T11:46:55Z,"Newtown Creek, Upper",33,NC,0.0,0.23,49.45,0.78,0.1,False
2026-09-10T11:46:55Z,Paerdegat Basin,35,CI,0.0,0.38,11.25,1.38,0.1,False
2026-09-10T11:46:55Z,Powell Cove,36,TI,0.0,0.9,3.39,1.22,0.1,False
2026-09-10T11:46:55Z,Sheepshead Bay,37,CI,0.0,0.18,12.63,0.83,0.1,False
2026-09-10T11:46:55Z,Shellbank Basin,44,JA,0.0,0.34,10.55,1.15,0.1,False
2026-09-10T11:46:55Z,Spring Creek,38,26,0.0,0.64,11.14,1.08,0.1,False
2026-09-10T11:46:55Z,Thurston Basin,45,JA,0.0,0.05,32.63,0.79,0.1,False
2026-09-10T11:46:55Z,Upper New York Bay,39,OH,0.0,0.34,11.93,1.26,0.1,False
2026-09-10T11:46:55Z,Westchester Creek,40,HP,0.0,0.19,21.55,1.13,0.1,False
2026-09-10T11:46:55Z,Western Long Island Sound,41,HP,0.0,2.0,0.05,0.66,0.1,False
2026-09-10T16:18:08Z,Alley Creek,1,TI,0.0,0.05,37.04,0.62,0.1,False
2026-09-10T16:18:08Z,"Arthur Kill, Lower",3,OB,0.0,0.7,5.22,1.54,0.1,False
2026-09-10T16:18:08Z,"Arthur Kill, Upper",4,OB,0.0,0.1,23.08,0.83,0.1,False
2026-09-10T16:18:08Z,Bergen Basin,43,JA,0.0,0.05,34.41,0.7,0.1,False
2026-09-10T16:18:08Z,Bowery Bay,5,BB,0.0,0.29,11.25,1.06,0.1,False
2026-09-10T16:18:08Z,"Bronx River, Lower",6,HP,0.0,0.05,53.67,0.45,0.1,False
2026-09-10T16:18:08Z,Coney Island Creek,7,CI,0.0,0.05,69.6,0.3,0.1,False
2026-09-10T16:18:08Z,East River (near Steinway Creek),9,BB,0.0,0.54,14.96,0.9,0.1,False
2026-09-10T16:18:08Z,East River (near Throgs Neck),11,TI,0.0,1.0,3.0,1.47,0.1,False
2026-09-10T16:18:08Z,East River (RFK to Whitestone),10,TI,0.0,0.61,5.65,1.3,0.1,False
2026-09-10T16:18:08Z,"East River, Lower",8,NC,0.0,0.8,4.38,1.56,0.1,False
2026-09-10T16:18:08Z,Eastchester Bay,12,HP,0.0,1.53,1.51,1.62,0.1,False
2026-09-10T16:18:08Z,Erie Basin,13,RH,0.0,0.27,13.73,1.16,0.1,False
2026-09-10T16:18:08Z,Flushing Bay,14,BB,0.0,0.19,32.63,0.76,0.1,False
2026-09-10T16:18:08Z,Flushing Creek,15,TI,0.0,0.05,59.69,0.64,0.1,False
2026-09-10T16:18:08Z,Fresh Creek,16,26,0.0,0.05,30.38,0.67,0.1,False
2026-09-10T16:18:08Z,"Fresh Kills, Lower",17,PR,0.0,0.16,20.48,1.05,0.1,False
2026-09-10T16:18:08Z,"Fresh Kills, Upper",18,PR,0.0,0.15,39.81,0.81,0.1,False
2026-09-10T16:18:08Z,Gerritsen Creek,19,RK,0.0,0.4,7.9,1.07,0.1,False
2026-09-10T16:18:08Z,"Gowanus Canal, Inner",20,RH,0.0,0.23,15.08,1.09,0.1,False
2026-09-10T16:18:08Z,"Gowanus Canal, Outer",21,RH,0.0,0.46,28.85,0.92,0.1,False
2026-09-10T16:18:08Z,Gravesend Bay,30,OH,0.0,0.1,24.63,0.76,0.1,False
2026-09-10T16:18:08Z,Harlem River,22,WI,0.0,0.5,17.24,0.89,0.1,False
2026-09-10T16:18:08Z,Hendrix Creek,23,26,0.0,0.09,20.52,0.8,0.1,False
2026-09-10T16:18:08Z,Hudson River (Bronx),24,WI,0.0,0.62,4.38,0.79,0.1,False
2026-09-10T16:18:08Z,Hudson River (Manhattan),25,NR,0.0,0.41,8.4,1.16,0.1,False
2026-09-10T16:18:08Z,"Hutchinson River, Lower",26,HP,0.0,0.05,57.81,0.59,0.1,False
2026-09-10T16:18:08Z,Jamaica Bay (Brooklyn),27,26,0.0,1.46,1.43,1.97,0.1,False
2026-09-10T16:18:08Z,Jamaica Bay (Queens),42,JA,0.0,0.74,4.07,0.99,0.1,False
2026-09-10T16:18:08Z,Kill Van Kull,28,PR,0.0,0.44,9.88,1.46,0.1,False
2026-09-10T16:18:08Z,Little Neck Bay,29,TI,0.0,0.46,7.65,1.21,0.1,False
2026-09-10T16:18:08Z,Lower New York Bay,2,OB,0.0,1.3,2.06,1.45,0.1,False
2026-09-10T16:18:08Z,Mill Basin,31,CI,0.0,1.34,1.49,2.39,0.1,False
2026-09-10T16:18:08Z,Newark Bay,32,PR,0.0,0.39,11.52,1.43,0.1,False
2026-09-10T16:18:08Z,"Newtown Creek, Lower",34,NC,0.0,0.3,28.56,0.91,0.1,False
2026-09-10T16:18:08Z,"Newtown Creek, Upper",33,NC,0.0,0.23,49.45,0.78,0.1,False
2026-09-10T16:18:08Z,Paerdegat Basin,35,CI,0.0,0.38,11.25,1.38,0.1,False
2026-09-10T16:18:08Z,Powell Cove,36,TI,0.0,0.9,3.39,1.22,0.1,False
2026-09-10T16:18:08Z,Sheepshead Bay,37,CI,0.0,0.18,12.63,0.83,0.1,False
2026-09-10T16:18:08Z,Shellbank Basin,44,JA,0.0,0.34,10.55,1.15,0.1,False
2026-09-10T16:18:08Z,Spring Creek,38,26,0.0,0.64,11.14,1.08,0.1,False
2026-09-10T16:18:08Z,Thurston Basin,45,JA,0.0,0.05,32.63,0.79,0.1,False
2026-09-10T16:18:08Z,Upper New York Bay,39,OH,0.0,0.34,11.93,1.26,0.1,False
2026-09-10T16:18:08Z,Westchester Creek,40,HP,0.0,0.19,21.55,1.13,0.1,False
2026-09-10T16:18:08Z,Western Long Island Sound,41,HP,0.0,2.0,0.05,0.66,0.1,False
2026-09-10T19:13:22Z,Alley Creek,1,TI,0.0,0.05,37.04,0.62,0.1,False
2026-09-10T19:13:22Z,"Arthur Kill, Lower",3,OB,0.0,0.7,5.22,1.54,0.1,False
2026-09-10T19:13:22Z,"Arthur Kill, Upper",4,OB,0.0,0.1,23.08,0.83,0.1,False
2026-09-10T19:13:22Z,Bergen Basin,43,JA,0.0,0.05,34.41,0.7,0.1,False
2026-09-10T19:13:22Z,Bowery Bay,5,BB,0.0,0.29,11.25,1.06,0.1,False
2026-09-10T19:13:22Z,"Bronx River, Lower",6,HP,0.0,0.05,53.67,0.45,0.1,False
2026-09-10T19:13:22Z,Coney Island Creek,7,CI,0.0,0.05,69.6,0.3,0.1,False
2026-09-10T19:13:22Z,East River (near Steinway Creek),9,BB,0.0,0.54,14.96,0.9,0.1,False
2026-09-10T19:13:22Z,East River (near Throgs Neck),11,TI,0.0,1.0,3.0,1.47,0.1,False
2026-09-10T19:13:22Z,East River (RFK to Whitestone),10,TI,0.0,0.61,5.65,1.3,0.1,False
2026-09-10T19:13:22Z,"East River, Lower",8,NC,0.0,0.8,4.38,1.56,0.1,False
2026-09-10T19:13:22Z,Eastchester Bay,12,HP,0.0,1.53,1.51,1.62,0.1,False
2026-09-10T19:13:22Z,Erie Basin,13,RH,0.0,0.27,13.73,1.16,0.1,False
2026-09-10T19:13:22Z,Flushing Bay,14,BB,0.0,0.19,32.63,0.76,0.1,False
2026-09-10T19:13:22Z,Flushing Creek,15,TI,0.0,0.05,59.69,0.64,0.1,False
2026-09-10T19:13:22Z,Fresh Creek,16,26,0.0,0.05,30.38,0.67,0.1,False
2026-09-10T19:13:22Z,"Fresh Kills, Lower",17,PR,0.0,0.16,20.48,1.05,0.1,False
2026-09-10T19:13:22Z,"Fresh Kills, Upper",18,PR,0.0,0.15,39.81,0.81,0.1,False
2026-09-10T19:13:22Z,Gerritsen Creek,19,RK,0.0,0.4,7.9,1.07,0.1,False
2026-09-10T19:13:22Z,"Gowanus Canal, Inner",20,RH,0.0,0.23,15.08,1.09,0.1,False
2026-09-10T19:13:22Z,"Gowanus Canal, Outer",21,RH,0.0,0.46,28.85,0.92,0.1,False
2026-09-10T19:13:22Z,Gravesend Bay,30,OH,0.0,0.1,24.63,0.76,0.1,False
2026-09-10T19:13:22Z,Harlem River,22,WI,0.0,0.5,17.24,0.89,0.1,False
2026-09-10T19:13:22Z,Hendrix Creek,23,26,0.0,0.09,20.52,0.8,0.1,False
2026-09-10T19:13:22Z,Hudson River (Bronx),24,WI,0.0,0.62,4.38,0.79,0.1,False
2026-09-10T19:13:22Z,Hudson River (Manhattan),25,NR,0.0,0.41,8.4,1.16,0.1,False
2026-09-10T19:13:22Z,"Hutchinson River, Lower",26,HP,0.0,0.05,57.81,0.59,0.1,False
2026-09-10T19:13:22Z,Jamaica Bay (Brooklyn),27,26,0.0,1.46,1.43,1.97,0.1,False
2026-09-10T19:13:22Z,Jamaica Bay (Queens),42,JA,0.0,0.74,4.07,0.99,0.1,False
2026-09-10T19:13:22Z,Kill Van Kull,28,PR,0.0,0.44,9.88,1.46,0.1,False
2026-09-10T19:13:22Z,Little Neck Bay,29,TI,0.0,0.46,7.65,1.21,0.1,False
2026-09-10T19:13:22Z,Lower New York Bay,2,OB,0.0,1.3,2.06,1.45,0.1,False
2026-09-10T19:13:22Z,Mill Basin,31,CI,0.0,1.34,1.49,2.39,0.1,False
2026-09-10T19:13:22Z,Newark Bay,32,PR,0.0,0.39,11.52,1.43,0.1,False
2026-09-10T19:13:22Z,"Newtown Creek, Lower",34,NC,0.0,0.3,28.56,0.91,0.1,False
2026-09-10T19:13:22Z,"Newtown Creek, Upper",33,NC,0.0,0.23,49.45,0.78,0.1,False
2026-09-10T19:13:22Z,Paerdegat Basin,35,CI,0.0,0.38,11.25,1.38,0.1,False
2026-09-10T19:13:22Z,Powell Cove,36,TI,0.0,0.9,3.39,1.22,0.1,False
2026-09-10T19:13:22Z,Sheepshead Bay,37,CI,0.0,0.18,12.63,0.83,0.1,False
2026-09-10T19:13:22Z,Shellbank Basin,44,JA,0.0,0.34,10.55,1.15,0.1,False
2026-09-10T19:13:22Z,Spring Creek,38,26,0.0,0.64,11.14,1.08,0.1,False
2026-09-10T19:13:22Z,Thurston Basin,45,JA,0.0,0.05,32.63,0.79,0.1,False
2026-09-10T19:13:22Z,Upper New York Bay,39,OH,0.0,0.34,11.93,1.26,0.1,False
2026-09-10T19:13:22Z,Westchester Creek,40,HP,0.0,0.19,21.55,1.13,0.1,False
2026-09-10T19:13:22Z,Western Long Island Sound,41,HP,0.0,2.0,0.05,0.66,0.1,False
2026-09-10T21:48:36Z,Alley Creek,1,TI,0.0,0.05,37.04,0.62,0.1,False
2026-09-10T21:48:36Z,"Arthur Kill, Lower",3,OB,0.0,0.7,5.22,1.54,0.1,False
2026-09-10T21:48:36Z,"Arthur Kill, Upper",4,OB,0.0,0.1,23.08,0.83,0.1,False
2026-09-10T21:48:36Z,Bergen Basin,43,JA,0.0,0.05,34.41,0.7,0.1,False
2026-09-10T21:48:36Z,Bowery Bay,5,BB,0.0,0.29,11.25,1.06,0.1,False
2026-09-10T21:48:36Z,"Bronx River, Lower",6,HP,0.0,0.05,53.67,0.45,0.1,False
2026-09-10T21:48:36Z,Coney Island Creek,7,CI,0.0,0.05,69.6,0.3,0.1,False
2026-09-10T21:48:36Z,East River (near Steinway Creek),9,BB,0.0,0.54,14.96,0.9,0.1,False
2026-09-10T21:48:36Z,East River (near Throgs Neck),11,TI,0.0,1.0,3.0,1.47,0.1,False
2026-09-10T21:48:36Z,East River (RFK to Whitestone),10,TI,0.0,0.61,5.65,1.3,0.1,False
2026-09-10T21:48:36Z,"East River, Lower",8,NC,0.0,0.8,4.38,1.56,0.1,False
2026-09-10T21:48:36Z,Eastchester Bay,12,HP,0.0,1.53,1.51,1.62,0.1,False
2026-09-10T21:48:36Z,Erie Basin,13,RH,0.0,0.27,13.73,1.16,0.1,False
2026-09-10T21:48:36Z,Flushing Bay,14,BB,0.0,0.19,32.63,0.76,0.1,False
2026-09-10T21:48:36Z,Flushing Creek,15,TI,0.0,0.05,59.69,0.64,0.1,False
2026-09-10T21:48:36Z,Fresh Creek,16,26,0.0,0.05,30.38,0.67,0.1,False
2026-09-10T21:48:36Z,"Fresh Kills, Lower",17,PR,0.0,0.16,20.48,1.05,0.1,False
2026-09-10T21:48:36Z,"Fresh Kills, Upper",18,PR,0.0,0.15,39.81,0.81,0.1,False
2026-09-10T21:48:36Z,Gerritsen Creek,19,RK,0.0,0.4,7.9,1.07,0.1,False
2026-09-10T21:48:36Z,"Gowanus Canal, Inner",20,RH,0.0,0.23,15.08,1.09,0.1,False
2026-09-10T21:48:36Z,"Gowanus Canal, Outer",21,RH,0.0,0.46,28.85,0.92,0.1,False
2026-09-10T21:48:36Z,Gravesend Bay,30,OH,0.0,0.1,24.63,0.76,0.1,False
2026-09-10T21:48:36Z,Harlem River,22,WI,0.0,0.5,17.24,0.89,0.1,False
2026-09-10T21:48:36Z,Hendrix Creek,23,26,0.0,0.09,20.52,0.8,0.1,False
2026-09-10T21:48:36Z,Hudson River (Bronx),24,WI,0.0,0.62,4.38,0.79,0.1,False
2026-09-10T21:48:36Z,Hudson River (Manhattan),25,NR,0.0,0.41,8.4,1.16,0.1,False
2026-09-10T21:48:36Z,"Hutchinson River, Lower",26,HP,0.0,0.05,57.81,0.59,0.1,False
2026-09-10T21:48:36Z,Jamaica Bay (Brooklyn),27,26,0.0,1.46,1.43,1.97,0.1,False
2026-09-10T21:48:36Z,Jamaica Bay (Queens),42,JA,0.0,0.74,4.07,0.99,0.1,False
2026-09-10T21:48:36Z,Kill Van Kull,28,PR,0.0,0.44,9.88,1.46,0.1,False
2026-09-10T21:48:36Z,Little Neck Bay,29,TI,0.0,0.46,7.65,1.21,0.1,False
2026-09-10T21:48:36Z,Lower New York Bay,2,OB,0.0,1.3,2.06,1.45,0.1,False
2026-09-10T21:48:36Z,Mill Basin,31,CI,0.0,1.34,1.49,2.39,0.1,False
2026-09-10T21:48:36Z,Newark Bay,32,PR,0.0,0.39,11.52,1.43,0.1,False
2026-09-10T21:48:36Z,"Newtown Creek, Lower",34,NC,0.0,0.3,28.56,0.91,0.1,False
2026-09-10T21:48:36Z,"Newtown Creek, Upper",33,NC,0.0,0.23,49.45,0.78,0.1,False
2026-09-10T21:48:36Z,Paerdegat Basin,35,CI,0.0,0.38,11.25,1.38,0.1,False
2026-09-10T21:48:36Z,Powell Cove,36,TI,0.0,0.9,3.39,1.22,0.1,False
2026-09-10T21:48:36Z,Sheepshead Bay,37,CI,0.0,0.18,12.63,0.83,0.1,False
2026-09-10T21:48:36Z,Shellbank Basin,44,JA,0.0,0.34,10.55,1.15,0.1,False
2026-09-10T21:48:36Z,Spring Creek,38,26,0.0,0.64,11.14,1.08,0.1,False
2026-09-10T21:48:36Z,Thurston Basin,45,JA,0.0,0.05,32.63,0.79,0.1,False
2026-09-10T21:48:36Z,Upper New York Bay,39,OH,0.0,0.34,11.93,1.26,0.1,False
2026-09-10T21:48:36Z,Westchester Creek,40,HP,0.0,0.19,21.55,1.13,0.1,False
2026-09-10T21:48:36Z,Western Long Island Sound,41,HP,0.0,2.0,0.05,0.66,0.1,False
2026-09-11T00:01:14Z,Alley Creek,1,TI,0.0,0.05,37.04,0.62,0.1,False
2026-09-11T00:01:14Z,"Arthur Kill, Lower",3,OB,0.0,0.7,5.22,1.54,0.1,False
2026-09-11T00:01:14Z,"Arthur Kill, Upper",4,OB,0.0,0.1,23.08,0.83,0.1,False
2026-09-11T00:01:14Z,Bergen Basin,43,JA,0.0,0.05,34.41,0.7,0.1,False
2026-09-11T00:01:14Z,Bowery Bay,5,BB,0.0,0.29,11.25,1.06,0.1,False
2026-09-11T00:01:14Z,"Bronx River, Lower",6,HP,0.0,0.05,53.67,0.45,0.1,False
2026-09-11T00:01:14Z,Coney Island Creek,7,CI,0.0,0.05,69.6,0.3,0.1,False
2026-09-11T00:01:14Z,East River (near Steinway Creek),9,BB,0.0,0.54,14.96,0.9,0.1,False
2026-09-11T00:01:14Z,East River (near Throgs Neck),11,TI,0.0,1.0,3.0,1.47,0.1,False
2026-09-11T00:01:14Z,East River (RFK to Whitestone),10,TI,0.0,0.61,5.65,1.3,0.1,False
2026-09-11T00:01:14Z,"East River, Lower",8,NC,0.0,0.8,4.38,1.56,0.1,False
2026-09-11T00:01:14Z,Eastchester Bay,12,HP,0.0,1.53,1.51,1.62,0.1,False
2026-09-11T00:01:14Z,Erie Basin,13,RH,0.0,0.27,13.73,1.16,0.1,False
2026-09-11T00:01:14Z,Flushing Bay,14,BB,0.0,0.19,32.63,0.76,0.1,False
2026-09-11T00:01:14Z,Flushing Creek,15,TI,0.0,0.05,59.69,0.64,0.1,False
2026-09-11T00:01:14Z,Fresh Creek,16,26,0.0,0.05,30.38,0.67,0.1,False
2026-09-11T00:01:14Z,"Fresh Kills, Lower",17,PR,0.0,0.16,20.48,1.05,0.1,False
2026-09-11T00:01:14Z,"Fresh Kills, Upper",18,PR,0.0,0.15,39.81,0.81,0.1,False
2026-09-11T00:01:14Z,Gerritsen Creek,19,RK,0.0,0.4,7.9,1.07,0.1,False
2026-09-11T00:01:14Z,"Gowanus Canal, Inner",20,RH,0.0,0.23,15.08,1.09,0.1,False
2026-09-11T00:01:14Z,"Gowanus Canal, Outer",21,RH,0.0,0.46,28.85,0.92,0.1,False
2026-09-11T00:01:14Z,Gravesend Bay,30,OH,0.0,0.1,24.63,0.76,0.1,False
2026-09-11T00:01:14Z,Harlem River,22,WI,0.0,0.5,17.24,0.89,0.1,False
2026-09-11T00:01:14Z,Hendrix Creek,23,26,0.0,0.09,20.52,0.8,0.1,False
2026-09-11T00:01:14Z,Hudson River (Bronx),24,WI,0.0,0.62,4.38,0.79,0.1,False
2026-09-11T00:01:14Z,Hudson River (Manhattan),25,NR,0.0,0.41,8.4,1.16,0.1,False
2026-09-11T00:01:14Z,"Hutchinson River, Lower",26,HP,0.0,0.05,57.81,0.59,0.1,False
2026-09-11T00:01:14Z,Jamaica Bay (Brooklyn),27,26,0.0,1.46,1.43,1.97,0.1,False
2026-09-11T00:01:14Z,Jamaica Bay (Queens),42,JA,0.0,0.74,4.07,0.99,0.1,False
2026-09-11T00:01:14Z,Kill Van Kull,28,PR,0.0,0.44,9.88,1.46,0.1,False
2026-09-11T00:01:14Z,Little Neck Bay,29,TI,0.0,0.46,7.65,1.21,0.1,False
2026-09-11T00:01:14Z,Lower New York Bay,2,OB,0.0,1.3,2.06,1.45,0.1,False
2026-09-11T00:01:14Z,Mill Basin,31,CI,0.0,1.34,1.49,2.39,0.1,False
2026-09-11T00:01:14Z,Newark Bay,32,PR,0.0,0.39,11.52,1.43,0.1,False
2026-09-11T00:01:14Z,"Newtown Creek, Lower",34,NC,0.0,0.3,28.56,0.91,0.1,False
2026-09-11T00:01:14Z,"Newtown Creek, Upper",33,NC,0.0,0.23,49.45,0.78,0.1,False
2026-09-11T00:01:14Z,Paerdegat Basin,35,CI,0.0,0.38,11.25,1.38,0.1,False
2026-09-11T00:01:14Z,Powell Cove,36,TI,0.0,0.9,3.39,1.22,0.1,False
2026-09-11T00:01:14Z,Sheepshead Bay,37,CI,0.0,0.18,12.63,0.83,0.1,False
2026-09-11T00:01:14Z,Shellbank Basin,44,JA,0.0,0.34,10.55,1.15,0.1,False
2026-09-11T00:01:14Z,Spring Creek,38,26,0.0,0.64,11.14,1.08,0.1,False
2026-09-11T00:01:14Z,Thurston Basin,45,JA,0.0,0.05,32.63,0.79,0.1,False
2026-09-11T00:01:14Z,Upper New York Bay,39,OH,0.0,0.34,11.93,1.26,0.1,False
2026-09-11T00:01:14Z,Westchester Creek,40,HP,0.0,0.19,21.55,1.13,0.1,False
2026-09-11T00:01:14Z,Western Long Island Sound,41,HP,0.0,2.0,0.05,0.66,0.1,False
2026-09-11T04:27:19Z,Alley Creek,1,TI,0.0,0.05,37.04,0.62,0.1,False
2026-09-11T04:27:19Z,"Arthur Kill, Lower",3,OB,0.0,0.7,5.22,1.54,0.1,False
2026-09-11T04:27:19Z,"Arthur Kill, Upper",4,OB,0.0,0.1,23.08,0.83,0.1,False
2026-09-11T04:27:19Z,Bergen Basin,43,JA,0.0,0.05,34.41,0.7,0.1,False
2026-09-11T04:27:19Z,Bowery Bay,5,BB,0.0,0.29,11.25,1.06,0.1,False
2026-09-11T04:27:19Z,"Bronx River, Lower",6,HP,0.0,0.05,53.67,0.45,0.1,False
2026-09-11T04:27:19Z,Coney Island Creek,7,CI,0.0,0.05,69.6,0.3,0.1,False
2026-09-11T04:27:19Z,East River (near Steinway Creek),9,BB,0.0,0.54,14.96,0.9,0.1,False
2026-09-11T04:27:19Z,East River (near Throgs Neck),11,TI,0.0,1.0,3.0,1.47,0.1,False
2026-09-11T04:27:19Z,East River (RFK to Whitestone),10,TI,0.0,0.61,5.65,1.3,0.1,False
2026-09-11T04:27:19Z,"East River, Lower",8,NC,0.0,0.8,4.38,1.56,0.1,False
2026-09-11T04:27:19Z,Eastchester Bay,12,HP,0.0,1.53,1.51,1.62,0.1,False
2026-09-11T04:27:19Z,Erie Basin,13,RH,0.0,0.27,13.73,1.16,0.1,False
2026-09-11T04:27:19Z,Flushing Bay,14,BB,0.0,0.19,32.63,0.76,0.1,False
2026-09-11T04:27:19Z,Flushing Creek,15,TI,0.0,0.05,59.69,0.64,0.1,False
2026-09-11T04:27:19Z,Fresh Creek,16,26,0.0,0.05,30.38,0.67,0.1,False
2026-09-11T04:27:19Z,"Fresh Kills, Lower",17,PR,0.0,0.16,20.48,1.05,0.1,False
2026-09-11T04:27:19Z,"Fresh Kills, Upper",18,PR,0.0,0.15,39.81,0.81,0.1,False
2026-09-11T04:27:19Z,Gerritsen Creek,19,RK,0.0,0.4,7.9,1.07,0.1,False
2026-09-11T04:27:19Z,"Gowanus Canal, Inner",20,RH,0.0,0.23,15.08,1.09,0.1,False
2026-09-11T04:27:19Z,"Gowanus Canal, Outer",21,RH,0.0,0.46,28.85,0.92,0.1,False
2026-09-11T04:27:19Z,Gravesend Bay,30,OH,0.0,0.1,24.63,0.76,0.1,False
2026-09-11T04:27:19Z,Harlem River,22,WI,0.0,0.5,17.24,0.89,0.1,False
2026-09-11T04:27:19Z,Hendrix Creek,23,26,0.0,0.09,20.52,0.8,0.1,False
2026-09-11T04:27:19Z,Hudson River (Bronx),24,WI,0.0,0.62,4.38,0.79,0.1,False
2026-09-11T04:27:19Z,Hudson River (Manhattan),25,NR,0.0,0.41,8.4,1.16,0.1,False
2026-09-11T04:27:19Z,"Hutchinson River, Lower",26,HP,0.0,0.05,57.81,0.59,0.1,False
2026-09-11T04:27:19Z,Jamaica Bay (Brooklyn),27,26,0.0,1.46,1.43,1.97,0.1,False
2026-09-11T04:27:19Z,Jamaica Bay (Queens),42,JA,0.0,0.74,4.07,0.99,0.1,False
2026-09-11T04:27:19Z,Kill Van Kull,28,PR,0.0,0.44,9.88,1.46,0.1,False
2026-09-11T04:27:19Z,Little Neck Bay,29,TI,0.0,0.46,7.65,1.21,0.1,False
2026-09-11T04:27:19Z,Lower New York Bay,2,OB,0.0,1.3,2.06,1.45,0.1,False
2026-09-11T04:27:19Z,Mill Basin,31,CI,0.0,1.34,1.49,2.39,0.1,False
2026-09-11T04:27:19Z,Newark Bay,32,PR,0.0,0.39,11.52,1.43,0.1,False
2026-09-11T04:27:19Z,"Newtown Creek, Lower",34,NC,0.0,0.3,28.56,0.91,0.1,False
2026-09-11T04:27:19Z,"Newtown Creek, Upper",33,NC,0.0,0.23,49.45,0.78,0.1,False
2026-09-11T04:27:19Z,Paerdegat Basin,35,CI,0.0,0.38,11.25,1.38,0.1,False
2026-09-11T04:27:19Z,Powell Cove,36,TI,0.0,0.9,3.39,1.22,0.1,False
2026-09-11T04:27:19Z,Sheepshead Bay,37,CI,0.0,0.18,12.63,0.83,0.1,False
2026-09-11T04:27:19Z,Shellbank Basin,44,JA,0.0,0.34,10.55,1.15,0.1,False
2026-09-11T04:27:19Z,Spring Creek,38,26,0.0,0.64,11.14,1.08,0.1,False
2026-09-11T04:27:19Z,Thurston Basin,45,JA,0.0,0.05,32.63,0.79,0.1,False
2026-09-11T04:27:19Z,Upper New York Bay,39,OH,0.0,0.34,11.93,1.26,0.1,False
2026-09-11T04:27:19Z,Westchester Creek,40,HP,0.0,0.19,21.55,1.13,0.1,False
2026-09-11T04:27:19Z,Western Long Island Sound,41,HP,0.0,2.0,0.05,0.66,0.1,False
2026-09-11T09:04:47Z,Alley Creek,1,TI,0.0,0.05,37.04,0.62,0.1,False
2026-09-11T09:04:47Z,"Arthur Kill, Lower",3,OB,0.0,0.7,5.22,1.54,0.1,False
2026-09-11T09:04:47Z,"Arthur Kill, Upper",4,OB,0.0,0.1,23.08,0.83,0.1,False
2026-09-11T09:04:47Z,Bergen Basin,43,JA,0.0,0.05,34.41,0.7,0.1,False
2026-09-11T09:04:47Z,Bowery Bay,5,BB,0.0,0.29,11.25,1.06,0.1,False
2026-09-11T09:04:47Z,"Bronx River, Lower",6,HP,0.0,0.05,53.67,0.45,0.1,False
2026-09-11T09:04:47Z,Coney Island Creek,7,CI,0.0,0.05,69.6,0.3,0.1,False
2026-09-11T09:04:47Z,East River (near Steinway Creek),9,BB,0.0,0.54,14.96,0.9,0.1,False
2026-09-11T09:04:47Z,East River (near Throgs Neck),11,TI,0.0,1.0,3.0,1.47,0.1,False
2026-09-11T09:04:47Z,East River (RFK to Whitestone),10,TI,0.0,0.61,5.65,1.3,0.1,False
2026-09-11T09:04:47Z,"East River, Lower",8,NC,0.0,0.8,4.38,1.56,0.1,False
2026-09-11T09:04:47Z,Eastchester Bay,12,HP,0.0,1.53,1.51,1.62,0.1,False
2026-09-11T09:04:47Z,Erie Basin,13,RH,0.0,0.27,13.73,1.16,0.1,False
2026-09-11T09:04:47Z,Flushing Bay,14,BB,0.0,0.19,32.63,0.76,0.1,False
2026-09-11T09:04:47Z,Flushing Creek,15,TI,0.0,0.05,59.69,0.64,0.1,False
2026-09-11T09:04:47Z,Fresh Creek,16,26,0.0,0.05,30.38,0.67,0.1,False
2026-09-11T09:04:47Z,"Fresh Kills, Lower",17,PR,0.0,0.16,20.48,1.05,0.1,False
2026-09-11T09:04:47Z,"Fresh Kills, Upper",18,PR,0.0,0.15,39.81,0.81,0.1,False
2026-09-11T09:04:47Z,Gerritsen Creek,19,RK,0.0,0.4,7.9,1.07,0.1,False
2026-09-11T09:04:47Z,"Gowanus Canal, Inner",20,RH,0.0,0.23,15.08,1.09,0.1,False
2026-09-11T09:04:47Z,"Gowanus Canal, Outer",21,RH,0.0,0.46,28.85,0.92,0.1,False
2026-09-11T09:04:47Z,Gravesend Bay,30,OH,0.0,0.1,24.63,0.76,0.1,False
2026-09-11T09:04:47Z,Harlem River,22,WI,0.0,0.5,17.24,0.89,0.1,False
2026-09-11T09:04:47Z,Hendrix Creek,23,26,0.0,0.09,20.52,0.8,0.1,False
2026-09-11T09:04:47Z,Hudson River (Bronx),24,WI,0.0,0.62,4.38,0.79,0.1,False
2026-09-11T09:04:47Z,Hudson River (Manhattan),25,NR,0.0,0.41,8.4,1.16,0.1,False
2026-09-11T09:04:47Z,"Hutchinson River, Lower",26,HP,0.0,0.05,57.81,0.59,0.1,False
2026-09-11T09:04:47Z,Jamaica Bay (Brooklyn),27,26,0.0,1.46,1.43,1.97,0.1,False
2026-09-11T09:04:47Z,Jamaica Bay (Queens),42,JA,0.0,0.74,4.07,0.99,0.1,False
2026-09-11T09:04:47Z,Kill Van Kull,28,PR,0.0,0.44,9.88,1.46,0.1,False
2026-09-11T09:04:47Z,Little Neck Bay,29,TI,0.0,0.46,7.65,1.21,0.1,False
2026-09-11T09:04:47Z,Lower New York Bay,2,OB,0.0,1.3,2.06,1.45,0.1,False
2026-09-11T09:04:47Z,Mill Basin,31,CI,0.0,1.34,1.49,2.39,0.1,False
2026-09-11T09:04:47Z,Newark Bay,32,PR,0.0,0.39,11.52,1.43,0.1,False
2026-09-11T09:04:47Z,"Newtown Creek, Lower",34,NC,0.0,0.3,28.56,0.91,0.1,False
2026-09-11T09:04:47Z,"Newtown Creek, Upper",33,NC,0.0,0.23,49.45,0.78,0.1,False
2026-09-11T09:04:47Z,Paerdegat Basin,35,CI,0.0,0.38,11.25,1.38,0.1,False
2026-09-11T09:04:47Z,Powell Cove,36,TI,0.0,0.9,3.39,1.22,0.1,False
2026-09-11T09:04:47Z,Sheepshead Bay,37,CI,0.0,0.18,12.63,0.83,0.1,False
2026-09-11T09:04:47Z,Shellbank Basin,44,JA,0.0,0.34,10.55,1.15,0.1,False
2026-09-11T09:04:47Z,Spring Creek,38,26,0.0,0.64,11.14,1.08,0.1,False
2026-09-11T09:04:47Z,Thurston Basin,45,JA,0.0,0.05,32.63,0.79,0.1,False
2026-09-11T09:04:47Z,Upper New York Bay,39,OH,0.0,0.34,11.93,1.26,0.1,False
2026-09-11T09:04:47Z,Westchester Creek,40,HP,0.0,0.19,21.55,1.13,0.1,False
2026-09-11T09:04:47Z,Western Long Island Sound,41,HP,0.0,2.0,0.05,0.66,0.1,False
2026-09-11T13:29:35Z,Alley Creek,1,TI,0.0,0.05,37.04,0.62,0.1,False
2026-09-11T13:29:35Z,"Arthur Kill, Lower",3,OB,0.0,0.7,5.22,1.54,0.1,False
2026-09-11T13:29:35Z,"Arthur Kill, Upper",4,OB,0.0,0.1,23.08,0.83,0.1,False
2026-09-11T13:29:35Z,Bergen Basin,43,JA,0.0,0.05,34.41,0.7,0.1,False
2026-09-11T13:29:35Z,Bowery Bay,5,BB,0.0,0.29,11.25,1.06,0.1,False
2026-09-11T13:29:35Z,"Bronx River, Lower",6,HP,0.0,0.05,53.67,0.45,0.1,False
2026-09-11T13:29:35Z,Coney Island Creek,7,CI,0.0,0.05,69.6,0.3,0.1,False
2026-09-11T13:29:35Z,East River (near Steinway Creek),9,BB,0.0,0.54,14.96,0.9,0.1,False
2026-09-11T13:29:35Z,East River (near Throgs Neck),11,TI,0.0,1.0,3.0,1.47,0.1,False
2026-09-11T13:29:35Z,East River (RFK to Whitestone),10,TI,0.0,0.61,5.65,1.3,0.1,False
2026-09-11T13:29:35Z,"East River, Lower",8,NC,0.0,0.8,4.38,1.56,0.1,False
2026-09-11T13:29:35Z,Eastchester Bay,12,HP,0.0,1.53,1.51,1.62,0.1,False
2026-09-11T13:29:35Z,Erie Basin,13,RH,0.0,0.27,13.73,1.16,0.1,False
2026-09-11T13:29:35Z,Flushing Bay,14,BB,0.0,0.19,32.63,0.76,0.1,False
2026-09-11T13:29:35Z,Flushing Creek,15,TI,0.0,0.05,59.69,0.64,0.1,False
2026-09-11T13:29:35Z,Fresh Creek,16,26,0.0,0.05,30.38,0.67,0.1,False
2026-09-11T13:29:35Z,"Fresh Kills, Lower",17,PR,0.0,0.16,20.48,1.05,0.1,False
2026-09-11T13:29:35Z,"Fresh Kills, Upper",18,PR,0.0,0.15,39.81,0.81,0.1,False
2026-09-11T13:29:35Z,Gerritsen Creek,19,RK,0.0,0.4,7.9,1.07,0.1,False
2026-09-11T13:29:35Z,"Gowanus Canal, Inner",20,RH,0.0,0.23,15.08,1.09,0.1,False
2026-09-11T13:29:35Z,"Gowanus Canal, Outer",21,RH,0.0,0.46,28.85,0.92,0.1,False
2026-09-11T13:29:35Z,Gravesend Bay,30,OH,0.0,0.1,24.63,0.76,0.1,False
2026-09-11T13:29:35Z,Harlem River,22,WI,0.0,0.5,17.24,0.89,0.1,False
2026-09-11T13:29:35Z,Hendrix Creek,23,26,0.0,0.09,20.52,0.8,0.1,False
2026-09-11T13:29:35Z,Hudson River (Bronx),24,WI,0.0,0.62,4.38,0.79,0.1,False
2026-09-11T13:29:35Z,Hudson River (Manhattan),25,NR,0.0,0.41,8.4,1.16,0.1,False
2026-09-11T13:29:35Z,"Hutchinson River, Lower",26,HP,0.0,0.05,57.81,0.59,0.1,False
2026-09-11T13:29:35Z,Jamaica Bay (Brooklyn),27,26,0.0,1.46,1.43,1.97,0.1,False
2026-09-11T13:29:35Z,Jamaica Bay (Queens),42,JA,0.0,0.74,4.07,0.99,0.1,False
2026-09-11T13:29:35Z,Kill Van Kull,28,PR,0.0,0.44,9.88,1.46,0.1,False
2026-09-11T13:29:35Z,Little Neck Bay,29,TI,0.0,0.46,7.65,1.21,0.1,False
2026-09-11T13:29:35Z,Lower New York Bay,2,OB,0.0,1.3,2.06,1.45,0.1,False
2026-09-11T13:29:35Z,Mill Basin,31,CI,0.0,1.34,1.49,2.39,0.1,False
2026-09-11T13:29:35Z,Newark Bay,32,PR,0.0,0.39,11.52,1.43,0.1,False
2026-09-11T13:29:35Z,"Newtown Creek, Lower",34,NC,0.0,0.3,28.56,0.91,0.1,False
2026-09-11T13:29:35Z,"Newtown Creek, Upper",33,NC,0.0,0.23,49.45,0.78,0.1,False
2026-09-11T13:29:35Z,Paerdegat Basin,35,CI,0.0,0.38,11.25,1.38,0.1,False
2026-09-11T13:29:35Z,Powell Cove,36,TI,0.0,0.9,3.39,1.22,0.1,False
2026-09-11T13:29:35Z,Sheepshead Bay,37,CI,0.0,0.18,12.63,0.83,0.1,False
2026-09-11T13:29:35Z,Shellbank Basin,44,JA,0.0,0.34,10.55,1.15,0.1,False
2026-09-11T13:29:35Z,Spring Creek,38,26,0.0,0.64,11.14,1.08,0.1,False
2026-09-11T13:29:35Z,Thurston Basin,45,JA,0.0,0.05,32.63,0.79,0.1,False
2026-09-11T13:29:35Z,Upper New York Bay,39,OH,0.0,0.34,11.93,1.26,0.1,False
2026-09-11T13:29:35Z,Westchester Creek,40,HP,0.0,0.19,21.55,1.13,0.1,False
2026-09-11T13:29:35Z,Western Long Island Sound,41,HP,0.0,2.0,0.05,0.66,0.1,False
2026-09-11T17:08:34Z,Alley Creek,1,TI,0.0,0.05,37.04,0.62,0.1,False
2026-09-11T17:08:34Z,"Arthur Kill, Lower",3,OB,0.0,0.7,5.22,1.54,0.1,False
2026-09-11T17:08:34Z,"Arthur Kill, Upper",4,OB,0.0,0.1,23.08,0.83,0.1,False
2026-09-11T17:08:34Z,Bergen Basin,43,JA,0.0,0.05,34.41,0.7,0.1,False
2026-09-11T17:08:34Z,Bowery Bay,5,BB,0.0,0.29,11.25,1.06,0.1,False
2026-09-11T17:08:34Z,"Bronx River, Lower",6,HP,0.0,0.05,53.67,0.45,0.1,False
2026-09-11T17:08:34Z,Coney Island Creek,7,CI,0.0,0.05,69.6,0.3,0.1,False
2026-09-11T17:08:34Z,East River (near Steinway Creek),9,BB,0.0,0.54,14.96,0.9,0.1,False
2026-09-11T17:08:34Z,East River (near Throgs Neck),11,TI,0.0,1.0,3.0,1.47,0.1,False
2026-09-11T17:08:34Z,East River (RFK to Whitestone),10,TI,0.0,0.61,5.65,1.3,0.1,False
2026-09-11T17:08:34Z,"East River, Lower",8,NC,0.0,0.8,4.38,1.56,0.1,False
2026-09-11T17:08:34Z,Eastchester Bay,12,HP,0.0,1.53,1.51,1.62,0.1,False
2026-09-11T17:08:34Z,Erie Basin,13,RH,0.0,0.27,13.73,1.16,0.1,False
2026-09-11T17:08:34Z,Flushing Bay,14,BB,0.0,0.19,32.63,0.76,0.1,False
2026-09-11T17:08:34Z,Flushing Creek,15,TI,0.0,0.05,59.69,0.64,0.1,False
2026-09-11T17:08:34Z,Fresh Creek,16,26,0.0,0.05,30.38,0.67,0.1,False
2026-09-11T17:08:34Z,"Fresh Kills, Lower",17,PR,0.0,0.16,20.48,1.05,0.1,False
2026-09-11T17:08:34Z,"Fresh Kills, Upper",18,PR,0.0,0.15,39.81,0.81,0.1,False
2026-09-11T17:08:34Z,Gerritsen Creek,19,RK,0.0,0.4,7.9,1.07,0.1,False
2026-09-11T17:08:34Z,"Gowanus Canal, Inner",20,RH,0.0,0.23,15.08,1.09,0.1,False
2026-09-11T17:08:34Z,"Gowanus Canal, Outer",21,RH,0.0,0.46,28.85,0.92,0.1,False
2026-09-11T17:08:34Z,Gravesend Bay,30,OH,0.0,0.1,24.63,0.76,0.1,False
2026-09-11T17:08:34Z,Harlem River,22,WI,0.0,0.5,17.24,0.89,0.1,False
2026-09-11T17:08:34Z,Hendrix Creek,23,26,0.0,0.09,20.52,0.8,0.1,False
2026-09-11T17:08:34Z,Hudson River (Bronx),24,WI,0.0,0.62,4.38,0.79,0.1,False
2026-09-11T17:08:34Z,Hudson River (Manhattan),25,NR,0.0,0.41,8.4,1.16,0.1,False
2026-09-11T17:08:34Z,"Hutchinson River, Lower",26,HP,0.0,0.05,57.81,0.59,0.1,False
2026-09-11T17:08:34Z,Jamaica Bay (Brooklyn),27,26,0.0,1.46,1.43,1.97,0.1,False
2026-09-11T17:08:34Z,Jamaica Bay (Queens),42,JA,0.0,0.74,4.07,0.99,0.1,False
2026-09-11T17:08:34Z,Kill Van Kull,28,PR,0.0,0.44,9.88,1.46,0.1,False
2026-09-11T17:08:34Z,Little Neck Bay,29,TI,0.0,0.46,7.65,1.21,0.1,False
2026-09-11T17:08:34Z,Lower New York Bay,2,OB,0.0,1.3,2.06,1.45,0.1,False
2026-09-11T17:08:34Z,Mill Basin,31,CI,0.0,1.34,1.49,2.39,0.1,False
2026-09-11T17:08:34Z,Newark Bay,32,PR,0.0,0.39,11.52,1.43,0.1,False
2026-09-11T17:08:34Z,"Newtown Creek, Lower",34,NC,0.0,0.3,28.56,0.91,0.1,False
2026-09-11T17:08:34Z,"Newtown Creek, Upper",33,NC,0.0,0.23,49.45,0.78,0.1,False
2026-09-11T17:08:34Z,Paerdegat Basin,35,CI,0.0,0.38,11.25,1.38,0.1,False
2026-09-11T17:08:34Z,Powell Cove,36,TI,0.0,0.9,3.39,1.22,0.1,False
2026-09-11T17:08:34Z,Sheepshead Bay,37,CI,0.0,0.18,12.63,0.83,0.1,False
2026-09-11T17:08:34Z,Shellbank Basin,44,JA,0.0,0.34,10.55,1.15,0.1,False
2026-09-11T17:08:34Z,Spring Creek,38,26,0.0,0.64,11.14,1.08,0.1,False
2026-09-11T17:08:34Z,Thurston Basin,45,JA,0.0,0.05,32.63,0.79,0.1,False
2026-09-11T17:08:34Z,Upper New York Bay,39,OH,0.0,0.34,11.93,1.26,0.1,False
2026-09-11T17:08:34Z,Westchester Creek,40,HP,0.0,0.19,21.55,1.13,0.1,False
2026-09-11T17:08:34Z,Western Long Island Sound,41,HP,0.0,2.0,0.05,0.66,0.1,False
2026-09-11T19:59:08Z,Alley Creek,1,TI,0.0,0.05,37.04,0.62,0.1,False
2026-09-11T19:59:08Z,"Arthur Kill, Lower",3,OB,0.0,0.7,5.22,1.54,0.1,False
2026-09-11T19:59:08Z,"Arthur Kill, Upper",4,OB,0.0,0.1,23.08,0.83,0.1,False
2026-09-11T19:59:08Z,Bergen Basin,43,JA,0.0,0.05,34.41,0.7,0.1,False
2026-09-11T19:59:08Z,Bowery Bay,5,BB,0.0,0.29,11.25,1.06,0.1,False
2026-09-11T19:59:08Z,"Bronx River, Lower",6,HP,0.0,0.05,53.67,0.45,0.1,False
2026-09-11T19:59:08Z,Coney Island Creek,7,CI,0.0,0.05,69.6,0.3,0.1,False
2026-09-11T19:59:08Z,East River (near Steinway Creek),9,BB,0.0,0.54,14.96,0.9,0.1,False
2026-09-11T19:59:08Z,East River (near Throgs Neck),11,TI,0.0,1.0,3.0,1.47,0.1,False
2026-09-11T19:59:08Z,East River (RFK to Whitestone),10,TI,0.0,0.61,5.65,1.3,0.1,False
2026-09-11T19:59:08Z,"East River, Lower",8,NC,0.0,0.8,4.38,1.56,0.1,False
2026-09-11T19:59:08Z,Eastchester Bay,12,HP,0.0,1.53,1.51,1.62,0.1,False
2026-09-11T19:59:08Z,Erie Basin,13,RH,0.0,0.27,13.73,1.16,0.1,False
2026-09-11T19:59:08Z,Flushing Bay,14,BB,0.0,0.19,32.63,0.76,0.1,False
2026-09-11T19:59:08Z,Flushing Creek,15,TI,0.0,0.05,59.69,0.64,0.1,False
2026-09-11T19:59:08Z,Fresh Creek,16,26,0.0,0.05,30.38,0.67,0.1,False
2026-09-11T19:59:08Z,"Fresh Kills, Lower",17,PR,0.0,0.16,20.48,1.05,0.1,False
2026-09-11T19:59:08Z,"Fresh Kills, Upper",18,PR,0.0,0.15,39.81,0.81,0.1,False
2026-09-11T19:59:08Z,Gerritsen Creek,19,RK,0.0,0.4,7.9,1.07,0.1,False
2026-09-11T19:59:08Z,"Gowanus Canal, Inner",20,RH,0.0,0.23,15.08,1.09,0.1,False
2026-09-11T19:59:08Z,"Gowanus Canal, Outer",21,RH,0.0,0.46,28.85,0.92,0.1,False
2026-09-11T19:59:08Z,Gravesend Bay,30,OH,0.0,0.1,24.63,0.76,0.1,False
2026-09-11T19:59:08Z,Harlem River,22,WI,0.0,0.5,17.24,0.89,0.1,False
2026-09-11T19:59:08Z,Hendrix Creek,23,26,0.0,0.09,20.52,0.8,0.1,False
2026-09-11T19:59:08Z,Hudson River (Bronx),24,WI,0.0,0.62,4.38,0.79,0.1,False
2026-09-11T19:59:08Z,Hudson River (Manhattan),25,NR,0.0,0.41,8.4,1.16,0.1,False
2026-09-11T19:59:08Z,"Hutchinson River, Lower",26,HP,0.0,0.05,57.81,0.59,0.1,False
2026-09-11T19:59:08Z,Jamaica Bay (Brooklyn),27,26,0.0,1.46,1.43,1.97,0.1,False
2026-09-11T19:59:08Z,Jamaica Bay (Queens),42,JA,0.0,0.74,4.07,0.99,0.1,False
2026-09-11T19:59:08Z,Kill Van Kull,28,PR,0.0,0.44,9.88,1.46,0.1,False
2026-09-11T19:59:08Z,Little Neck Bay,29,TI,0.0,0.46,7.65,1.21,0.1,False
2026-09-11T19:59:08Z,Lower New York Bay,2,OB,0.0,1.3,2.06,1.45,0.1,False
2026-09-11T19:59:08Z,Mill Basin,31,CI,0.0,1.34,1.49,2.39,0.1,False
2026-09-11T19:59:08Z,Newark Bay,32,PR,0.0,0.39,11.52,1.43,0.1,False
2026-09-11T19:59:08Z,"Newtown Creek, Lower",34,NC,0.0,0.3,28.56,0.91,0.1,False
2026-09-11T19:59:08Z,"Newtown Creek, Upper",33,NC,0.0,0.23,49.45,0.78,0.1,False
2026-09-11T19:59:08Z,Paerdegat Basin,35,CI,0.0,0.38,11.25,1.38,0.1,False
2026-09-11T19:59:08Z,Powell Cove,36,TI,0.0,0.9,3.39,1.22,0.1,False
2026-09-11T19:59:08Z,Sheepshead Bay,37,CI,0.0,0.18,12.63,0.83,0.1,False
2026-09-11T19:59:08Z,Shellbank Basin,44,JA,0.0,0.34,10.55,1.15,0.1,False
2026-09-11T19:59:08Z,Spring Creek,38,26,0.0,0.64,11.14,1.08,0.1,False
2026-09-11T19:59:08Z,Thurston Basin,45,JA,0.0,0.05,32.63,0.79,0.1,False
2026-09-11T19:59:08Z,Upper New York Bay,39,OH,0.0,0.34,11.93,1.26,0.1,False
2026-09-11T19:59:08Z,Westchester Creek,40,HP,0.0,0.19,21.55,1.13,0.1,False
2026-09-11T19:59:08Z,Western Long Island Sound,41,HP,0.0,2.0,0.05,0.66,0.1,False
2026-09-11T22:28:33Z,Alley Creek,1,TI,0.0,0.05,37.04,0.62,0.1,False
2026-09-11T22:28:33Z,"Arthur Kill, Lower",3,OB,0.0,0.7,5.22,1.54,0.1,False
2026-09-11T22:28:33Z,"Arthur Kill, Upper",4,OB,0.0,0.1,23.08,0.83,0.1,False
2026-09-11T22:28:33Z,Bergen Basin,43,JA,0.0,0.05,34.41,0.7,0.1,False
2026-09-11T22:28:33Z,Bowery Bay,5,BB,0.0,0.29,11.25,1.06,0.1,False
2026-09-11T22:28:33Z,"Bronx River, Lower",6,HP,0.0,0.05,53.67,0.45,0.1,False
2026-09-11T22:28:33Z,Coney Island Creek,7,CI,0.0,0.05,69.6,0.3,0.1,False
2026-09-11T22:28:33Z,East River (near Steinway Creek),9,BB,0.0,0.54,14.96,0.9,0.1,False
2026-09-11T22:28:33Z,East River (near Throgs Neck),11,TI,0.0,1.0,3.0,1.47,0.1,False
2026-09-11T22:28:33Z,East River (RFK to Whitestone),10,TI,0.0,0.61,5.65,1.3,0.1,False
2026-09-11T22:28:33Z,"East River, Lower",8,NC,0.0,0.8,4.38,1.56,0.1,False
2026-09-11T22:28:33Z,Eastchester Bay,12,HP,0.0,1.53,1.51,1.62,0.1,False
2026-09-11T22:28:33Z,Erie Basin,13,RH,0.0,0.27,13.73,1.16,0.1,False
2026-09-11T22:28:33Z,Flushing Bay,14,BB,0.0,0.19,32.63,0.76,0.1,False
2026-09-11T22:28:33Z,Flushing Creek,15,TI,0.0,0.05,59.69,0.64,0.1,False
2026-09-11T22:28:33Z,Fresh Creek,16,26,0.0,0.05,30.38,0.67,0.1,False
2026-09-11T22:28:33Z,"Fresh Kills, Lower",17,PR,0.0,0.16,20.48,1.05,0.1,False
2026-09-11T22:28:33Z,"Fresh Kills, Upper",18,PR,0.0,0.15,39.81,0.81,0.1,False
2026-09-11T22:28:33Z,Gerritsen Creek,19,RK,0.0,0.4,7.9,1.07,0.1,False
2026-09-11T22:28:33Z,"Gowanus Canal, Inner",20,RH,0.0,0.23,15.08,1.09,0.1,False
2026-09-11T22:28:33Z,"Gowanus Canal, Outer",21,RH,0.0,0.46,28.85,0.92,0.1,False
2026-09-11T22:28:33Z,Gravesend Bay,30,OH,0.0,0.1,24.63,0.76,0.1,False
2026-09-11T22:28:33Z,Harlem River,22,WI,0.0,0.5,17.24,0.89,0.1,False
2026-09-11T22:28:33Z,Hendrix Creek,23,26,0.0,0.09,20.52,0.8,0.1,False
2026-09-11T22:28:33Z,Hudson River (Bronx),24,WI,0.0,0.62,4.38,0.79,0.1,False
2026-09-11T22:28:33Z,Hudson River (Manhattan),25,NR,0.0,0.41,8.4,1.16,0.1,False
2026-09-11T22:28:33Z,"Hutchinson River, Lower",26,HP,0.0,0.05,57.81,0.59,0.1,False
2026-09-11T22:28:33Z,Jamaica Bay (Brooklyn),27,26,0.0,1.46,1.43,1.97,0.1,False
2026-09-11T22:28:33Z,Jamaica Bay (Queens),42,JA,0.0,0.74,4.07,0.99,0.1,False
2026-09-11T22:28:33Z,Kill Van Kull,28,PR,0.0,0.44,9.88,1.46,0.1,False
2026-09-11T22:28:33Z,Little Neck Bay,29,TI,0.0,0.46,7.65,1.21,0.1,False
2026-09-11T22:28:33Z,Lower New York Bay,2,OB,0.0,1.3,2.06,1.45,0.1,False
2026-09-11T22:28:33Z,Mill Basin,31,CI,0.0,1.34,1.49,2.39,0.1,False
2026-09-11T22:28:33Z,Newark Bay,32,PR,0.0,0.39,11.52,1.43,0.1,False
2026-09-11T22:28:33Z,"Newtown Creek, Lower",34,NC,0.0,0.3,28.56,0.91,0.1,False
2026-09-11T22:28:33Z,"Newtown Creek, Upper",33,NC,0.0,0.23,49.45,0.78,0.1,False
2026-09-11T22:28:33Z,Paerdegat Basin,35,CI,0.0,0.38,11.25,1.38,0.1,False
2026-09-11T22:28:33Z,Powell Cove,36,TI,0.0,0.9,3.39,1.22,0.1,False
2026-09-11T22:28:33Z,Sheepshead Bay,37,CI,0.0,0.18,12.63,0.83,0.1,False
2026-09-11T22:28:33Z,Shellbank Basin,44,JA,0.0,0.34,10.55,1.15,0.1,False
2026-09-11T22:28:33Z,Spring Creek,38,26,0.0,0.64,11.14,1.08,0.1,False
2026-09-11T22:28:33Z,Thurston Basin,45,JA,0.0,0.05,32.63,0.79,0.1,False
2026-09-11T22:28:33Z,Upper New York Bay,39,OH,0.0,0.34,11.93,1.26,0.1,False
2026-09-11T22:28:33Z,Westchester Creek,40,HP,0.0,0.19,21.55,1.13,0.1,False
2026-09-11T22:28:33Z,Western Long Island Sound,41,HP,0.0,2.0,0.05,0.66,0.1,False
2026-09-12T00:34:03Z,Alley Creek,1,TI,0.0,0.05,37.04,0.62,0.1,False
2026-09-12T00:34:03Z,"Arthur Kill, Lower",3,OB,0.0,0.7,5.22,1.54,0.1,False
2026-09-12T00:34:03Z,"Arthur Kill, Upper",4,OB,0.0,0.1,23.08,0.83,0.1,False
2026-09-12T00:34:03Z,Bergen Basin,43,JA,0.0,0.05,34.41,0.7,0.1,False
2026-09-12T00:34:03Z,Bowery Bay,5,BB,0.0,0.29,11.25,1.06,0.1,False
2026-09-12T00:34:03Z,"Bronx River, Lower",6,HP,0.0,0.05,53.67,0.45,0.1,False
2026-09-12T00:34:03Z,Coney Island Creek,7,CI,0.0,0.05,69.6,0.3,0.1,False
2026-09-12T00:34:03Z,East River (near Steinway Creek),9,BB,0.0,0.54,14.96,0.9,0.1,False
2026-09-12T00:34:03Z,East River (near Throgs Neck),11,TI,0.0,1.0,3.0,1.47,0.1,False
2026-09-12T00:34:03Z,East River (RFK to Whitestone),10,TI,0.0,0.61,5.65,1.3,0.1,False
2026-09-12T00:34:03Z,"East River, Lower",8,NC,0.0,0.8,4.38,1.56,0.1,False
2026-09-12T00:34:03Z,Eastchester Bay,12,HP,0.0,1.53,1.51,1.62,0.1,False
2026-09-12T00:34:03Z,Erie Basin,13,RH,0.0,0.27,13.73,1.16,0.1,False
2026-09-12T00:34:03Z,Flushing Bay,14,BB,0.0,0.19,32.63,0.76,0.1,False
2026-09-12T00:34:03Z,Flushing Creek,15,TI,0.0,0.05,59.69,0.64,0.1,False
2026-09-12T00:34:03Z,Fresh Creek,16,26,0.0,0.05,30.38,0.67,0.1,False
2026-09-12T00:34:03Z,"Fresh Kills, Lower",17,PR,0.0,0.16,20.48,1.05,0.1,False
2026-09-12T00:34:03Z,"Fresh Kills, Upper",18,PR,0.0,0.15,39.81,0.81,0.1,False
2026-09-12T00:34:03Z,Gerritsen Creek,19,RK,0.0,0.4,7.9,1.07,0.1,False
2026-09-12T00:34:03Z,"Gowanus Canal, Inner",20,RH,0.0,0.23,15.08,1.09,0.1,False
2026-09-12T00:34:03Z,"Gowanus Canal, Outer",21,RH,0.0,0.46,28.85,0.92,0.1,False
2026-09-12T00:34:03Z,Gravesend Bay,30,OH,0.0,0.1,24.63,0.76,0.1,False
2026-09-12T00:34:03Z,Harlem River,22,WI,0.0,0.5,17.24,0.89,0.1,False
2026-09-12T00:34:03Z,Hendrix Creek,23,26,0.0,0.09,20.52,0.8,0.1,False
2026-09-12T00:34:03Z,Hudson River (Bronx),24,WI,0.0,0.62,4.38,0.79,0.1,False
2026-09-12T00:34:03Z,Hudson River (Manhattan),25,NR,0.0,0.41,8.4,1.16,0.1,False
2026-09-12T00:34:03Z,"Hutchinson River, Lower",26,HP,0.0,0.05,57.81,0.59,0.1,False
2026-09-12T00:34:03Z,Jamaica Bay (Brooklyn),27,26,0.0,1.46,1.43,1.97,0.1,False
2026-09-12T00:34:03Z,Jamaica Bay (Queens),42,JA,0.0,0.74,4.07,0.99,0.1,False
2026-09-12T00:34:03Z,Kill Van Kull,28,PR,0.0,0.44,9.88,1.46,0.1,False
2026-09-12T00:34:03Z,Little Neck Bay,29,TI,0.0,0.46,7.65,1.21,0.1,False
2026-09-12T00:34:03Z,Lower New York Bay,2,OB,0.0,1.3,2.06,1.45,0.1,False
2026-09-12T00:34:03Z,Mill Basin,31,CI,0.0,1.34,1.49,2.39,0.1,False
2026-09-12T00:34:03Z,Newark Bay,32,PR,0.0,0.39,11.52,1.43,0.1,False
2026-09-12T00:34:03Z,"Newtown Creek, Lower",34,NC,0.0,0.3,28.56,0.91,0.1,False
2026-09-12T00:34:03Z,"Newtown Creek, Upper",33,NC,0.0,0.23,49.45,0.78,0.1,False
2026-09-12T00:34:03Z,Paerdegat Basin,35,CI,0.0,0.38,11.25,1.38,0.1,False
2026-09-12T00:34:03Z,Powell Cove,36,TI,0.0,0.9,3.39,1.22,0.1,False
2026-09-12T00:34:03Z,Sheepshead Bay,37,CI,0.0,0.18,12.63,0.83,0.1,False
2026-09-12T00:34:03Z,Shellbank Basin,44,JA,0.0,0.34,10.55,1.15,0.1,False
2026-09-12T00:34:03Z,Spring Creek,38,26,0.0,0.64,11.14,1.08,0.1,False
2026-09-12T00:34:03Z,Thurston Basin,45,JA,0.0,0.05,32.63,0.79,0.1,False
2026-09-12T00:34:03Z,Upper New York Bay,39,OH,0.0,0.34,11.93,1.26,0.1,False
2026-09-12T00:34:03Z,Westchester Creek,40,HP,0.0,0.19,21.55,1.13,0.1,False
2026-09-12T00:34:03Z,Western Long Island Sound,41,HP,0.0,2.0,0.05,0.66,0.1,False
2026-09-12T04:57:46Z,Alley Creek,1,TI,0.0,0.05,37.04,0.62,0.1,False
2026-09-12T04:57:46Z,"Arthur Kill, Lower",3,OB,0.0,0.7,5.22,1.54,0.1,False
2026-09-12T04:57:46Z,"Arthur Kill, Upper",4,OB,0.0,0.1,23.08,0.83,0.1,False
2026-09-12T04:57:46Z,Bergen Basin,43,JA,0.0,0.05,34.41,0.7,0.1,False
2026-09-12T04:57:46Z,Bowery Bay,5,BB,0.0,0.29,11.25,1.06,0.1,False
2026-09-12T04:57:46Z,"Bronx River, Lower",6,HP,0.0,0.05,53.67,0.45,0.1,False
2026-09-12T04:57:46Z,Coney Island Creek,7,CI,0.0,0.05,69.6,0.3,0.1,False
2026-09-12T04:57:46Z,East River (near Steinway Creek),9,BB,0.0,0.54,14.96,0.9,0.1,False
2026-09-12T04:57:46Z,East River (near Throgs Neck),11,TI,0.0,1.0,3.0,1.47,0.1,False
2026-09-12T04:57:46Z,East River (RFK to Whitestone),10,TI,0.0,0.61,5.65,1.3,0.1,False
2026-09-12T04:57:46Z,"East River, Lower",8,NC,0.0,0.8,4.38,1.56,0.1,False
2026-09-12T04:57:46Z,Eastchester Bay,12,HP,0.0,1.53,1.51,1.62,0.1,False
2026-09-12T04:57:46Z,Erie Basin,13,RH,0.0,0.27,13.73,1.16,0.1,False
2026-09-12T04:57:46Z,Flushing Bay,14,BB,0.0,0.19,32.63,0.76,0.1,False
2026-09-12T04:57:46Z,Flushing Creek,15,TI,0.0,0.05,59.69,0.64,0.1,False
2026-09-12T04:57:46Z,Fresh Creek,16,26,0.0,0.05,30.38,0.67,0.1,False
2026-09-12T04:57:46Z,"Fresh Kills, Lower",17,PR,0.0,0.16,20.48,1.05,0.1,False
2026-09-12T04:57:46Z,"Fresh Kills, Upper",18,PR,0.0,0.15,39.81,0.81,0.1,False
2026-09-12T04:57:46Z,Gerritsen Creek,19,RK,0.0,0.4,7.9,1.07,0.1,False
2026-09-12T04:57:46Z,"Gowanus Canal, Inner",20,RH,0.0,0.23,15.08,1.09,0.1,False
2026-09-12T04:57:46Z,"Gowanus Canal, Outer",21,RH,0.0,0.46,28.85,0.92,0.1,False
2026-09-12T04:57:46Z,Gravesend Bay,30,OH,0.0,0.1,24.63,0.76,0.1,False
2026-09-12T04:57:46Z,Harlem River,22,WI,0.0,0.5,17.24,0.89,0.1,False
2026-09-12T04:57:46Z,Hendrix Creek,23,26,0.0,0.09,20.52,0.8,0.1,False
2026-09-12T04:57:46Z,Hudson River (Bronx),24,WI,0.0,0.62,4.38,0.79,0.1,False
2026-09-12T04:57:46Z,Hudson River (Manhattan),25,NR,0.0,0.41,8.4,1.16,0.1,False
2026-09-12T04:57:46Z,"Hutchinson River, Lower",26,HP,0.0,0.05,57.81,0.59,0.1,False
2026-09-12T04:57:46Z,Jamaica Bay (Brooklyn),27,26,0.0,1.46,1.43,1.97,0.1,False
2026-09-12T04:57:46Z,Jamaica Bay (Queens),42,JA,0.0,0.74,4.07,0.99,0.1,False
2026-09-12T04:57:46Z,Kill Van Kull,28,PR,0.0,0.44,9.88,1.46,0.1,False
2026-09-12T04:57:46Z,Little Neck Bay,29,TI,0.0,0.46,7.65,1.21,0.1,False
2026-09-12T04:57:46Z,Lower New York Bay,2,OB,0.0,1.3,2.06,1.45,0.1,False
2026-09-12T04:57:46Z,Mill Basin,31,CI,0.0,1.34,1.49,2.39,0.1,False
2026-09-12T04:57:46Z,Newark Bay,32,PR,0.0,0.39,11.52,1.43,0.1,False
2026-09-12T04:57:46Z,"Newtown Creek, Lower",34,NC,0.0,0.3,28.56,0.91,0.1,False
2026-09-12T04:57:46Z,"Newtown Creek, Upper",33,NC,0.0,0.23,49.45,0.78,0.1,False
2026-09-12T04:57:46Z,Paerdegat Basin,35,CI,0.0,0.38,11.25,1.38,0.1,False
2026-09-12T04:57:46Z,Powell Cove,36,TI,0.0,0.9,3.39,1.22,0.1,False
2026-09-12T04:57:46Z,Sheepshead Bay,37,CI,0.0,0.18,12.63,0.83,0.1,False
2026-09-12T04:57:46Z,Shellbank Basin,44,JA,0.0,0.34,10.55,1.15,0.1,False
2026-09-12T04:57:46Z,Spring Creek,38,26,0.0,0.64,11.14,1.08,0.1,False
2026-09-12T04:57:46Z,Thurston Basin,45,JA,0.0,0.05,32.63,0.79,0.1,False
2026-09-12T04:57:46Z,Upper New York Bay,39,OH,0.0,0.34,11.93,1.26,0.1,False
2026-09-12T04:57:46Z,Westchester Creek,40,HP,0.0,0.19,21.55,1.13,0.1,False
2026-09-12T04:57:46Z,Western Long Island Sound,41,HP,0.0,2.0,0.05,0.66,0.1,False
2026-09-12T09:11:46Z,Alley Creek,1,TI,0.0,0.05,37.04,0.62,0.1,False
2026-09-12T09:11:46Z,"Arthur Kill, Lower",3,OB,0.0,0.7,5.22,1.54,0.1,False
2026-09-12T09:11:46Z,"Arthur Kill, Upper",4,OB,0.0,0.1,23.08,0.83,0.1,False
2026-09-12T09:11:46Z,Bergen Basin,43,JA,0.0,0.05,34.41,0.7,0.1,False
2026-09-12T09:11:46Z,Bowery Bay,5,BB,0.0,0.29,11.25,1.06,0.1,False
2026-09-12T09:11:46Z,"Bronx River, Lower",6,HP,0.0,0.05,53.67,0.45,0.1,False
2026-09-12T09:11:46Z,Coney Island Creek,7,CI,0.0,0.05,69.6,0.3,0.1,False
2026-09-12T09:11:46Z,East River (near Steinway Creek),9,BB,0.0,0.54,14.96,0.9,0.1,False
2026-09-12T09:11:46Z,East River (near Throgs Neck),11,TI,0.0,1.0,3.0,1.47,0.1,False
2026-09-12T09:11:46Z,East River (RFK to Whitestone),10,TI,0.0,0.61,5.65,1.3,0.1,False
2026-09-12T09:11:46Z,"East River, Lower",8,NC,0.0,0.8,4.38,1.56,0.1,False
2026-09-12T09:11:46Z,Eastchester Bay,12,HP,0.0,1.53,1.51,1.62,0.1,False
2026-09-12T09:11:46Z,Erie Basin,13,RH,0.0,0.27,13.73,1.16,0.1,False
2026-09-12T09:11:46Z,Flushing Bay,14,BB,0.0,0.19,32.63,0.76,0.1,False
2026-09-12T09:11:46Z,Flushing Creek,15,TI,0.0,0.05,59.69,0.64,0.1,False
2026-09-12T09:11:46Z,Fresh Creek,16,26,0.0,0.05,30.38,0.67,0.1,False
2026-09-12T09:11:46Z,"Fresh Kills, Lower",17,PR,0.0,0.16,20.48,1.05,0.1,False
2026-09-12T09:11:46Z,"Fresh Kills, Upper",18,PR,0.0,0.15,39.81,0.81,0.1,False
2026-09-12T09:11:46Z,Gerritsen Creek,19,RK,0.0,0.4,7.9,1.07,0.1,False
2026-09-12T09:11:46Z,"Gowanus Canal, Inner",20,RH,0.0,0.23,15.08,1.09,0.1,False
2026-09-12T09:11:46Z,"Gowanus Canal, Outer",21,RH,0.0,0.46,28.85,0.92,0.1,False
2026-09-12T09:11:46Z,Gravesend Bay,30,OH,0.0,0.1,24.63,0.76,0.1,False
2026-09-12T09:11:46Z,Harlem River,22,WI,0.0,0.5,17.24,0.89,0.1,False
2026-09-12T09:11:46Z,Hendrix Creek,23,26,0.0,0.09,20.52,0.8,0.1,False
2026-09-12T09:11:46Z,Hudson River (Bronx),24,WI,0.0,0.62,4.38,0.79,0.1,False
2026-09-12T09:11:46Z,Hudson River (Manhattan),25,NR,0.0,0.41,8.4,1.16,0.1,False
2026-09-12T09:11:46Z,"Hutchinson River, Lower",26,HP,0.0,0.05,57.81,0.59,0.1,False
2026-09-12T09:11:46Z,Jamaica Bay (Brooklyn),27,26,0.0,1.46,1.43,1.97,0.1,False
2026-09-12T09:11:46Z,Jamaica Bay (Queens),42,JA,0.0,0.74,4.07,0.99,0.1,False
2026-09-12T09:11:46Z,Kill Van Kull,28,PR,0.0,0.44,9.88,1.46,0.1,False
2026-09-12T09:11:46Z,Little Neck Bay,29,TI,0.0,0.46,7.65,1.21,0.1,False
2026-09-12T09:11:46Z,Lower New York Bay,2,OB,0.0,1.3,2.06,1.45,0.1,False
2026-09-12T09:11:46Z,Mill Basin,31,CI,0.0,1.34,1.49,2.39,0.1,False
2026-09-12T09:11:46Z,Newark Bay,32,PR,0.0,0.39,11.52,1.43,0.1,False
2026-09-12T09:11:46Z,"Newtown Creek, Lower",34,NC,0.0,0.3,28.56,0.91,0.1,False
2026-09-12T09:11:46Z,"Newtown Creek, Upper",33,NC,0.0,0.23,49.45,0.78,0.1,False
2026-09-12T09:11:46Z,Paerdegat Basin,35,CI,0.0,0.38,11.25,1.38,0.1,False
2026-09-12T09:11:46Z,Powell Cove,36,TI,0.0,0.9,3.39,1.22,0.1,False
2026-09-12T09:11:46Z,Sheepshead Bay,37,CI,0.0,0.18,12.63,0.83,0.1,False
2026-09-12T09:11:46Z,Shellbank Basin,44,JA,0.0,0.34,10.55,1.15,0.1,False
2026-09-12T09:11:46Z,Spring Creek,38,26,0.0,0.64,11.14,1.08,0.1,False
2026-09-12T09:11:46Z,Thurston Basin,45,JA,0.0,0.05,32.63,0.79,0.1,False
2026-09-12T09:11:46Z,Upper New York Bay,39,OH,0.0,0.34,11.93,1.26,0.1,False
2026-09-12T09:11:46Z,Westchester Creek,40,HP,0.0,0.19,21.55,1.13,0.1,False
2026-09-12T09:11:46Z,Western Long Island Sound,41,HP,0.0,2.0,0.05,0.66,0.1,False
2026-09-12T13:03:54Z,Alley Creek,1,TI,0.0,0.05,37.04,0.62,0.1,False
2026-09-12T13:03:54Z,"Arthur Kill, Lower",3,OB,0.0,0.7,5.22,1.54,0.1,False
2026-09-12T13:03:54Z,"Arthur Kill, Upper",4,OB,0.0,0.1,23.08,0.83,0.1,False
2026-09-12T13:03:54Z,Bergen Basin,43,JA,0.0,0.05,34.41,0.7,0.1,False
2026-09-12T13:03:54Z,Bowery Bay,5,BB,0.0,0.29,11.25,1.06,0.1,False
2026-09-12T13:03:54Z,"Bronx River, Lower",6,HP,0.0,0.05,53.67,0.45,0.1,False
2026-09-12T13:03:54Z,Coney Island Creek,7,CI,0.0,0.05,69.6,0.3,0.1,False
2026-09-12T13:03:54Z,East River (near Steinway Creek),9,BB,0.0,0.54,14.96,0.9,0.1,False
2026-09-12T13:03:54Z,East River (near Throgs Neck),11,TI,0.0,1.0,3.0,1.47,0.1,False
2026-09-12T13:03:54Z,East River (RFK to Whitestone),10,TI,0.0,0.61,5.65,1.3,0.1,False
2026-09-12T13:03:54Z,"East River, Lower",8,NC,0.0,0.8,4.38,1.56,0.1,False
2026-09-12T13:03:54Z,Eastchester Bay,12,HP,0.0,1.53,1.51,1.62,0.1,False
2026-09-12T13:03:54Z,Erie Basin,13,RH,0.0,0.27,13.73,1.16,0.1,False
2026-09-12T13:03:54Z,Flushing Bay,14,BB,0.0,0.19,32.63,0.76,0.1,False
2026-09-12T13:03:54Z,Flushing Creek,15,TI,0.0,0.05,59.69,0.64,0.1,False
2026-09-12T13:03:54Z,Fresh Creek,16,26,0.0,0.05,30.38,0.67,0.1,False
2026-09-12T13:03:54Z,"Fresh Kills, Lower",17,PR,0.0,0.16,20.48,1.05,0.1,False
2026-09-12T13:03:54Z,"Fresh Kills, Upper",18,PR,0.0,0.15,39.81,0.81,0.1,False
2026-09-12T13:03:54Z,Gerritsen Creek,19,RK,0.0,0.4,7.9,1.07,0.1,False
2026-09-12T13:03:54Z,"Gowanus Canal, Inner",20,RH,0.0,0.23,15.08,1.09,0.1,False
2026-09-12T13:03:54Z,"Gowanus Canal, Outer",21,RH,0.0,0.46,28.85,0.92,0.1,False
2026-09-12T13:03:54Z,Gravesend Bay,30,OH,0.0,0.1,24.63,0.76,0.1,False
2026-09-12T13:03:54Z,Harlem River,22,WI,0.0,0.5,17.24,0.89,0.1,False
2026-09-12T13:03:54Z,Hendrix Creek,23,26,0.0,0.09,20.52,0.8,0.1,False
2026-09-12T13:03:54Z,Hudson River (Bronx),24,WI,0.0,0.62,4.38,0.79,0.1,False
2026-09-12T13:03:54Z,Hudson River (Manhattan),25,NR,0.0,0.41,8.4,1.16,0.1,False
2026-09-12T13:03:54Z,"Hutchinson River, Lower",26,HP,0.0,0.05,57.81,0.59,0.1,False
2026-09-12T13:03:54Z,Jamaica Bay (Brooklyn),27,26,0.0,1.46,1.43,1.97,0.1,False
2026-09-12T13:03:54Z,Jamaica Bay (Queens),42,JA,0.0,0.74,4.07,0.99,0.1,False
2026-09-12T13:03:54Z,Kill Van Kull,28,PR,0.0,0.44,9.88,1.46,0.1,False
2026-09-12T13:03:54Z,Little Neck Bay,29,TI,0.0,0.46,7.65,1.21,0.1,False
2026-09-12T13:03:54Z,Lower New York Bay,2,OB,0.0,1.3,2.06,1.45,0.1,False
2026-09-12T13:03:54Z,Mill Basin,31,CI,0.0,1.34,1.49,2.39,0.1,False
2026-09-12T13:03:54Z,Newark Bay,32,PR,0.0,0.39,11.52,1.43,0.1,False
2026-09-12T13:03:54Z,"Newtown Creek, Lower",34,NC,0.0,0.3,28.56,0.91,0.1,False
2026-09-12T13:03:54Z,"Newtown Creek, Upper",33,NC,0.0,0.23,49.45,0.78,0.1,False
2026-09-12T13:03:54Z,Paerdegat Basin,35,CI,0.0,0.38,11.25,1.38,0.1,False
2026-09-12T13:03:54Z,Powell Cove,36,TI,0.0,0.9,3.39,1.22,0.1,False
2026-09-12T13:03:54Z,Sheepshead Bay,37,CI,0.0,0.18,12.63,0.83,0.1,False
2026-09-12T13:03:54Z,Shellbank Basin,44,JA,0.0,0.34,10.55,1.15,0.1,False
2026-09-12T13:03:54Z,Spring Creek,38,26,0.0,0.64,11.14,1.08,0.1,False
2026-09-12T13:03:54Z,Thurston Basin,45,JA,0.0,0.05,32.63,0.79,0.1,False
2026-09-12T13:03:54Z,Upper New York Bay,39,OH,0.0,0.34,11.93,1.26,0.1,False
2026-09-12T13:03:54Z,Westchester Creek,40,HP,0.0,0.19,21.55,1.13,0.1,False
2026-09-12T13:03:54Z,Western Long Island Sound,41,HP,0.0,2.0,0.05,0.66,0.1,False
2026-09-12T16:13:55Z,Alley Creek,1,TI,0.0,0.05,37.04,0.62,0.1,False
2026-09-12T16:13:55Z,"Arthur Kill, Lower",3,OB,0.0,0.7,5.22,1.54,0.1,False
2026-09-12T16:13:55Z,"Arthur Kill, Upper",4,OB,0.0,0.1,23.08,0.83,0.1,False
2026-09-12T16:13:55Z,Bergen Basin,43,JA,0.0,0.05,34.41,0.7,0.1,False
2026-09-12T16:13:55Z,Bowery Bay,5,BB,0.0,0.29,11.25,1.06,0.1,False
2026-09-12T16:13:55Z,"Bronx River, Lower",6,HP,0.0,0.05,53.67,0.45,0.1,False
2026-09-12T16:13:55Z,Coney Island Creek,7,CI,0.0,0.05,69.6,0.3,0.1,False
2026-09-12T16:13:55Z,East River (near Steinway Creek),9,BB,0.0,0.54,14.96,0.9,0.1,False
2026-09-12T16:13:55Z,East River (near Throgs Neck),11,TI,0.0,1.0,3.0,1.47,0.1,False
2026-09-12T16:13:55Z,East River (RFK to Whitestone),10,TI,0.0,0.61,5.65,1.3,0.1,False
2026-09-12T16:13:55Z,"East River, Lower",8,NC,0.0,0.8,4.38,1.56,0.1,False
2026-09-12T16:13:55Z,Eastchester Bay,12,HP,0.0,1.53,1.51,1.62,0.1,False
2026-09-12T16:13:55Z,Erie Basin,13,RH,0.0,0.27,13.73,1.16,0.1,False
2026-09-12T16:13:55Z,Flushing Bay,14,BB,0.0,0.19,32.63,0.76,0.1,False
2026-09-12T16:13:55Z,Flushing Creek,15,TI,0.0,0.05,59.69,0.64,0.1,False
2026-09-12T16:13:55Z,Fresh Creek,16,26,0.0,0.05,30.38,0.67,0.1,False
2026-09-12T16:13:55Z,"Fresh Kills, Lower",17,PR,0.0,0.16,20.48,1.05,0.1,False
2026-09-12T16:13:55Z,"Fresh Kills, Upper",18,PR,0.0,0.15,39.81,0.81,0.1,False
2026-09-12T16:13:55Z,Gerritsen Creek,19,RK,0.0,0.4,7.9,1.07,0.1,False
2026-09-12T16:13:55Z,"Gowanus Canal, Inner",20,RH,0.0,0.23,15.08,1.09,0.1,False
2026-09-12T16:13:55Z,"Gowanus Canal, Outer",21,RH,0.0,0.46,28.85,0.92,0.1,False
2026-09-12T16:13:55Z,Gravesend Bay,30,OH,0.0,0.1,24.63,0.76,0.1,False
2026-09-12T16:13:55Z,Harlem River,22,WI,0.0,0.5,17.24,0.89,0.1,False
2026-09-12T16:13:55Z,Hendrix Creek,23,26,0.0,0.09,20.52,0.8,0.1,False
2026-09-12T16:13:55Z,Hudson River (Bronx),24,WI,0.0,0.62,4.38,0.79,0.1,False
2026-09-12T16:13:55Z,Hudson River (Manhattan),25,NR,0.0,0.41,8.4,1.16,0.1,False
2026-09-12T16:13:55Z,"Hutchinson River, Lower",26,HP,0.0,0.05,57.81,0.59,0.1,False
2026-09-12T16:13:55Z,Jamaica Bay (Brooklyn),27,26,0.0,1.46,1.43,1.97,0.1,False
2026-09-12T16:13:55Z,Jamaica Bay (Queens),42,JA,0.0,0.74,4.07,0.99,0.1,False
2026-09-12T16:13:55Z,Kill Van Kull,28,PR,0.0,0.44,9.88,1.46,0.1,False
2026-09-12T16:13:55Z,Little Neck Bay,29,TI,0.0,0.46,7.65,1.21,0.1,False
2026-09-12T16:13:55Z,Lower New York Bay,2,OB,0.0,1.3,2.06,1.45,0.1,False
2026-09-12T16:13:55Z,Mill Basin,31,CI,0.0,1.34,1.49,2.39,0.1,False
2026-09-12T16:13:55Z,Newark Bay,32,PR,0.0,0.39,11.52,1.43,0.1,False
2026-09-12T16:13:55Z,"Newtown Creek, Lower",34,NC,0.0,0.3,28.56,0.91,0.1,False
2026-09-12T16:13:55Z,"Newtown Creek, Upper",33,NC,0.0,0.23,49.45,0.78,0.1,False
2026-09-12T16:13:55Z,Paerdegat Basin,35,CI,0.0,0.38,11.25,1.38,0.1,False
2026-09-12T16:13:55Z,Powell Cove,36,TI,0.0,0.9,3.39,1.22,0.1,False
2026-09-12T16:13:55Z,Sheepshead Bay,37,CI,0.0,0.18,12.63,0.83,0.1,False
2026-09-12T16:13:55Z,Shellbank Basin,44,JA,0.0,0.34,10.55,1.15,0.1,False
2026-09-12T16:13:55Z,Spring Creek,38,26,0.0,0.64,11.14,1.08,0.1,False
2026-09-12T16:13:55Z,Thurston Basin,45,JA,0.0,0.05,32.63,0.79,0.1,False
2026-09-12T16:13:55Z,Upper New York Bay,39,OH,0.0,0.34,11.93,1.26,0.1,False
2026-09-12T16:13:55Z,Westchester Creek,40,HP,0.0,0.19,21.55,1.13,0.1,False
2026-09-12T16:13:55Z,Western Long Island Sound,41,HP,0.0,2.0,0.05,0.66,0.1,False
2026-09-12T18:40:37Z,Alley Creek,1,TI,0.0,0.05,37.04,0.62,0.1,False
2026-09-12T18:40:37Z,"Arthur Kill, Lower",3,OB,0.0,0.7,5.22,1.54,0.1,False
2026-09-12T18:40:37Z,"Arthur Kill, Upper",4,OB,0.0,0.1,23.08,0.83,0.1,False
2026-09-12T18:40:37Z,Bergen Basin,43,JA,0.0,0.05,34.41,0.7,0.1,False
2026-09-12T18:40:37Z,Bowery Bay,5,BB,0.0,0.29,11.25,1.06,0.1,False
2026-09-12T18:40:37Z,"Bronx River, Lower",6,HP,0.0,0.05,53.67,0.45,0.1,False
2026-09-12T18:40:37Z,Coney Island Creek,7,CI,0.0,0.05,69.6,0.3,0.1,False
2026-09-12T18:40:37Z,East River (near Steinway Creek),9,BB,0.0,0.54,14.96,0.9,0.1,False
2026-09-12T18:40:37Z,East River (near Throgs Neck),11,TI,0.0,1.0,3.0,1.47,0.1,False
2026-09-12T18:40:37Z,East River (RFK to Whitestone),10,TI,0.0,0.61,5.65,1.3,0.1,False
2026-09-12T18:40:37Z,"East River, Lower",8,NC,0.0,0.8,4.38,1.56,0.1,False
2026-09-12T18:40:37Z,Eastchester Bay,12,HP,0.0,1.53,1.51,1.62,0.1,False
2026-09-12T18:40:37Z,Erie Basin,13,RH,0.0,0.27,13.73,1.16,0.1,False
2026-09-12T18:40:37Z,Flushing Bay,14,BB,0.0,0.19,32.63,0.76,0.1,False
2026-09-12T18:40:37Z,Flushing Creek,15,TI,0.0,0.05,59.69,0.64,0.1,False
2026-09-12T18:40:37Z,Fresh Creek,16,26,0.0,0.05,30.38,0.67,0.1,False
2026-09-12T18:40:37Z,"Fresh Kills, Lower",17,PR,0.0,0.16,20.48,1.05,0.1,False
2026-09-12T18:40:37Z,"Fresh Kills, Upper",18,PR,0.0,0.15,39.81,0.81,0.1,False
2026-09-12T18:40:37Z,Gerritsen Creek,19,RK,0.0,0.4,7.9,1.07,0.1,False
2026-09-12T18:40:37Z,"Gowanus Canal, Inner",20,RH,0.0,0.23,15.08,1.09,0.1,False
2026-09-12T18:40:37Z,"Gowanus Canal, Outer",21,RH,0.0,0.46,28.85,0.92,0.1,False
2026-09-12T18:40:37Z,Gravesend Bay,30,OH,0.0,0.1,24.63,0.76,0.1,False
2026-09-12T18:40:37Z,Harlem River,22,WI,0.0,0.5,17.24,0.89,0.1,False
2026-09-12T18:40:37Z,Hendrix Creek,23,26,0.0,0.09,20.52,0.8,0.1,False
2026-09-12T18:40:37Z,Hudson River (Bronx),24,WI,0.0,0.62,4.38,0.79,0.1,False
2026-09-12T18:40:37Z,Hudson River (Manhattan),25,NR,0.0,0.41,8.4,1.16,0.1,False
2026-09-12T18:40:37Z,"Hutchinson River, Lower",26,HP,0.0,0.05,57.81,0.59,0.1,False
2026-09-12T18:40:37Z,Jamaica Bay (Brooklyn),27,26,0.0,1.46,1.43,1.97,0.1,False
2026-09-12T18:40:37Z,Jamaica Bay (Queens),42,JA,0.0,0.74,4.07,0.99,0.1,False
2026-09-12T18:40:37Z,Kill Van Kull,28,PR,0.0,0.44,9.88,1.46,0.1,False
2026-09-12T18:40:37Z,Little Neck Bay,29,TI,0.0,0.46,7.65,1.21,0.1,False
2026-09-12T18:40:37Z,Lower New York Bay,2,OB,0.0,1.3,2.06,1.45,0.1,False
2026-09-12T18:40:37Z,Mill Basin,31,CI,0.0,1.34,1.49,2.39,0.1,False
2026-09-12T18:40:37Z,Newark Bay,32,PR,0.0,0.39,11.52,1.43,0.1,False
2026-09-12T18:40:37Z,"Newtown Creek, Lower",34,NC,0.0,0.3,28.56,0.91,0.1,False
2026-09-12T18:40:37Z,"Newtown Creek, Upper",33,NC,0.0,0.23,49.45,0.78,0.1,False
2026-09-12T18:40:37Z,Paerdegat Basin,35,CI,0.0,0.38,11.25,1.38,0.1,False
2026-09-12T18:40:37Z,Powell Cove,36,TI,0.0,0.9,3.39,1.22,0.1,False
2026-09-12T18:40:37Z,Sheepshead Bay,37,CI,0.0,0.18,12.63,0.83,0.1,False
2026-09-12T18:40:37Z,Shellbank Basin,44,JA,0.0,0.34,10.55,1.15,0.1,False
2026-09-12T18:40:37Z,Spring Creek,38,26,0.0,0.64,11.14,1.08,0.1,False
2026-09-12T18:40:37Z,Thurston Basin,45,JA,0.0,0.05,32.63,0.79,0.1,False
2026-09-12T18:40:37Z,Upper New York Bay,39,OH,0.0,0.34,11.93,1.26,0.1,False
2026-09-12T18:40:37Z,Westchester Creek,40,HP,0.0,0.19,21.55,1.13,0.1,False
2026-09-12T18:40:37Z,Western Long Island Sound,41,HP,0.0,2.0,0.05,0.66,0.1,False
2026-09-12T21:23:19Z,Alley Creek,1,TI,0.0,0.05,37.04,0.62,0.1,False
2026-09-12T21:23:19Z,"Arthur Kill, Lower",3,OB,0.0,0.7,5.22,1.54,0.1,False
2026-09-12T21:23:19Z,"Arthur Kill, Upper",4,OB,0.0,0.1,23.08,0.83,0.1,False
2026-09-12T21:23:19Z,Bergen Basin,43,JA,0.0,0.05,34.41,0.7,0.1,False
2026-09-12T21:23:19Z,Bowery Bay,5,BB,0.0,0.29,11.25,1.06,0.1,False
2026-09-12T21:23:19Z,"Bronx River, Lower",6,HP,0.0,0.05,53.67,0.45,0.1,False
2026-09-12T21:23:19Z,Coney Island Creek,7,CI,0.0,0.05,69.6,0.3,0.1,False
2026-09-12T21:23:19Z,East River (near Steinway Creek),9,BB,0.0,0.54,14.96,0.9,0.1,False
2026-09-12T21:23:19Z,East River (near Throgs Neck),11,TI,0.0,1.0,3.0,1.47,0.1,False
2026-09-12T21:23:19Z,East River (RFK to Whitestone),10,TI,0.0,0.61,5.65,1.3,0.1,False
2026-09-12T21:23:19Z,"East River, Lower",8,NC,0.0,0.8,4.38,1.56,0.1,False
2026-09-12T21:23:19Z,Eastchester Bay,12,HP,0.0,1.53,1.51,1.62,0.1,False
2026-09-12T21:23:19Z,Erie Basin,13,RH,0.0,0.27,13.73,1.16,0.1,False
2026-09-12T21:23:19Z,Flushing Bay,14,BB,0.0,0.19,32.63,0.76,0.1,False
2026-09-12T21:23:19Z,Flushing Creek,15,TI,0.0,0.05,59.69,0.64,0.1,False
2026-09-12T21:23:19Z,Fresh Creek,16,26,0.01,0.05,30.38,0.67,0.1,False
2026-09-12T21:23:19Z,"Fresh Kills, Lower",17,PR,0.0,0.16,20.48,1.05,0.1,False
2026-09-12T21:23:19Z,"Fresh Kills, Upper",18,PR,0.0,0.15,39.81,0.81,0.1,False
2026-09-12T21:23:19Z,Gerritsen Creek,19,RK,0.0,0.4,7.9,1.07,0.1,False
2026-09-12T21:23:19Z,"Gowanus Canal, Inner",20,RH,0.0,0.23,15.08,1.09,0.1,False
2026-09-12T21:23:19Z,"Gowanus Canal, Outer",21,RH,0.0,0.46,28.85,0.92,0.1,False
2026-09-12T21:23:19Z,Gravesend Bay,30,OH,0.0,0.1,24.63,0.76,0.1,False
2026-09-12T21:23:19Z,Harlem River,22,WI,0.0,0.5,17.24,0.89,0.1,False
2026-09-12T21:23:19Z,Hendrix Creek,23,26,0.01,0.09,20.52,0.8,0.1,False
2026-09-12T21:23:19Z,Hudson River (Bronx),24,WI,0.0,0.62,4.38,0.79,0.1,False
2026-09-12T21:23:19Z,Hudson River (Manhattan),25,NR,0.0,0.41,8.4,1.16,0.1,False
2026-09-12T21:23:19Z,"Hutchinson River, Lower",26,HP,0.0,0.05,57.81,0.59,0.1,False
2026-09-12T21:23:19Z,Jamaica Bay (Brooklyn),27,26,0.01,1.46,1.43,1.97,0.1,False
2026-09-12T21:23:19Z,Jamaica Bay (Queens),42,JA,0.0,0.74,4.07,0.99,0.1,False
2026-09-12T21:23:19Z,Kill Van Kull,28,PR,0.0,0.44,9.88,1.46,0.1,False
2026-09-12T21:23:19Z,Little Neck Bay,29,TI,0.0,0.46,7.65,1.21,0.1,False
2026-09-12T21:23:19Z,Lower New York Bay,2,OB,0.0,1.3,2.06,1.45,0.1,False
2026-09-12T21:23:19Z,Mill Basin,31,CI,0.0,1.34,1.49,2.39,0.1,False
2026-09-12T21:23:19Z,Newark Bay,32,PR,0.0,0.39,11.52,1.43,0.1,False
2026-09-12T21:23:19Z,"Newtown Creek, Lower",34,NC,0.0,0.3,28.56,0.91,0.1,False
2026-09-12T21:23:19Z,"Newtown Creek, Upper",33,NC,0.0,0.23,49.45,0.78,0.1,False
2026-09-12T21:23:19Z,Paerdegat Basin,35,CI,0.0,0.38,11.25,1.38,0.1,False
2026-09-12T21:23:19Z,Powell Cove,36,TI,0.0,0.9,3.39,1.22,0.1,False
2026-09-12T21:23:19Z,Sheepshead Bay,37,CI,0.0,0.18,12.63,0.83,0.1,False
2026-09-12T21:23:19Z,Shellbank Basin,44,JA,0.0,0.34,10.55,1.15,0.1,False
2026-09-12T21:23:19Z,Spring Creek,38,26,0.01,0.64,11.14,1.08,0.1,False
2026-09-12T21:23:19Z,Thurston Basin,45,JA,0.0,0.05,32.63,0.79,0.1,False
2026-09-12T21:23:19Z,Upper New York Bay,39,OH,0.0,0.34,11.93,1.26,0.1,False
2026-09-12T21:23:19Z,Westchester Creek,40,HP,0.0,0.19,21.55,1.13,0.1,False
2026-09-12T21:23:19Z,Western Long Island Sound,41,HP,0.0,2.0,0.05,0.66,0.1,False
2026-09-12T23:14:33Z,Alley Creek,1,TI,0.0,0.05,37.04,0.62,0.1,False
2026-09-12T23:14:33Z,"Arthur Kill, Lower",3,OB,0.0,0.7,5.22,1.54,0.1,False
2026-09-12T23:14:33Z,"Arthur Kill, Upper",4,OB,0.0,0.1,23.08,0.83,0.1,False
2026-09-12T23:14:33Z,Bergen Basin,43,JA,0.0,0.05,34.41,0.7,0.1,False
2026-09-12T23:14:33Z,Bowery Bay,5,BB,0.0,0.29,11.25,1.06,0.1,False
2026-09-12T23:14:33Z,"Bronx River, Lower",6,HP,0.0,0.05,53.67,0.45,0.1,False
2026-09-12T23:14:33Z,Coney Island Creek,7,CI,0.0,0.05,69.6,0.3,0.1,False
2026-09-12T23:14:33Z,East River (near Steinway Creek),9,BB,0.0,0.54,14.96,0.9,0.1,False
2026-09-12T23:14:33Z,East River (near Throgs Neck),11,TI,0.0,1.0,3.0,1.47,0.1,False
2026-09-12T23:14:33Z,East River (RFK to Whitestone),10,TI,0.0,0.61,5.65,1.3,0.1,False
2026-09-12T23:14:33Z,"East River, Lower",8,NC,0.0,0.8,4.38,1.56,0.1,False
2026-09-12T23:14:33Z,Eastchester Bay,12,HP,0.0,1.53,1.51,1.62,0.1,False
2026-09-12T23:14:33Z,Erie Basin,13,RH,0.0,0.27,13.73,1.16,0.1,False
2026-09-12T23:14:33Z,Flushing Bay,14,BB,0.0,0.19,32.63,0.76,0.1,False
2026-09-12T23:14:33Z,Flushing Creek,15,TI,0.0,0.05,59.69,0.64,0.1,False
2026-09-12T23:14:33Z,Fresh Creek,16,26,0.0,0.05,30.38,0.67,0.1,False
2026-09-12T23:14:33Z,"Fresh Kills, Lower",17,PR,0.0,0.16,20.48,1.05,0.1,False
2026-09-12T23:14:33Z,"Fresh Kills, Upper",18,PR,0.0,0.15,39.81,0.81,0.1,False
2026-09-12T23:14:33Z,Gerritsen Creek,19,RK,0.0,0.4,7.9,1.07,0.1,False
2026-09-12T23:14:33Z,"Gowanus Canal, Inner",20,RH,0.0,0.23,15.08,1.09,0.1,False
2026-09-12T23:14:33Z,"Gowanus Canal, Outer",21,RH,0.0,0.46,28.85,0.92,0.1,False
2026-09-12T23:14:33Z,Gravesend Bay,30,OH,0.0,0.1,24.63,0.76,0.1,False
2026-09-12T23:14:33Z,Harlem River,22,WI,0.0,0.5,17.24,0.89,0.1,False
2026-09-12T23:14:33Z,Hendrix Creek,23,26,0.0,0.09,20.52,0.8,0.1,False
2026-09-12T23:14:33Z,Hudson River (Bronx),24,WI,0.0,0.62,4.38,0.79,0.1,False
2026-09-12T23:14:33Z,Hudson River (Manhattan),25,NR,0.0,0.41,8.4,1.16,0.1,False
2026-09-12T23:14:33Z,"Hutchinson River, Lower",26,HP,0.0,0.05,57.81,0.59,0.1,False
2026-09-12T23:14:33Z,Jamaica Bay (Brooklyn),27,26,0.0,1.46,1.43,1.97,0.1,False
2026-09-12T23:14:33Z,Jamaica Bay (Queens),42,JA,0.0,0.74,4.07,0.99,0.1,False
2026-09-12T23:14:33Z,Kill Van Kull,28,PR,0.0,0.44,9.88,1.46,0.1,False
2026-09-12T23:14:33Z,Little Neck Bay,29,TI,0.0,0.46,7.65,1.21,0.1,False
2026-09-12T23:14:33Z,Lower New York Bay,2,OB,0.0,1.3,2.06,1.45,0.1,False
2026-09-12T23:14:33Z,Mill Basin,31,CI,0.0,1.34,1.49,2.39,0.1,False
2026-09-12T23:14:33Z,Newark Bay,32,PR,0.0,0.39,11.52,1.43,0.1,False
2026-09-12T23:14:33Z,"Newtown Creek, Lower",34,NC,0.0,0.3,28.56,0.91,0.1,False
2026-09-12T23:14:33Z,"Newtown Creek, Upper",33,NC,0.0,0.23,49.45,0.78,0.1,False
2026-09-12T23:14:33Z,Paerdegat Basin,35,CI,0.0,0.38,11.25,1.38,0.1,False
2026-09-12T23:14:33Z,Powell Cove,36,TI,0.0,0.9,3.39,1.22,0.1,False
2026-09-12T23:14:33Z,Sheepshead Bay,37,CI,0.0,0.18,12.63,0.83,0.1,False
2026-09-12T23:14:33Z,Shellbank Basin,44,JA,0.0,0.34,10.55,1.15,0.1,False
2026-09-12T23:14:33Z,Spring Creek,38,26,0.0,0.64,11.14,1.08,0.1,False
2026-09-12T23:14:33Z,Thurston Basin,45,JA,0.0,0.05,32.63,0.79,0.1,False
2026-09-12T23:14:33Z,Upper New York Bay,39,OH,0.0,0.34,11.93,1.26,0.1,False
2026-09-12T23:14:33Z,Westchester Creek,40,HP,0.0,0.19,21.55,1.13,0.1,False
2026-09-12T23:14:33Z,Western Long Island Sound,41,HP,0.0,2.0,0.05,0.66,0.1,False
2026-09-13T01:22:07Z,Alley Creek,1,TI,0.0,0.05,37.04,0.62,0.1,False
2026-09-13T01:22:07Z,"Arthur Kill, Lower",3,OB,0.0,0.7,5.22,1.54,0.1,False
2026-09-13T01:22:07Z,"Arthur Kill, Upper",4,OB,0.0,0.1,23.08,0.83,0.1,False
2026-09-13T01:22:07Z,Bergen Basin,43,JA,0.0,0.05,34.41,0.7,0.1,False
2026-09-13T01:22:07Z,Bowery Bay,5,BB,0.0,0.29,11.25,1.06,0.1,False
2026-09-13T01:22:07Z,"Bronx River, Lower",6,HP,0.0,0.05,53.67,0.45,0.1,False
2026-09-13T01:22:07Z,Coney Island Creek,7,CI,0.0,0.05,69.6,0.3,0.1,False
2026-09-13T01:22:07Z,East River (near Steinway Creek),9,BB,0.0,0.54,14.96,0.9,0.1,False
2026-09-13T01:22:07Z,East River (near Throgs Neck),11,TI,0.0,1.0,3.0,1.47,0.1,False
2026-09-13T01:22:07Z,East River (RFK to Whitestone),10,TI,0.0,0.61,5.65,1.3,0.1,False
2026-09-13T01:22:07Z,"East River, Lower",8,NC,0.0,0.8,4.38,1.56,0.1,False
2026-09-13T01:22:07Z,Eastchester Bay,12,HP,0.0,1.53,1.51,1.62,0.1,False
2026-09-13T01:22:07Z,Erie Basin,13,RH,0.0,0.27,13.73,1.16,0.1,False
2026-09-13T01:22:07Z,Flushing Bay,14,BB,0.0,0.19,32.63,0.76,0.1,False
2026-09-13T01:22:07Z,Flushing Creek,15,TI,0.0,0.05,59.69,0.64,0.1,False
2026-09-13T01:22:07Z,Fresh Creek,16,26,0.0,0.05,30.38,0.67,0.1,False
2026-09-13T01:22:07Z,"Fresh Kills, Lower",17,PR,0.0,0.16,20.48,1.05,0.1,False
2026-09-13T01:22:07Z,"Fresh Kills, Upper",18,PR,0.0,0.15,39.81,0.81,0.1,False
2026-09-13T01:22:07Z,Gerritsen Creek,19,RK,0.0,0.4,7.9,1.07,0.1,False
2026-09-13T01:22:07Z,"Gowanus Canal, Inner",20,RH,0.0,0.23,15.08,1.09,0.1,False
2026-09-13T01:22:07Z,"Gowanus Canal, Outer",21,RH,0.0,0.46,28.85,0.92,0.1,False
2026-09-13T01:22:07Z,Gravesend Bay,30,OH,0.0,0.1,24.63,0.76,0.1,False
2026-09-13T01:22:07Z,Harlem River,22,WI,0.0,0.5,17.24,0.89,0.1,False
2026-09-13T01:22:07Z,Hendrix Creek,23,26,0.0,0.09,20.52,0.8,0.1,False
2026-09-13T01:22:07Z,Hudson River (Bronx),24,WI,0.0,0.62,4.38,0.79,0.1,False
2026-09-13T01:22:07Z,Hudson River (Manhattan),25,NR,0.0,0.41,8.4,1.16,0.1,False
2026-09-13T01:22:07Z,"Hutchinson River, Lower",26,HP,0.0,0.05,57.81,0.59,0.1,False
2026-09-13T01:22:07Z,Jamaica Bay (Brooklyn),27,26,0.0,1.46,1.43,1.97,0.1,False
2026-09-13T01:22:07Z,Jamaica Bay (Queens),42,JA,0.0,0.74,4.07,0.99,0.1,False
2026-09-13T01:22:07Z,Kill Van Kull,28,PR,0.0,0.44,9.88,1.46,0.1,False
2026-09-13T01:22:07Z,Little Neck Bay,29,TI,0.0,0.46,7.65,1.21,0.1,False
2026-09-13T01:22:07Z,Lower New York Bay,2,OB,0.0,1.3,2.06,1.45,0.1,False
2026-09-13T01:22:07Z,Mill Basin,31,CI,0.0,1.34,1.49,2.39,0.1,False
2026-09-13T01:22:07Z,Newark Bay,32,PR,0.0,0.39,11.52,1.43,0.1,False
2026-09-13T01:22:07Z,"Newtown Creek, Lower",34,NC,0.0,0.3,28.56,0.91,0.1,False
2026-09-13T01:22:07Z,"Newtown Creek, Upper",33,NC,0.0,0.23,49.45,0.78,0.1,False
2026-09-13T01:22:07Z,Paerdegat Basin,35,CI,0.0,0.38,11.25,1.38,0.1,False
2026-09-13T01:22:07Z,Powell Cove,36,TI,0.0,0.9,3.39,1.22,0.1,False
2026-09-13T01:22:07Z,Sheepshead Bay,37,CI,0.0,0.18,12.63,0.83,0.1,False
2026-09-13T01:22:07Z,Shellbank Basin,44,JA,0.0,0.34,10.55,1.15,0.1,False
2026-09-13T01:22:07Z,Spring Creek,38,26,0.0,0.64,11.14,1.08,0.1,False
2026-09-13T01:22:07Z,Thurston Basin,45,JA,0.0,0.05,32.63,0.79,0.1,False
2026-09-13T01:22:07Z,Upper New York Bay,39,OH,0.0,0.34,11.93,1.26,0.1,False
2026-09-13T01:22:07Z,Westchester Creek,40,HP,0.0,0.19,21.55,1.13,0.1,False
2026-09-13T01:22:07Z,Western Long Island Sound,41,HP,0.0,2.0,0.05,0.66,0.1,False
2026-09-13T06:43:29Z,Alley Creek,1,TI,0.0,0.05,37.04,0.62,0.1,False
2026-09-13T06:43:29Z,"Arthur Kill, Lower",3,OB,0.0,0.7,5.22,1.54,0.1,False
2026-09-13T06:43:29Z,"Arthur Kill, Upper",4,OB,0.0,0.1,23.08,0.83,0.1,False
2026-09-13T06:43:29Z,Bergen Basin,43,JA,0.0,0.05,34.41,0.7,0.1,False
2026-09-13T06:43:29Z,Bowery Bay,5,BB,0.0,0.29,11.25,1.06,0.1,False
2026-09-13T06:43:29Z,"Bronx River, Lower",6,HP,0.0,0.05,53.67,0.45,0.1,False
2026-09-13T06:43:29Z,Coney Island Creek,7,CI,0.0,0.05,69.6,0.3,0.1,False
2026-09-13T06:43:29Z,East River (near Steinway Creek),9,BB,0.0,0.54,14.96,0.9,0.1,False
2026-09-13T06:43:29Z,East River (near Throgs Neck),11,TI,0.0,1.0,3.0,1.47,0.1,False
2026-09-13T06:43:29Z,East River (RFK to Whitestone),10,TI,0.0,0.61,5.65,1.3,0.1,False
2026-09-13T06:43:29Z,"East River, Lower",8,NC,0.0,0.8,4.38,1.56,0.1,False
2026-09-13T06:43:29Z,Eastchester Bay,12,HP,0.0,1.53,1.51,1.62,0.1,False
2026-09-13T06:43:29Z,Erie Basin,13,RH,0.0,0.27,13.73,1.16,0.1,False
2026-09-13T06:43:29Z,Flushing Bay,14,BB,0.0,0.19,32.63,0.76,0.1,False
2026-09-13T06:43:29Z,Flushing Creek,15,TI,0.0,0.05,59.69,0.64,0.1,False
2026-09-13T06:43:29Z,Fresh Creek,16,26,0.0,0.05,30.38,0.67,0.1,False
2026-09-13T06:43:29Z,"Fresh Kills, Lower",17,PR,0.0,0.16,20.48,1.05,0.1,False
2026-09-13T06:43:29Z,"Fresh Kills, Upper",18,PR,0.0,0.15,39.81,0.81,0.1,False
2026-09-13T06:43:29Z,Gerritsen Creek,19,RK,0.0,0.4,7.9,1.07,0.1,False
2026-09-13T06:43:29Z,"Gowanus Canal, Inner",20,RH,0.0,0.23,15.08,1.09,0.1,False
2026-09-13T06:43:29Z,"Gowanus Canal, Outer",21,RH,0.0,0.46,28.85,0.92,0.1,False
2026-09-13T06:43:29Z,Gravesend Bay,30,OH,0.0,0.1,24.63,0.76,0.1,False
2026-09-13T06:43:29Z,Harlem River,22,WI,0.0,0.5,17.24,0.89,0.1,False
2026-09-13T06:43:29Z,Hendrix Creek,23,26,0.0,0.09,20.52,0.8,0.1,False
2026-09-13T06:43:29Z,Hudson River (Bronx),24,WI,0.0,0.62,4.38,0.79,0.1,False
2026-09-13T06:43:29Z,Hudson River (Manhattan),25,NR,0.0,0.41,8.4,1.16,0.1,False
2026-09-13T06:43:29Z,"Hutchinson River, Lower",26,HP,0.0,0.05,57.81,0.59,0.1,False
2026-09-13T06:43:29Z,Jamaica Bay (Brooklyn),27,26,0.0,1.46,1.43,1.97,0.1,False
2026-09-13T06:43:29Z,Jamaica Bay (Queens),42,JA,0.0,0.74,4.07,0.99,0.1,False
2026-09-13T06:43:29Z,Kill Van Kull,28,PR,0.0,0.44,9.88,1.46,0.1,False
2026-09-13T06:43:29Z,Little Neck Bay,29,TI,0.0,0.46,7.65,1.21,0.1,False
2026-09-13T06:43:29Z,Lower New York Bay,2,OB,0.0,1.3,2.06,1.45,0.1,False
2026-09-13T06:43:29Z,Mill Basin,31,CI,0.0,1.34,1.49,2.39,0.1,False
2026-09-13T06:43:29Z,Newark Bay,32,PR,0.0,0.39,11.52,1.43,0.1,False
2026-09-13T06:43:29Z,"Newtown Creek, Lower",34,NC,0.0,0.3,28.56,0.91,0.1,False
2026-09-13T06:43:29Z,"Newtown Creek, Upper",33,NC,0.0,0.23,49.45,0.78,0.1,False
2026-09-13T06:43:29Z,Paerdegat Basin,35,CI,0.0,0.38,11.25,1.38,0.1,False
2026-09-13T06:43:29Z,Powell Cove,36,TI,0.0,0.9,3.39,1.22,0.1,False
2026-09-13T06:43:29Z,Sheepshead Bay,37,CI,0.0,0.18,12.63,0.83,0.1,False
2026-09-13T06:43:29Z,Shellbank Basin,44,JA,0.0,0.34,10.55,1.15,0.1,False
2026-09-13T06:43:29Z,Spring Creek,38,26,0.0,0.64,11.14,1.08,0.1,False
2026-09-13T06:43:29Z,Thurston Basin,45,JA,0.0,0.05,32.63,0.79,0.1,False
2026-09-13T06:43:29Z,Upper New York Bay,39,OH,0.0,0.34,11.93,1.26,0.1,False
2026-09-13T06:43:29Z,Westchester Creek,40,HP,0.0,0.19,21.55,1.13,0.1,False
2026-09-13T06:43:29Z,Western Long Island Sound,41,HP,0.0,2.0,0.05,0.66,0.1,False
2026-09-13T12:40:40Z,Alley Creek,1,TI,0.38,0.05,37.04,0.62,0.1,True
2026-09-13T12:40:40Z,"Arthur Kill, Lower",3,OB,0.0,0.7,5.22,1.54,0.1,False
2026-09-13T12:40:40Z,"Arthur Kill, Upper",4,OB,0.0,0.1,23.08,0.83,0.1,False
2026-09-13T12:40:40Z,Bergen Basin,43,JA,0.37,0.05,34.41,0.7,0.1,True
2026-09-13T12:40:40Z,Bowery Bay,5,BB,0.16,0.29,11.25,1.06,0.1,False
2026-09-13T12:40:40Z,"Bronx River, Lower",6,HP,0.25,0.05,53.67,0.45,0.1,True
2026-09-13T12:40:40Z,Coney Island Creek,7,CI,0.01,0.05,69.6,0.3,0.1,False
2026-09-13T12:40:40Z,East River (near Steinway Creek),9,BB,0.16,0.54,14.96,0.9,0.1,False
2026-09-13T12:40:40Z,East River (near Throgs Neck),11,TI,0.38,1.0,3.0,1.47,0.1,False
2026-09-13T12:40:40Z,East River (RFK to Whitestone),10,TI,0.38,0.61,5.65,1.3,0.1,False
2026-09-13T12:40:40Z,"East River, Lower",8,NC,0.05,0.8,4.38,1.56,0.1,False
2026-09-13T12:40:40Z,Eastchester Bay,12,HP,0.25,1.53,1.51,1.62,0.1,False
2026-09-13T12:40:40Z,Erie Basin,13,RH,0.04,0.27,13.73,1.16,0.1,False
2026-09-13T12:40:40Z,Flushing Bay,14,BB,0.16,0.19,32.63,0.76,0.1,False
2026-09-13T12:40:40Z,Flushing Creek,15,TI,0.38,0.05,59.69,0.64,0.1,True
2026-09-13T12:40:40Z,Fresh Creek,16,26,0.01,0.05,30.38,0.67,0.1,False
2026-09-13T12:40:40Z,"Fresh Kills, Lower",17,PR,0.01,0.16,20.48,1.05,0.1,False
2026-09-13T12:40:40Z,"Fresh Kills, Upper",18,PR,0.01,0.15,39.81,0.81,0.1,False
2026-09-13T12:40:40Z,Gerritsen Creek,19,RK,0.02,0.4,7.9,1.07,0.1,False
2026-09-13T12:40:40Z,"Gowanus Canal, Inner",20,RH,0.04,0.23,15.08,1.09,0.1,False
2026-09-13T12:40:40Z,"Gowanus Canal, Outer",21,RH,0.04,0.46,28.85,0.92,0.1,False
2026-09-13T12:40:40Z,Gravesend Bay,30,OH,0.03,0.1,24.63,0.76,0.1,False
2026-09-13T12:40:40Z,Harlem River,22,WI,0.21,0.5,17.24,0.89,0.1,False
2026-09-13T12:40:40Z,Hendrix Creek,23,26,0.01,0.09,20.52,0.8,0.1,False
2026-09-13T12:40:40Z,Hudson River (Bronx),24,WI,0.21,0.62,4.38,0.79,0.1,False
2026-09-13T12:40:40Z,Hudson River (Manhattan),25,NR,0.1,0.41,8.4,1.16,0.1,False
2026-09-13T12:40:40Z,"Hutchinson River, Lower",26,HP,0.25,0.05,57.81,0.59,0.1,True
2026-09-13T12:40:40Z,Jamaica Bay (Brooklyn),27,26,0.01,1.46,1.43,1.97,0.1,False
2026-09-13T12:40:40Z,Jamaica Bay (Queens),42,JA,0.37,0.74,4.07,0.99,0.1,False
2026-09-13T12:40:40Z,Kill Van Kull,28,PR,0.01,0.44,9.88,1.46,0.1,False
2026-09-13T12:40:40Z,Little Neck Bay,29,TI,0.38,0.46,7.65,1.21,0.1,False
2026-09-13T12:40:40Z,Lower New York Bay,2,OB,0.0,1.3,2.06,1.45,0.1,False
2026-09-13T12:40:40Z,Mill Basin,31,CI,0.01,1.34,1.49,2.39,0.1,False
2026-09-13T12:40:40Z,Newark Bay,32,PR,0.01,0.39,11.52,1.43,0.1,False
2026-09-13T12:40:40Z,"Newtown Creek, Lower",34,NC,0.05,0.3,28.56,0.91,0.1,False
2026-09-13T12:40:40Z,"Newtown Creek, Upper",33,NC,0.05,0.23,49.45,0.78,0.1,False
2026-09-13T12:40:40Z,Paerdegat Basin,35,CI,0.01,0.38,11.25,1.38,0.1,False
2026-09-13T12:40:40Z,Powell Cove,36,TI,0.38,0.9,3.39,1.22,0.1,False
2026-09-13T12:40:40Z,Sheepshead Bay,37,CI,0.01,0.18,12.63,0.83,0.1,False
2026-09-13T12:40:40Z,Shellbank Basin,44,JA,0.37,0.34,10.55,1.15,0.1,True
2026-09-13T12:40:40Z,Spring Creek,38,26,0.01,0.64,11.14,1.08,0.1,False
2026-09-13T12:40:40Z,Thurston Basin,45,JA,0.37,0.05,32.63,0.79,0.1,True
2026-09-13T12:40:40Z,Upper New York Bay,39,OH,0.03,0.34,11.93,1.26,0.1,False
2026-09-13T12:40:40Z,Westchester Creek,40,HP,0.25,0.19,21.55,1.13,0.1,True
2026-09-13T12:40:40Z,Western Long Island Sound,41,HP,0.25,2.0,0.05,0.66,0.1,False
2026-09-13T16:56:15Z,Alley Creek,1,TI,0.11,0.05,37.04,0.62,0.1,True
2026-09-13T16:56:15Z,"Arthur Kill, Lower",3,OB,0.08,0.7,5.22,1.54,0.1,False
2026-09-13T16:56:15Z,"Arthur Kill, Upper",4,OB,0.08,0.1,23.08,0.83,0.1,False
2026-09-13T16:56:15Z,Bergen Basin,43,JA,0.04,0.05,34.41,0.7,0.1,False
2026-09-13T16:56:15Z,Bowery Bay,5,BB,0.08,0.29,11.25,1.06,0.1,False
2026-09-13T16:56:15Z,"Bronx River, Lower",6,HP,0.11,0.05,53.67,0.45,0.1,True
2026-09-13T16:56:15Z,Coney Island Creek,7,CI,0.08,0.05,69.6,0.3,0.1,True
2026-09-13T16:56:15Z,East River (near Steinway Creek),9,BB,0.08,0.54,14.96,0.9,0.1,False
2026-09-13T16:56:15Z,East River (near Throgs Neck),11,TI,0.11,1.0,3.0,1.47,0.1,False
2026-09-13T16:56:15Z,East River (RFK to Whitestone),10,TI,0.11,0.61,5.65,1.3,0.1,False
2026-09-13T16:56:15Z,"East River, Lower",8,NC,0.04,0.8,4.38,1.56,0.1,False
2026-09-13T16:56:15Z,Eastchester Bay,12,HP,0.11,1.53,1.51,1.62,0.1,False
2026-09-13T16:56:15Z,Erie Basin,13,RH,0.05,0.27,13.73,1.16,0.1,False
2026-09-13T16:56:15Z,Flushing Bay,14,BB,0.08,0.19,32.63,0.76,0.1,False
2026-09-13T16:56:15Z,Flushing Creek,15,TI,0.11,0.05,59.69,0.64,0.1,True
2026-09-13T16:56:15Z,Fresh Creek,16,26,0.0,0.05,30.38,0.67,0.1,False
2026-09-13T16:56:15Z,"Fresh Kills, Lower",17,PR,0.19,0.16,20.48,1.05,0.1,True
2026-09-13T16:56:15Z,"Fresh Kills, Upper",18,PR,0.19,0.15,39.81,0.81,0.1,True
2026-09-13T16:56:15Z,Gerritsen Creek,19,RK,0.11,0.4,7.9,1.07,0.1,False
2026-09-13T16:56:15Z,"Gowanus Canal, Inner",20,RH,0.05,0.23,15.08,1.09,0.1,False
2026-09-13T16:56:15Z,"Gowanus Canal, Outer",21,RH,0.05,0.46,28.85,0.92,0.1,False
2026-09-13T16:56:15Z,Gravesend Bay,30,OH,0.07,0.1,24.63,0.76,0.1,False
2026-09-13T16:56:15Z,Harlem River,22,WI,0.08,0.5,17.24,0.89,0.1,False
2026-09-13T16:56:15Z,Hendrix Creek,23,26,0.0,0.09,20.52,0.8,0.1,False
2026-09-13T16:56:15Z,Hudson River (Bronx),24,WI,0.08,0.62,4.38,0.79,0.1,False
2026-09-13T16:56:15Z,Hudson River (Manhattan),25,NR,0.11,0.41,8.4,1.16,0.1,False
2026-09-13T16:56:15Z,"Hutchinson River, Lower",26,HP,0.11,0.05,57.81,0.59,0.1,True
2026-09-13T16:56:15Z,Jamaica Bay (Brooklyn),27,26,0.0,1.46,1.43,1.97,0.1,False
2026-09-13T16:56:15Z,Jamaica Bay (Queens),42,JA,0.04,0.74,4.07,0.99,0.1,False
2026-09-13T16:56:15Z,Kill Van Kull,28,PR,0.19,0.44,9.88,1.46,0.1,False
2026-09-13T16:56:15Z,Little Neck Bay,29,TI,0.11,0.46,7.65,1.21,0.1,False
2026-09-13T16:56:15Z,Lower New York Bay,2,OB,0.08,1.3,2.06,1.45,0.1,False
2026-09-13T16:56:15Z,Mill Basin,31,CI,0.08,1.34,1.49,2.39,0.1,False
2026-09-13T16:56:15Z,Newark Bay,32,PR,0.19,0.39,11.52,1.43,0.1,False
2026-09-13T16:56:15Z,"Newtown Creek, Lower",34,NC,0.04,0.3,28.56,0.91,0.1,False
2026-09-13T16:56:15Z,"Newtown Creek, Upper",33,NC,0.04,0.23,49.45,0.78,0.1,False
2026-09-13T16:56:15Z,Paerdegat Basin,35,CI,0.08,0.38,11.25,1.38,0.1,False
2026-09-13T16:56:15Z,Powell Cove,36,TI,0.11,0.9,3.39,1.22,0.1,False
2026-09-13T16:56:15Z,Sheepshead Bay,37,CI,0.08,0.18,12.63,0.83,0.1,False
2026-09-13T16:56:15Z,Shellbank Basin,44,JA,0.04,0.34,10.55,1.15,0.1,False
2026-09-13T16:56:15Z,Spring Creek,38,26,0.0,0.64,11.14,1.08,0.1,False
2026-09-13T16:56:15Z,Thurston Basin,45,JA,0.04,0.05,32.63,0.79,0.1,False
2026-09-13T16:56:15Z,Upper New York Bay,39,OH,0.07,0.34,11.93,1.26,0.1,False
2026-09-13T16:56:15Z,Westchester Creek,40,HP,0.11,0.19,21.55,1.13,0.1,False
2026-09-13T16:56:15Z,Western Long Island Sound,41,HP,0.11,2.0,0.05,0.66,0.1,False
2026-09-13T19:21:15Z,Alley Creek,1,TI,0.0,0.05,37.04,0.62,0.1,False
2026-09-13T19:21:15Z,"Arthur Kill, Lower",3,OB,0.01,0.7,5.22,1.54,0.1,False
2026-09-13T19:21:15Z,"Arthur Kill, Upper",4,OB,0.01,0.1,23.08,0.83,0.1,False
2026-09-13T19:21:15Z,Bergen Basin,43,JA,0.0,0.05,34.41,0.7,0.1,False
2026-09-13T19:21:15Z,Bowery Bay,5,BB,0.0,0.29,11.25,1.06,0.1,False
2026-09-13T19:21:15Z,"Bronx River, Lower",6,HP,0.0,0.05,53.67,0.45,0.1,False
2026-09-13T19:21:15Z,Coney Island Creek,7,CI,0.0,0.05,69.6,0.3,0.1,False
2026-09-13T19:21:15Z,East River (near Steinway Creek),9,BB,0.0,0.54,14.96,0.9,0.1,False
2026-09-13T19:21:15Z,East River (near Throgs Neck),11,TI,0.0,1.0,3.0,1.47,0.1,False
2026-09-13T19:21:15Z,East River (RFK to Whitestone),10,TI,0.0,0.61,5.65,1.3,0.1,False
2026-09-13T19:21:15Z,"East River, Lower",8,NC,0.0,0.8,4.38,1.56,0.1,False
2026-09-13T19:21:15Z,Eastchester Bay,12,HP,0.0,1.53,1.51,1.62,0.1,False
2026-09-13T19:21:15Z,Erie Basin,13,RH,0.0,0.27,13.73,1.16,0.1,False
2026-09-13T19:21:15Z,Flushing Bay,14,BB,0.0,0.19,32.63,0.76,0.1,False
2026-09-13T19:21:15Z,Flushing Creek,15,TI,0.0,0.05,59.69,0.64,0.1,False
2026-09-13T19:21:15Z,Fresh Creek,16,26,0.0,0.05,30.38,0.67,0.1,False
2026-09-13T19:21:15Z,"Fresh Kills, Lower",17,PR,0.0,0.16,20.48,1.05,0.1,False
2026-09-13T19:21:15Z,"Fresh Kills, Upper",18,PR,0.0,0.15,39.81,0.81,0.1,False
2026-09-13T19:21:15Z,Gerritsen Creek,19,RK,0.0,0.4,7.9,1.07,0.1,False
2026-09-13T19:21:15Z,"Gowanus Canal, Inner",20,RH,0.0,0.23,15.08,1.09,0.1,False
2026-09-13T19:21:15Z,"Gowanus Canal, Outer",21,RH,0.0,0.46,28.85,0.92,0.1,False
2026-09-13T19:21:15Z,Gravesend Bay,30,OH,0.0,0.1,24.63,0.76,0.1,False
2026-09-13T19:21:15Z,Harlem River,22,WI,0.0,0.5,17.24,0.89,0.1,False
2026-09-13T19:21:15Z,Hendrix Creek,23,26,0.0,0.09,20.52,0.8,0.1,False
2026-09-13T19:21:15Z,Hudson River (Bronx),24,WI,0.0,0.62,4.38,0.79,0.1,False
2026-09-13T19:21:15Z,Hudson River (Manhattan),25,NR,0.0,0.41,8.4,1.16,0.1,False
2026-09-13T19:21:15Z,"Hutchinson River, Lower",26,HP,0.0,0.05,57.81,0.59,0.1,False
2026-09-13T19:21:15Z,Jamaica Bay (Brooklyn),27,26,0.0,1.46,1.43,1.97,0.1,False
2026-09-13T19:21:15Z,Jamaica Bay (Queens),42,JA,0.0,0.74,4.07,0.99,0.1,False
2026-09-13T19:21:15Z,Kill Van Kull,28,PR,0.0,0.44,9.88,1.46,0.1,False
2026-09-13T19:21:15Z,Little Neck Bay,29,TI,0.0,0.46,7.65,1.21,0.1,False
2026-09-13T19:21:15Z,Lower New York Bay,2,OB,0.01,1.3,2.06,1.45,0.1,False
2026-09-13T19:21:15Z,Mill Basin,31,CI,0.0,1.34,1.49,2.39,0.1,False
2026-09-13T19:21:15Z,Newark Bay,32,PR,0.0,0.39,11.52,1.43,0.1,False
2026-09-13T19:21:15Z,"Newtown Creek, Lower",34,NC,0.0,0.3,28.56,0.91,0.1,False
2026-09-13T19:21:15Z,"Newtown Creek, Upper",33,NC,0.0,0.23,49.45,0.78,0.1,False
2026-09-13T19:21:15Z,Paerdegat Basin,35,CI,0.0,0.38,11.25,1.38,0.1,False
2026-09-13T19:21:15Z,Powell Cove,36,TI,0.0,0.9,3.39,1.22,0.1,False
2026-09-13T19:21:15Z,Sheepshead Bay,37,CI,0.0,0.18,12.63,0.83,0.1,False
2026-09-13T19:21:15Z,Shellbank Basin,44,JA,0.0,0.34,10.55,1.15,0.1,False
2026-09-13T19:21:15Z,Spring Creek,38,26,0.0,0.64,11.14,1.08,0.1,False
2026-09-13T19:21:15Z,Thurston Basin,45,JA,0.0,0.05,32.63,0.79,0.1,False
2026-09-13T19:21:15Z,Upper New York Bay,39,OH,0.0,0.34,11.93,1.26,0.1,False
2026-09-13T19:21:15Z,Westchester Creek,40,HP,0.0,0.19,21.55,1.13,0.1,False
2026-09-13T19:21:15Z,Western Long Island Sound,41,HP,0.0,2.0,0.05,0.66,0.1,False
2026-09-13T21:36:55Z,Alley Creek,1,TI,0.0,0.05,37.04,0.62,0.1,False
2026-09-13T21:36:55Z,"Arthur Kill, Lower",3,OB,0.0,0.7,5.22,1.54,0.1,False
2026-09-13T21:36:55Z,"Arthur Kill, Upper",4,OB,0.0,0.1,23.08,0.83,0.1,False
2026-09-13T21:36:55Z,Bergen Basin,43,JA,0.0,0.05,34.41,0.7,0.1,False
2026-09-13T21:36:55Z,Bowery Bay,5,BB,0.0,0.29,11.25,1.06,0.1,False
2026-09-13T21:36:55Z,"Bronx River, Lower",6,HP,0.01,0.05,53.67,0.45,0.1,False
2026-09-13T21:36:55Z,Coney Island Creek,7,CI,0.0,0.05,69.6,0.3,0.1,False
2026-09-13T21:36:55Z,East River (near Steinway Creek),9,BB,0.0,0.54,14.96,0.9,0.1,False
2026-09-13T21:36:55Z,East River (near Throgs Neck),11,TI,0.0,1.0,3.0,1.47,0.1,False
2026-09-13T21:36:55Z,East River (RFK to Whitestone),10,TI,0.0,0.61,5.65,1.3,0.1,False
2026-09-13T21:36:55Z,"East River, Lower",8,NC,0.0,0.8,4.38,1.56,0.1,False
2026-09-13T21:36:55Z,Eastchester Bay,12,HP,0.01,1.53,1.51,1.62,0.1,False
2026-09-13T21:36:55Z,Erie Basin,13,RH,0.0,0.27,13.73,1.16,0.1,False
2026-09-13T21:36:55Z,Flushing Bay,14,BB,0.0,0.19,32.63,0.76,0.1,False
2026-09-13T21:36:55Z,Flushing Creek,15,TI,0.0,0.05,59.69,0.64,0.1,False
2026-09-13T21:36:55Z,Fresh Creek,16,26,0.0,0.05,30.38,0.67,0.1,False
2026-09-13T21:36:55Z,"Fresh Kills, Lower",17,PR,0.0,0.16,20.48,1.05,0.1,False
2026-09-13T21:36:55Z,"Fresh Kills, Upper",18,PR,0.0,0.15,39.81,0.81,0.1,False
2026-09-13T21:36:55Z,Gerritsen Creek,19,RK,0.0,0.4,7.9,1.07,0.1,False
2026-09-13T21:36:55Z,"Gowanus Canal, Inner",20,RH,0.0,0.23,15.08,1.09,0.1,False
2026-09-13T21:36:55Z,"Gowanus Canal, Outer",21,RH,0.0,0.46,28.85,0.92,0.1,False
2026-09-13T21:36:55Z,Gravesend Bay,30,OH,0.0,0.1,24.63,0.76,0.1,False
2026-09-13T21:36:55Z,Harlem River,22,WI,0.0,0.5,17.24,0.89,0.1,False
2026-09-13T21:36:55Z,Hendrix Creek,23,26,0.0,0.09,20.52,0.8,0.1,False
2026-09-13T21:36:55Z,Hudson River (Bronx),24,WI,0.0,0.62,4.38,0.79,0.1,False
2026-09-13T21:36:55Z,Hudson River (Manhattan),25,NR,0.0,0.41,8.4,1.16,0.1,False
2026-09-13T21:36:55Z,"Hutchinson River, Lower",26,HP,0.01,0.05,57.81,0.59,0.1,False
2026-09-13T21:36:55Z,Jamaica Bay (Brooklyn),27,26,0.0,1.46,1.43,1.97,0.1,False
2026-09-13T21:36:55Z,Jamaica Bay (Queens),42,JA,0.0,0.74,4.07,0.99,0.1,False
2026-09-13T21:36:55Z,Kill Van Kull,28,PR,0.0,0.44,9.88,1.46,0.1,False
2026-09-13T21:36:55Z,Little Neck Bay,29,TI,0.0,0.46,7.65,1.21,0.1,False
2026-09-13T21:36:55Z,Lower New York Bay,2,OB,0.0,1.3,2.06,1.45,0.1,False
2026-09-13T21:36:55Z,Mill Basin,31,CI,0.0,1.34,1.49,2.39,0.1,False
2026-09-13T21:36:55Z,Newark Bay,32,PR,0.0,0.39,11.52,1.43,0.1,False
2026-09-13T21:36:55Z,"Newtown Creek, Lower",34,NC,0.0,0.3,28.56,0.91,0.1,False
2026-09-13T21:36:55Z,"Newtown Creek, Upper",33,NC,0.0,0.23,49.45,0.78,0.1,False
2026-09-13T21:36:55Z,Paerdegat Basin,35,CI,0.0,0.38,11.25,1.38,0.1,False
2026-09-13T21:36:55Z,Powell Cove,36,TI,0.0,0.9,3.39,1.22,0.1,False
2026-09-13T21:36:55Z,Sheepshead Bay,37,CI,0.0,0.18,12.63,0.83,0.1,False
2026-09-13T21:36:55Z,Shellbank Basin,44,JA,0.0,0.34,10.55,1.15,0.1,False
2026-09-13T21:36:55Z,Spring Creek,38,26,0.0,0.64,11.14,1.08,0.1,False
2026-09-13T21:36:55Z,Thurston Basin,45,JA,0.0,0.05,32.63,0.79,0.1,False
2026-09-13T21:36:55Z,Upper New York Bay,39,OH,0.0,0.34,11.93,1.26,0.1,False
2026-09-13T21:36:55Z,Westchester Creek,40,HP,0.01,0.19,21.55,1.13,0.1,False
2026-09-13T21:36:55Z,Western Long Island Sound,41,HP,0.01,2.0,0.05,0.66,0.1,False
2026-09-13T23:28:29Z,Alley Creek,1,TI,0.0,0.05,37.04,0.62,0.1,False
2026-09-13T23:28:29Z,"Arthur Kill, Lower",3,OB,0.0,0.7,5.22,1.54,0.1,False
2026-09-13T23:28:29Z,"Arthur Kill, Upper",4,OB,0.0,0.1,23.08,0.83,0.1,False
2026-09-13T23:28:29Z,Bergen Basin,43,JA,0.0,0.05,34.41,0.7,0.1,False
2026-09-13T23:28:29Z,Bowery Bay,5,BB,0.0,0.29,11.25,1.06,0.1,False
2026-09-13T23:28:29Z,"Bronx River, Lower",6,HP,0.0,0.05,53.67,0.45,0.1,False
2026-09-13T23:28:29Z,Coney Island Creek,7,CI,0.0,0.05,69.6,0.3,0.1,False
2026-09-13T23:28:29Z,East River (near Steinway Creek),9,BB,0.0,0.54,14.96,0.9,0.1,False
2026-09-13T23:28:29Z,East River (near Throgs Neck),11,TI,0.0,1.0,3.0,1.47,0.1,False
2026-09-13T23:28:29Z,East River (RFK to Whitestone),10,TI,0.0,0.61,5.65,1.3,0.1,False
2026-09-13T23:28:29Z,"East River, Lower",8,NC,0.0,0.8,4.38,1.56,0.1,False
2026-09-13T23:28:29Z,Eastchester Bay,12,HP,0.0,1.53,1.51,1.62,0.1,False
2026-09-13T23:28:29Z,Erie Basin,13,RH,0.0,0.27,13.73,1.16,0.1,False
2026-09-13T23:28:29Z,Flushing Bay,14,BB,0.0,0.19,32.63,0.76,0.1,False
2026-09-13T23:28:29Z,Flushing Creek,15,TI,0.0,0.05,59.69,0.64,0.1,False
2026-09-13T23:28:29Z,Fresh Creek,16,26,0.0,0.05,30.38,0.67,0.1,False
2026-09-13T23:28:29Z,"Fresh Kills, Lower",17,PR,0.0,0.16,20.48,1.05,0.1,False
2026-09-13T23:28:29Z,"Fresh Kills, Upper",18,PR,0.0,0.15,39.81,0.81,0.1,False
2026-09-13T23:28:29Z,Gerritsen Creek,19,RK,0.0,0.4,7.9,1.07,0.1,False
2026-09-13T23:28:29Z,"Gowanus Canal, Inner",20,RH,0.0,0.23,15.08,1.09,0.1,False
2026-09-13T23:28:29Z,"Gowanus Canal, Outer",21,RH,0.0,0.46,28.85,0.92,0.1,False
2026-09-13T23:28:29Z,Gravesend Bay,30,OH,0.0,0.1,24.63,0.76,0.1,False
2026-09-13T23:28:29Z,Harlem River,22,WI,0.0,0.5,17.24,0.89,0.1,False
2026-09-13T23:28:29Z,Hendrix Creek,23,26,0.0,0.09,20.52,0.8,0.1,False
2026-09-13T23:28:29Z,Hudson River (Bronx),24,WI,0.0,0.62,4.38,0.79,0.1,False
2026-09-13T23:28:29Z,Hudson River (Manhattan),25,NR,0.0,0.41,8.4,1.16,0.1,False
2026-09-13T23:28:29Z,"Hutchinson River, Lower",26,HP,0.0,0.05,57.81,0.59,0.1,False
2026-09-13T23:28:29Z,Jamaica Bay (Brooklyn),27,26,0.0,1.46,1.43,1.97,0.1,False
2026-09-13T23:28:29Z,Jamaica Bay (Queens),42,JA,0.0,0.74,4.07,0.99,0.1,False
2026-09-13T23:28:29Z,Kill Van Kull,28,PR,0.0,0.44,9.88,1.46,0.1,False
2026-09-13T23:28:29Z,Little Neck Bay,29,TI,0.0,0.46,7.65,1.21,0.1,False
2026-09-13T23:28:29Z,Lower New York Bay,2,OB,0.0,1.3,2.06,1.45,0.1,False
2026-09-13T23:28:29Z,Mill Basin,31,CI,0.0,1.34,1.49,2.39,0.1,False
2026-09-13T23:28:29Z,Newark Bay,32,PR,0.0,0.39,11.52,1.43,0.1,False
2026-09-13T23:28:29Z,"Newtown Creek, Lower",34,NC,0.0,0.3,28.56,0.91,0.1,False
2026-09-13T23:28:29Z,"Newtown Creek, Upper",33,NC,0.0,0.23,49.45,0.78,0.1,False
2026-09-13T23:28:29Z,Paerdegat Basin,35,CI,0.0,0.38,11.25,1.38,0.1,False
2026-09-13T23:28:29Z,Powell Cove,36,TI,0.0,0.9,3.39,1.22,0.1,False
2026-09-13T23:28:29Z,Sheepshead Bay,37,CI,0.0,0.18,12.63,0.83,0.1,False
2026-09-13T23:28:29Z,Shellbank Basin,44,JA,0.0,0.34,10.55,1.15,0.1,False
2026-09-13T23:28:29Z,Spring Creek,38,26,0.0,0.64,11.14,1.08,0.1,False
2026-09-13T23:28:29Z,Thurston Basin,45,JA,0.0,0.05,32.63,0.79,0.1,False
2026-09-13T23:28:29Z,Upper New York Bay,39,OH,0.0,0.34,11.93,1.26,0.1,False
2026-09-13T23:28:29Z,Westchester Creek,40,HP,0.0,0.19,21.55,1.13,0.1,False
2026-09-13T23:28:29Z,Western Long Island Sound,41,HP,0.0,2.0,0.05,0.66,0.1,False
2026-09-14T01:33:32Z,Alley Creek,1,TI,0.0,0.05,37.04,0.62,0.1,False
2026-09-14T01:33:32Z,"Arthur Kill, Lower",3,OB,0.0,0.7,5.22,1.54,0.1,False
2026-09-14T01:33:32Z,"Arthur Kill, Upper",4,OB,0.0,0.1,23.08,0.83,0.1,False
2026-09-14T01:33:32Z,Bergen Basin,43,JA,0.0,0.05,34.41,0.7,0.1,False
2026-09-14T01:33:32Z,Bowery Bay,5,BB,0.0,0.29,11.25,1.06,0.1,False
2026-09-14T01:33:32Z,"Bronx River, Lower",6,HP,0.0,0.05,53.67,0.45,0.1,False
2026-09-14T01:33:32Z,Coney Island Creek,7,CI,0.0,0.05,69.6,0.3,0.1,False
2026-09-14T01:33:32Z,East River (near Steinway Creek),9,BB,0.0,0.54,14.96,0.9,0.1,False
2026-09-14T01:33:32Z,East River (near Throgs Neck),11,TI,0.0,1.0,3.0,1.47,0.1,False
2026-09-14T01:33:32Z,East River (RFK to Whitestone),10,TI,0.0,0.61,5.65,1.3,0.1,False
2026-09-14T01:33:32Z,"East River, Lower",8,NC,0.0,0.8,4.38,1.56,0.1,False
2026-09-14T01:33:32Z,Eastchester Bay,12,HP,0.0,1.53,1.51,1.62,0.1,False
2026-09-14T01:33:32Z,Erie Basin,13,RH,0.0,0.27,13.73,1.16,0.1,False
2026-09-14T01:33:32Z,Flushing Bay,14,BB,0.0,0.19,32.63,0.76,0.1,False
2026-09-14T01:33:32Z,Flushing Creek,15,TI,0.0,0.05,59.69,0.64,0.1,False
2026-09-14T01:33:32Z,Fresh Creek,16,26,0.0,0.05,30.38,0.67,0.1,False
2026-09-14T01:33:32Z,"Fresh Kills, Lower",17,PR,0.0,0.16,20.48,1.05,0.1,False
2026-09-14T01:33:32Z,"Fresh Kills, Upper",18,PR,0.0,0.15,39.81,0.81,0.1,False
2026-09-14T01:33:32Z,Gerritsen Creek,19,RK,0.0,0.4,7.9,1.07,0.1,False
2026-09-14T01:33:32Z,"Gowanus Canal, Inner",20,RH,0.0,0.23,15.08,1.09,0.1,False
2026-09-14T01:33:32Z,"Gowanus Canal, Outer",21,RH,0.0,0.46,28.85,0.92,0.1,False
2026-09-14T01:33:32Z,Gravesend Bay,30,OH,0.0,0.1,24.63,0.76,0.1,False
2026-09-14T01:33:32Z,Harlem River,22,WI,0.0,0.5,17.24,0.89,0.1,False
2026-09-14T01:33:32Z,Hendrix Creek,23,26,0.0,0.09,20.52,0.8,0.1,False
2026-09-14T01:33:32Z,Hudson River (Bronx),24,WI,0.0,0.62,4.38,0.79,0.1,False
2026-09-14T01:33:32Z,Hudson River (Manhattan),25,NR,0.0,0.41,8.4,1.16,0.1,False
2026-09-14T01:33:32Z,"Hutchinson River, Lower",26,HP,0.0,0.05,57.81,0.59,0.1,False
2026-09-14T01:33:32Z,Jamaica Bay (Brooklyn),27,26,0.0,1.46,1.43,1.97,0.1,False
2026-09-14T01:33:32Z,Jamaica Bay (Queens),42,JA,0.0,0.74,4.07,0.99,0.1,False
2026-09-14T01:33:32Z,Kill Van Kull,28,PR,0.0,0.44,9.88,1.46,0.1,False
2026-09-14T01:33:32Z,Little Neck Bay,29,TI,0.0,0.46,7.65,1.21,0.1,False
2026-09-14T01:33:32Z,Lower New York Bay,2,OB,0.0,1.3,2.06,1.45,0.1,False
2026-09-14T01:33:32Z,Mill Basin,31,CI,0.0,1.34,1.49,2.39,0.1,False
2026-09-14T01:33:32Z,Newark Bay,32,PR,0.0,0.39,11.52,1.43,0.1,False
2026-09-14T01:33:32Z,"Newtown Creek, Lower",34,NC,0.0,0.3,28.56,0.91,0.1,False
2026-09-14T01:33:32Z,"Newtown Creek, Upper",33,NC,0.0,0.23,49.45,0.78,0.1,False
2026-09-14T01:33:32Z,Paerdegat Basin,35,CI,0.0,0.38,11.25,1.38,0.1,False
2026-09-14T01:33:32Z,Powell Cove,36,TI,0.0,0.9,3.39,1.22,0.1,False
2026-09-14T01:33:32Z,Sheepshead Bay,37,CI,0.0,0.18,12.63,0.83,0.1,False
2026-09-14T01:33:32Z,Shellbank Basin,44,JA,0.0,0.34,10.55,1.15,0.1,False
2026-09-14T01:33:32Z,Spring Creek,38,26,0.0,0.64,11.14,1.08,0.1,False
2026-09-14T01:33:32Z,Thurston Basin,45,JA,0.0,0.05,32.63,0.79,0.1,False
2026-09-14T01:33:32Z,Upper New York Bay,39,OH,0.0,0.34,11.93,1.26,0.1,False
2026-09-14T01:33:32Z,Westchester Creek,40,HP,0.0,0.19,21.55,1.13,0.1,False
2026-09-14T01:33:32Z,Western Long Island Sound,41,HP,0.0,2.0,0.05,0.66,0.1,False
2026-09-14T06:57:35Z,Alley Creek,1,TI,0.0,0.05,37.04,0.62,0.1,False
2026-09-14T06:57:35Z,"Arthur Kill, Lower",3,OB,0.0,0.7,5.22,1.54,0.1,False
2026-09-14T06:57:35Z,"Arthur Kill, Upper",4,OB,0.0,0.1,23.08,0.83,0.1,False
2026-09-14T06:57:35Z,Bergen Basin,43,JA,0.0,0.05,34.41,0.7,0.1,False
2026-09-14T06:57:35Z,Bowery Bay,5,BB,0.0,0.29,11.25,1.06,0.1,False
2026-09-14T06:57:35Z,"Bronx River, Lower",6,HP,0.0,0.05,53.67,0.45,0.1,False
2026-09-14T06:57:35Z,Coney Island Creek,7,CI,0.0,0.05,69.6,0.3,0.1,False
2026-09-14T06:57:35Z,East River (near Steinway Creek),9,BB,0.0,0.54,14.96,0.9,0.1,False
2026-09-14T06:57:35Z,East River (near Throgs Neck),11,TI,0.0,1.0,3.0,1.47,0.1,False
2026-09-14T06:57:35Z,East River (RFK to Whitestone),10,TI,0.0,0.61,5.65,1.3,0.1,False
2026-09-14T06:57:35Z,"East River, Lower",8,NC,0.0,0.8,4.38,1.56,0.1,False
2026-09-14T06:57:35Z,Eastchester Bay,12,HP,0.0,1.53,1.51,1.62,0.1,False
2026-09-14T06:57:35Z,Erie Basin,13,RH,0.0,0.27,13.73,1.16,0.1,False
2026-09-14T06:57:35Z,Flushing Bay,14,BB,0.0,0.19,32.63,0.76,0.1,False
2026-09-14T06:57:35Z,Flushing Creek,15,TI,0.0,0.05,59.69,0.64,0.1,False
2026-09-14T06:57:35Z,Fresh Creek,16,26,0.0,0.05,30.38,0.67,0.1,False
2026-09-14T06:57:35Z,"Fresh Kills, Lower",17,PR,0.0,0.16,20.48,1.05,0.1,False
2026-09-14T06:57:35Z,"Fresh Kills, Upper",18,PR,0.0,0.15,39.81,0.81,0.1,False
2026-09-14T06:57:35Z,Gerritsen Creek,19,RK,0.0,0.4,7.9,1.07,0.1,False
2026-09-14T06:57:35Z,"Gowanus Canal, Inner",20,RH,0.0,0.23,15.08,1.09,0.1,False
2026-09-14T06:57:35Z,"Gowanus Canal, Outer",21,RH,0.0,0.46,28.85,0.92,0.1,False
2026-09-14T06:57:35Z,Gravesend Bay,30,OH,0.0,0.1,24.63,0.76,0.1,False
2026-09-14T06:57:35Z,Harlem River,22,WI,0.0,0.5,17.24,0.89,0.1,False
2026-09-14T06:57:35Z,Hendrix Creek,23,26,0.0,0.09,20.52,0.8,0.1,False
2026-09-14T06:57:35Z,Hudson River (Bronx),24,WI,0.0,0.62,4.38,0.79,0.1,False
2026-09-14T06:57:35Z,Hudson River (Manhattan),25,NR,0.0,0.41,8.4,1.16,0.1,False
2026-09-14T06:57:35Z,"Hutchinson River, Lower",26,HP,0.0,0.05,57.81,0.59,0.1,False
2026-09-14T06:57:35Z,Jamaica Bay (Brooklyn),27,26,0.0,1.46,1.43,1.97,0.1,False
2026-09-14T06:57:35Z,Jamaica Bay (Queens),42,JA,0.0,0.74,4.07,0.99,0.1,False
2026-09-14T06:57:35Z,Kill Van Kull,28,PR,0.0,0.44,9.88,1.46,0.1,False
2026-09-14T06:57:35Z,Little Neck Bay,29,TI,0.0,0.46,7.65,1.21,0.1,False
2026-09-14T06:57:35Z,Lower New York Bay,2,OB,0.0,1.3,2.06,1.45,0.1,False
2026-09-14T06:57:35Z,Mill Basin,31,CI,0.0,1.34,1.49,2.39,0.1,False
2026-09-14T06:57:35Z,Newark Bay,32,PR,0.0,0.39,11.52,1.43,0.1,False
2026-09-14T06:57:35Z,"Newtown Creek, Lower",34,NC,0.0,0.3,28.56,0.91,0.1,False
2026-09-14T06:57:35Z,"Newtown Creek, Upper",33,NC,0.0,0.23,49.45,0.78,0.1,False
2026-09-14T06:57:35Z,Paerdegat Basin,35,CI,0.0,0.38,11.25,1.38,0.1,False
2026-09-14T06:57:35Z,Powell Cove,36,TI,0.0,0.9,3.39,1.22,0.1,False
2026-09-14T06:57:35Z,Sheepshead Bay,37,CI,0.0,0.18,12.63,0.83,0.1,False
2026-09-14T06:57:35Z,Shellbank Basin,44,JA,0.0,0.34,10.55,1.15,0.1,False
2026-09-14T06:57:35Z,Spring Creek,38,26,0.0,0.64,11.14,1.08,0.1,False
2026-09-14T06:57:35Z,Thurston Basin,45,JA,0.0,0.05,32.63,0.79,0.1,False
2026-09-14T06:57:35Z,Upper New York Bay,39,OH,0.0,0.34,11.93,1.26,0.1,False
2026-09-14T06:57:35Z,Westchester Creek,40,HP,0.0,0.19,21.55,1.13,0.1,False
2026-09-14T06:57:35Z,Western Long Island Sound,41,HP,0.0,2.0,0.05,0.66,0.1,False
2026-09-14T13:53:29Z,Alley Creek,1,TI,0.0,0.05,37.04,0.62,0.1,False
2026-09-14T13:53:29Z,"Arthur Kill, Lower",3,OB,0.0,0.7,5.22,1.54,0.1,False
2026-09-14T13:53:29Z,"Arthur Kill, Upper",4,OB,0.0,0.1,23.08,0.83,0.1,False
2026-09-14T13:53:29Z,Bergen Basin,43,JA,0.0,0.05,34.41,0.7,0.1,False
2026-09-14T13:53:29Z,Bowery Bay,5,BB,0.0,0.29,11.25,1.06,0.1,False
2026-09-14T13:53:29Z,"Bronx River, Lower",6,HP,0.0,0.05,53.67,0.45,0.1,False
2026-09-14T13:53:29Z,Coney Island Creek,7,CI,0.0,0.05,69.6,0.3,0.1,False
2026-09-14T13:53:29Z,East River (near Steinway Creek),9,BB,0.0,0.54,14.96,0.9,0.1,False
2026-09-14T13:53:29Z,East River (near Throgs Neck),11,TI,0.0,1.0,3.0,1.47,0.1,False
2026-09-14T13:53:29Z,East River (RFK to Whitestone),10,TI,0.0,0.61,5.65,1.3,0.1,False
2026-09-14T13:53:29Z,"East River, Lower",8,NC,0.0,0.8,4.38,1.56,0.1,False
2026-09-14T13:53:29Z,Eastchester Bay,12,HP,0.0,1.53,1.51,1.62,0.1,False
2026-09-14T13:53:29Z,Erie Basin,13,RH,0.0,0.27,13.73,1.16,0.1,False
2026-09-14T13:53:29Z,Flushing Bay,14,BB,0.0,0.19,32.63,0.76,0.1,False
2026-09-14T13:53:29Z,Flushing Creek,15,TI,0.0,0.05,59.69,0.64,0.1,False
2026-09-14T13:53:29Z,Fresh Creek,16,26,0.0,0.05,30.38,0.67,0.1,False
2026-09-14T13:53:29Z,"Fresh Kills, Lower",17,PR,0.0,0.16,20.48,1.05,0.1,False
2026-09-14T13:53:29Z,"Fresh Kills, Upper",18,PR,0.0,0.15,39.81,0.81,0.1,False
2026-09-14T13:53:29Z,Gerritsen Creek,19,RK,0.0,0.4,7.9,1.07,0.1,False
2026-09-14T13:53:29Z,"Gowanus Canal, Inner",20,RH,0.0,0.23,15.08,1.09,0.1,False
2026-09-14T13:53:29Z,"Gowanus Canal, Outer",21,RH,0.0,0.46,28.85,0.92,0.1,False
2026-09-14T13:53:29Z,Gravesend Bay,30,OH,0.0,0.1,24.63,0.76,0.1,False
2026-09-14T13:53:29Z,Harlem River,22,WI,0.0,0.5,17.24,0.89,0.1,False
2026-09-14T13:53:29Z,Hendrix Creek,23,26,0.0,0.09,20.52,0.8,0.1,False
2026-09-14T13:53:29Z,Hudson River (Bronx),24,WI,0.0,0.62,4.38,0.79,0.1,False
2026-09-14T13:53:29Z,Hudson River (Manhattan),25,NR,0.0,0.41,8.4,1.16,0.1,False
2026-09-14T13:53:29Z,"Hutchinson River, Lower",26,HP,0.0,0.05,57.81,0.59,0.1,False
2026-09-14T13:53:29Z,Jamaica Bay (Brooklyn),27,26,0.0,1.46,1.43,1.97,0.1,False
2026-09-14T13:53:29Z,Jamaica Bay (Queens),42,JA,0.0,0.74,4.07,0.99,0.1,False
2026-09-14T13:53:29Z,Kill Van Kull,28,PR,0.0,0.44,9.88,1.46,0.1,False
2026-09-14T13:53:29Z,Little Neck Bay,29,TI,0.0,0.46,7.65,1.21,0.1,False
2026-09-14T13:53:29Z,Lower New York Bay,2,OB,0.0,1.3,2.06,1.45,0.1,False
2026-09-14T13:53:29Z,Mill Basin,31,CI,0.0,1.34,1.49,2.39,0.1,False
2026-09-14T13:53:29Z,Newark Bay,32,PR,0.0,0.39,11.52,1.43,0.1,False
2026-09-14T13:53:29Z,"Newtown Creek, Lower",34,NC,0.0,0.3,28.56,0.91,0.1,False
2026-09-14T13:53:29Z,"Newtown Creek, Upper",33,NC,0.0,0.23,49.45,0.78,0.1,False
2026-09-14T13:53:29Z,Paerdegat Basin,35,CI,0.0,0.38,11.25,1.38,0.1,False
2026-09-14T13:53:29Z,Powell Cove,36,TI,0.0,0.9,3.39,1.22,0.1,False
2026-09-14T13:53:29Z,Sheepshead Bay,37,CI,0.0,0.18,12.63,0.83,0.1,False
2026-09-14T13:53:29Z,Shellbank Basin,44,JA,0.0,0.34,10.55,1.15,0.1,False
2026-09-14T13:53:29Z,Spring Creek,38,26,0.0,0.64,11.14,1.08,0.1,False
2026-09-14T13:53:29Z,Thurston Basin,45,JA,0.0,0.05,32.63,0.79,0.1,False
2026-09-14T13:53:29Z,Upper New York Bay,39,OH,0.0,0.34,11.93,1.26,0.1,False
2026-09-14T13:53:29Z,Westchester Creek,40,HP,0.0,0.19,21.55,1.13,0.1,False
2026-09-14T13:53:29Z,Western Long Island Sound,41,HP,0.0,2.0,0.05,0.66,0.1,False
2026-09-14T19:15:31Z,Alley Creek,1,TI,0.0,0.05,37.04,0.62,0.1,False
2026-09-14T19:15:31Z,"Arthur Kill, Lower",3,OB,0.0,0.7,5.22,1.54,0.1,False
2026-09-14T19:15:31Z,"Arthur Kill, Upper",4,OB,0.0,0.1,23.08,0.83,0.1,False
2026-09-14T19:15:31Z,Bergen Basin,43,JA,0.0,0.05,34.41,0.7,0.1,False
2026-09-14T19:15:31Z,Bowery Bay,5,BB,0.0,0.29,11.25,1.06,0.1,False
2026-09-14T19:15:31Z,"Bronx River, Lower",6,HP,0.0,0.05,53.67,0.45,0.1,False
2026-09-14T19:15:31Z,Coney Island Creek,7,CI,0.0,0.05,69.6,0.3,0.1,False
2026-09-14T19:15:31Z,East River (near Steinway Creek),9,BB,0.0,0.54,14.96,0.9,0.1,False
2026-09-14T19:15:31Z,East River (near Throgs Neck),11,TI,0.0,1.0,3.0,1.47,0.1,False
2026-09-14T19:15:31Z,East River (RFK to Whitestone),10,TI,0.0,0.61,5.65,1.3,0.1,False
2026-09-14T19:15:31Z,"East River, Lower",8,NC,0.0,0.8,4.38,1.56,0.1,False
2026-09-14T19:15:31Z,Eastchester Bay,12,HP,0.0,1.53,1.51,1.62,0.1,False
2026-09-14T19:15:31Z,Erie Basin,13,RH,0.0,0.27,13.73,1.16,0.1,False
2026-09-14T19:15:31Z,Flushing Bay,14,BB,0.0,0.19,32.63,0.76,0.1,False
2026-09-14T19:15:31Z,Flushing Creek,15,TI,0.0,0.05,59.69,0.64,0.1,False
2026-09-14T19:15:31Z,Fresh Creek,16,26,0.0,0.05,30.38,0.67,0.1,False
2026-09-14T19:15:31Z,"Fresh Kills, Lower",17,PR,0.0,0.16,20.48,1.05,0.1,False
2026-09-14T19:15:31Z,"Fresh Kills, Upper",18,PR,0.0,0.15,39.81,0.81,0.1,False
2026-09-14T19:15:31Z,Gerritsen Creek,19,RK,0.0,0.4,7.9,1.07,0.1,False
2026-09-14T19:15:31Z,"Gowanus Canal, Inner",20,RH,0.0,0.23,15.08,1.09,0.1,False
2026-09-14T19:15:31Z,"Gowanus Canal, Outer",21,RH,0.0,0.46,28.85,0.92,0.1,False
2026-09-14T19:15:31Z,Gravesend Bay,30,OH,0.0,0.1,24.63,0.76,0.1,False
2026-09-14T19:15:31Z,Harlem River,22,WI,0.0,0.5,17.24,0.89,0.1,False
2026-09-14T19:15:31Z,Hendrix Creek,23,26,0.0,0.09,20.52,0.8,0.1,False
2026-09-14T19:15:31Z,Hudson River (Bronx),24,WI,0.0,0.62,4.38,0.79,0.1,False
2026-09-14T19:15:31Z,Hudson River (Manhattan),25,NR,0.0,0.41,8.4,1.16,0.1,False
2026-09-14T19:15:31Z,"Hutchinson River, Lower",26,HP,0.0,0.05,57.81,0.59,0.1,False
2026-09-14T19:15:31Z,Jamaica Bay (Brooklyn),27,26,0.0,1.46,1.43,1.97,0.1,False
2026-09-14T19:15:31Z,Jamaica Bay (Queens),42,JA,0.0,0.74,4.07,0.99,0.1,False
2026-09-14T19:15:31Z,Kill Van Kull,28,PR,0.0,0.44,9.88,1.46,0.1,False
2026-09-14T19:15:31Z,Little Neck Bay,29,TI,0.0,0.46,7.65,1.21,0.1,False
2026-09-14T19:15:31Z,Lower New York Bay,2,OB,0.0,1.3,2.06,1.45,0.1,False
2026-09-14T19:15:31Z,Mill Basin,31,CI,0.0,1.34,1.49,2.39,0.1,False
2026-09-14T19:15:31Z,Newark Bay,32,PR,0.0,0.39,11.52,1.43,0.1,False
2026-09-14T19:15:31Z,"Newtown Creek, Lower",34,NC,0.0,0.3,28.56,0.91,0.1,False
2026-09-14T19:15:31Z,"Newtown Creek, Upper",33,NC,0.0,0.23,49.45,0.78,0.1,False
2026-09-14T19:15:31Z,Paerdegat Basin,35,CI,0.0,0.38,11.25,1.38,0.1,False
2026-09-14T19:15:31Z,Powell Cove,36,TI,0.0,0.9,3.39,1.22,0.1,False
2026-09-14T19:15:31Z,Sheepshead Bay,37,CI,0.0,0.18,12.63,0.83,0.1,False
2026-09-14T19:15:31Z,Shellbank Basin,44,JA,0.0,0.34,10.55,1.15,0.1,False
2026-09-14T19:15:31Z,Spring Creek,38,26,0.0,0.64,11.14,1.08,0.1,False
2026-09-14T19:15:31Z,Thurston Basin,45,JA,0.0,0.05,32.63,0.79,0.1,False
2026-09-14T19:15:31Z,Upper New York Bay,39,OH,0.0,0.34,11.93,1.26,0.1,False
2026-09-14T19:15:31Z,Westchester Creek,40,HP,0.0,0.19,21.55,1.13,0.1,False
2026-09-14T19:15:31Z,Western Long Island Sound,41,HP,0.0,2.0,0.05,0.66,0.1,False
2026-09-14T22:42:34Z,Alley Creek,1,TI,0.0,0.05,37.04,0.62,0.1,False
2026-09-14T22:42:34Z,"Arthur Kill, Lower",3,OB,0.0,0.7,5.22,1.54,0.1,False
2026-09-14T22:42:34Z,"Arthur Kill, Upper",4,OB,0.0,0.1,23.08,0.83,0.1,False
2026-09-14T22:42:34Z,Bergen Basin,43,JA,0.0,0.05,34.41,0.7,0.1,False
2026-09-14T22:42:34Z,Bowery Bay,5,BB,0.0,0.29,11.25,1.06,0.1,False
2026-09-14T22:42:34Z,"Bronx River, Lower",6,HP,0.0,0.05,53.67,0.45,0.1,False
2026-09-14T22:42:34Z,Coney Island Creek,7,CI,0.0,0.05,69.6,0.3,0.1,False
2026-09-14T22:42:34Z,East River (near Steinway Creek),9,BB,0.0,0.54,14.96,0.9,0.1,False
2026-09-14T22:42:34Z,East River (near Throgs Neck),11,TI,0.0,1.0,3.0,1.47,0.1,False
2026-09-14T22:42:34Z,East River (RFK to Whitestone),10,TI,0.0,0.61,5.65,1.3,0.1,False
2026-09-14T22:42:34Z,"East River, Lower",8,NC,0.0,0.8,4.38,1.56,0.1,False
2026-09-14T22:42:34Z,Eastchester Bay,12,HP,0.0,1.53,1.51,1.62,0.1,False
2026-09-14T22:42:34Z,Erie Basin,13,RH,0.0,0.27,13.73,1.16,0.1,False
2026-09-14T22:42:34Z,Flushing Bay,14,BB,0.0,0.19,32.63,0.76,0.1,False
2026-09-14T22:42:34Z,Flushing Creek,15,TI,0.0,0.05,59.69,0.64,0.1,False
2026-09-14T22:42:34Z,Fresh Creek,16,26,0.0,0.05,30.38,0.67,0.1,False
2026-09-14T22:42:34Z,"Fresh Kills, Lower",17,PR,0.0,0.16,20.48,1.05,0.1,False
2026-09-14T22:42:34Z,"Fresh Kills, Upper",18,PR,0.0,0.15,39.81,0.81,0.1,False
2026-09-14T22:42:34Z,Gerritsen Creek,19,RK,0.0,0.4,7.9,1.07,0.1,False
2026-09-14T22:42:34Z,"Gowanus Canal, Inner",20,RH,0.0,0.23,15.08,1.09,0.1,False
2026-09-14T22:42:34Z,"Gowanus Canal, Outer",21,RH,0.0,0.46,28.85,0.92,0.1,False
2026-09-14T22:42:34Z,Gravesend Bay,30,OH,0.0,0.1,24.63,0.76,0.1,False
2026-09-14T22:42:34Z,Harlem River,22,WI,0.0,0.5,17.24,0.89,0.1,False
2026-09-14T22:42:34Z,Hendrix Creek,23,26,0.0,0.09,20.52,0.8,0.1,False
2026-09-14T22:42:34Z,Hudson River (Bronx),24,WI,0.0,0.62,4.38,0.79,0.1,False
2026-09-14T22:42:34Z,Hudson River (Manhattan),25,NR,0.0,0.41,8.4,1.16,0.1,False
2026-09-14T22:42:34Z,"Hutchinson River, Lower",26,HP,0.0,0.05,57.81,0.59,0.1,False
2026-09-14T22:42:34Z,Jamaica Bay (Brooklyn),27,26,0.0,1.46,1.43,1.97,0.1,False
2026-09-14T22:42:34Z,Jamaica Bay (Queens),42,JA,0.0,0.74,4.07,0.99,0.1,False
2026-09-14T22:42:34Z,Kill Van Kull,28,PR,0.0,0.44,9.88,1.46,0.1,False
2026-09-14T22:42:34Z,Little Neck Bay,29,TI,0.0,0.46,7.65,1.21,0.1,False
2026-09-14T22:42:34Z,Lower New York Bay,2,OB,0.0,1.3,2.06,1.45,0.1,False
2026-09-14T22:42:34Z,Mill Basin,31,CI,0.0,1.34,1.49,2.39,0.1,False
2026-09-14T22:42:34Z,Newark Bay,32,PR,0.0,0.39,11.52,1.43,0.1,False
2026-09-14T22:42:34Z,"Newtown Creek, Lower",34,NC,0.0,0.3,28.56,0.91,0.1,False
2026-09-14T22:42:34Z,"Newtown Creek, Upper",33,NC,0.0,0.23,49.45,0.78,0.1,False
2026-09-14T22:42:34Z,Paerdegat Basin,35,CI,0.0,0.38,11.25,1.38,0.1,False
2026-09-14T22:42:34Z,Powell Cove,36,TI,0.0,0.9,3.39,1.22,0.1,False
2026-09-14T22:42:34Z,Sheepshead Bay,37,CI,0.0,0.18,12.63,0.83,0.1,False
2026-09-14T22:42:34Z,Shellbank Basin,44,JA,0.0,0.34,10.55,1.15,0.1,False
2026-09-14T22:42:34Z,Spring Creek,38,26,0.0,0.64,11.14,1.08,0.1,False
2026-09-14T22:42:34Z,Thurston Basin,45,JA,0.0,0.05,32.63,0.79,0.1,False
2026-09-14T22:42:34Z,Upper New York Bay,39,OH,0.0,0.34,11.93,1.26,0.1,False
2026-09-14T22:42:34Z,Westchester Creek,40,HP,0.0,0.19,21.55,1.13,0.1,False
2026-09-14T22:42:34Z,Western Long Island Sound,41,HP,0.0,2.0,0.05,0.66,0.1,False
2026-09-15T01:22:10Z,Alley Creek,1,TI,0.0,0.05,37.04,0.62,0.1,False
2026-09-15T01:22:10Z,"Arthur Kill, Lower",3,OB,0.0,0.7,5.22,1.54,0.1,False
2026-09-15T01:22:10Z,"Arthur Kill, Upper",4,OB,0.0,0.1,23.08,0.83,0.1,False
2026-09-15T01:22:10Z,Bergen Basin,43,JA,0.0,0.05,34.41,0.7,0.1,False
2026-09-15T01:22:10Z,Bowery Bay,5,BB,0.0,0.29,11.25,1.06,0.1,False
2026-09-15T01:22:10Z,"Bronx River, Lower",6,HP,0.0,0.05,53.67,0.45,0.1,False
2026-09-15T01:22:10Z,Coney Island Creek,7,CI,0.0,0.05,69.6,0.3,0.1,False
2026-09-15T01:22:10Z,East River (near Steinway Creek),9,BB,0.0,0.54,14.96,0.9,0.1,False
2026-09-15T01:22:10Z,East River (near Throgs Neck),11,TI,0.0,1.0,3.0,1.47,0.1,False
2026-09-15T01:22:10Z,East River (RFK to Whitestone),10,TI,0.0,0.61,5.65,1.3,0.1,False
2026-09-15T01:22:10Z,"East River, Lower",8,NC,0.0,0.8,4.38,1.56,0.1,False
2026-09-15T01:22:10Z,Eastchester Bay,12,HP,0.0,1.53,1.51,1.62,0.1,False
2026-09-15T01:22:10Z,Erie Basin,13,RH,0.0,0.27,13.73,1.16,0.1,False
2026-09-15T01:22:10Z,Flushing Bay,14,BB,0.0,0.19,32.63,0.76,0.1,False
2026-09-15T01:22:10Z,Flushing Creek,15,TI,0.0,0.05,59.69,0.64,0.1,False
2026-09-15T01:22:10Z,Fresh Creek,16,26,0.0,0.05,30.38,0.67,0.1,False
2026-09-15T01:22:10Z,"Fresh Kills, Lower",17,PR,0.0,0.16,20.48,1.05,0.1,False
2026-09-15T01:22:10Z,"Fresh Kills, Upper",18,PR,0.0,0.15,39.81,0.81,0.1,False
2026-09-15T01:22:10Z,Gerritsen Creek,19,RK,0.0,0.4,7.9,1.07,0.1,False
2026-09-15T01:22:10Z,"Gowanus Canal, Inner",20,RH,0.0,0.23,15.08,1.09,0.1,False
2026-09-15T01:22:10Z,"Gowanus Canal, Outer",21,RH,0.0,0.46,28.85,0.92,0.1,False
2026-09-15T01:22:10Z,Gravesend Bay,30,OH,0.0,0.1,24.63,0.76,0.1,False
2026-09-15T01:22:10Z,Harlem River,22,WI,0.0,0.5,17.24,0.89,0.1,False
2026-09-15T01:22:10Z,Hendrix Creek,23,26,0.0,0.09,20.52,0.8,0.1,False
2026-09-15T01:22:10Z,Hudson River (Bronx),24,WI,0.0,0.62,4.38,0.79,0.1,False
2026-09-15T01:22:10Z,Hudson River (Manhattan),25,NR,0.0,0.41,8.4,1.16,0.1,False
2026-09-15T01:22:10Z,"Hutchinson River, Lower",26,HP,0.0,0.05,57.81,0.59,0.1,False
2026-09-15T01:22:10Z,Jamaica Bay (Brooklyn),27,26,0.0,1.46,1.43,1.97,0.1,False
2026-09-15T01:22:10Z,Jamaica Bay (Queens),42,JA,0.0,0.74,4.07,0.99,0.1,False
2026-09-15T01:22:10Z,Kill Van Kull,28,PR,0.0,0.44,9.88,1.46,0.1,False
2026-09-15T01:22:10Z,Little Neck Bay,29,TI,0.0,0.46,7.65,1.21,0.1,False
2026-09-15T01:22:10Z,Lower New York Bay,2,OB,0.0,1.3,2.06,1.45,0.1,False
2026-09-15T01:22:10Z,Mill Basin,31,CI,0.0,1.34,1.49,2.39,0.1,False
2026-09-15T01:22:10Z,Newark Bay,32,PR,0.0,0.39,11.52,1.43,0.1,False
2026-09-15T01:22:10Z,"Newtown Creek, Lower",34,NC,0.0,0.3,28.56,0.91,0.1,False
2026-09-15T01:22:10Z,"Newtown Creek, Upper",33,NC,0.0,0.23,49.45,0.78,0.1,False
2026-09-15T01:22:10Z,Paerdegat Basin,35,CI,0.0,0.38,11.25,1.38,0.1,False
2026-09-15T01:22:10Z,Powell Cove,36,TI,0.0,0.9,3.39,1.22,0.1,False
2026-09-15T01:22:10Z,Sheepshead Bay,37,CI,0.0,0.18,12.63,0.83,0.1,False
2026-09-15T01:22:10Z,Shellbank Basin,44,JA,0.0,0.34,10.55,1.15,0.1,False
2026-09-15T01:22:10Z,Spring Creek,38,26,0.0,0.64,11.14,1.08,0.1,False
2026-09-15T01:22:10Z,Thurston Basin,45,JA,0.0,0.05,32.63,0.79,0.1,False
2026-09-15T01:22:10Z,Upper New York Bay,39,OH,0.0,0.34,11.93,1.26,0.1,False
2026-09-15T01:22:10Z,Westchester Creek,40,HP,0.0,0.19,21.55,1.13,0.1,False
2026-09-15T01:22:10Z,Western Long Island Sound,41,HP,0.0,2.0,0.05,0.66,0.1,False
2026-09-15T06:37:22Z,Alley Creek,1,TI,0.0,0.05,37.04,0.62,0.1,False
2026-09-15T06:37:22Z,"Arthur Kill, Lower",3,OB,0.0,0.7,5.22,1.54,0.1,False
2026-09-15T06:37:22Z,"Arthur Kill, Upper",4,OB,0.0,0.1,23.08,0.83,0.1,False
2026-09-15T06:37:22Z,Bergen Basin,43,JA,0.0,0.05,34.41,0.7,0.1,False
2026-09-15T06:37:22Z,Bowery Bay,5,BB,0.0,0.29,11.25,1.06,0.1,False
2026-09-15T06:37:22Z,"Bronx River, Lower",6,HP,0.0,0.05,53.67,0.45,0.1,False
2026-09-15T06:37:22Z,Coney Island Creek,7,CI,0.0,0.05,69.6,0.3,0.1,False
2026-09-15T06:37:22Z,East River (near Steinway Creek),9,BB,0.0,0.54,14.96,0.9,0.1,False
2026-09-15T06:37:22Z,East River (near Throgs Neck),11,TI,0.0,1.0,3.0,1.47,0.1,False
2026-09-15T06:37:22Z,East River (RFK to Whitestone),10,TI,0.0,0.61,5.65,1.3,0.1,False
2026-09-15T06:37:22Z,"East River, Lower",8,NC,0.0,0.8,4.38,1.56,0.1,False
2026-09-15T06:37:22Z,Eastchester Bay,12,HP,0.0,1.53,1.51,1.62,0.1,False
2026-09-15T06:37:22Z,Erie Basin,13,RH,0.0,0.27,13.73,1.16,0.1,False
2026-09-15T06:37:22Z,Flushing Bay,14,BB,0.0,0.19,32.63,0.76,0.1,False
2026-09-15T06:37:22Z,Flushing Creek,15,TI,0.0,0.05,59.69,0.64,0.1,False
2026-09-15T06:37:22Z,Fresh Creek,16,26,0.0,0.05,30.38,0.67,0.1,False
2026-09-15T06:37:22Z,"Fresh Kills, Lower",17,PR,0.0,0.16,20.48,1.05,0.1,False
2026-09-15T06:37:22Z,"Fresh Kills, Upper",18,PR,0.0,0.15,39.81,0.81,0.1,False
2026-09-15T06:37:22Z,Gerritsen Creek,19,RK,0.0,0.4,7.9,1.07,0.1,False
2026-09-15T06:37:22Z,"Gowanus Canal, Inner",20,RH,0.0,0.23,15.08,1.09,0.1,False
2026-09-15T06:37:22Z,"Gowanus Canal, Outer",21,RH,0.0,0.46,28.85,0.92,0.1,False
2026-09-15T06:37:22Z,Gravesend Bay,30,OH,0.0,0.1,24.63,0.76,0.1,False
2026-09-15T06:37:22Z,Harlem River,22,WI,0.0,0.5,17.24,0.89,0.1,False
2026-09-15T06:37:22Z,Hendrix Creek,23,26,0.0,0.09,20.52,0.8,0.1,False
2026-09-15T06:37:22Z,Hudson River (Bronx),24,WI,0.0,0.62,4.38,0.79,0.1,False
2026-09-15T06:37:22Z,Hudson River (Manhattan),25,NR,0.0,0.41,8.4,1.16,0.1,False
2026-09-15T06:37:22Z,"Hutchinson River, Lower",26,HP,0.0,0.05,57.81,0.59,0.1,False
2026-09-15T06:37:22Z,Jamaica Bay (Brooklyn),27,26,0.0,1.46,1.43,1.97,0.1,False
2026-09-15T06:37:22Z,Jamaica Bay (Queens),42,JA,0.0,0.74,4.07,0.99,0.1,False
2026-09-15T06:37:22Z,Kill Van Kull,28,PR,0.0,0.44,9.88,1.46,0.1,False
2026-09-15T06:37:22Z,Little Neck Bay,29,TI,0.0,0.46,7.65,1.21,0.1,False
2026-09-15T06:37:22Z,Lower New York Bay,2,OB,0.0,1.3,2.06,1.45,0.1,False
2026-09-15T06:37:22Z,Mill Basin,31,CI,0.0,1.34,1.49,2.39,0.1,False
2026-09-15T06:37:22Z,Newark Bay,32,PR,0.0,0.39,11.52,1.43,0.1,False
2026-09-15T06:37:22Z,"Newtown Creek, Lower",34,NC,0.0,0.3,28.56,0.91,0.1,False
2026-09-15T06:37:22Z,"Newtown Creek, Upper",33,NC,0.0,0.23,49.45,0.78,0.1,False
2026-09-15T06:37:22Z,Paerdegat Basin,35,CI,0.0,0.38,11.25,1.38,0.1,False
2026-09-15T06:37:22Z,Powell Cove,36,TI,0.0,0.9,3.39,1.22,0.1,False
2026-09-15T06:37:22Z,Sheepshead Bay,37,CI,0.0,0.18,12.63,0.83,0.1,False
2026-09-15T06:37:22Z,Shellbank Basin,44,JA,0.0,0.34,10.55,1.15,0.1,False
2026-09-15T06:37:22Z,Spring Creek,38,26,0.0,0.64,11.14,1.08,0.1,False
2026-09-15T06:37:22Z,Thurston Basin,45,JA,0.0,0.05,32.63,0.79,0.1,False
2026-09-15T06:37:22Z,Upper New York Bay,39,OH,0.0,0.34,11.93,1.26,0.1,False
2026-09-15T06:37:22Z,Westchester Creek,40,HP,0.0,0.19,21.55,1.13,0.1,False
2026-09-15T06:37:22Z,Western Long Island Sound,41,HP,0.0,2.0,0.05,0.66,0.1,False
2026-09-15T12:37:17Z,Alley Creek,1,TI,0.0,0.05,37.04,0.62,0.1,False
2026-09-15T12:37:17Z,"Arthur Kill, Lower",3,OB,0.0,0.7,5.22,1.54,0.1,False
2026-09-15T12:37:17Z,"Arthur Kill, Upper",4,OB,0.0,0.1,23.08,0.83,0.1,False
2026-09-15T12:37:17Z,Bergen Basin,43,JA,0.0,0.05,34.41,0.7,0.1,False
2026-09-15T12:37:17Z,Bowery Bay,5,BB,0.0,0.29,11.25,1.06,0.1,False
2026-09-15T12:37:17Z,"Bronx River, Lower",6,HP,0.0,0.05,53.67,0.45,0.1,False
2026-09-15T12:37:17Z,Coney Island Creek,7,CI,0.0,0.05,69.6,0.3,0.1,False
2026-09-15T12:37:17Z,East River (near Steinway Creek),9,BB,0.0,0.54,14.96,0.9,0.1,False
2026-09-15T12:37:17Z,East River (near Throgs Neck),11,TI,0.0,1.0,3.0,1.47,0.1,False
2026-09-15T12:37:17Z,East River (RFK to Whitestone),10,TI,0.0,0.61,5.65,1.3,0.1,False
2026-09-15T12:37:17Z,"East River, Lower",8,NC,0.0,0.8,4.38,1.56,0.1,False
2026-09-15T12:37:17Z,Eastchester Bay,12,HP,0.0,1.53,1.51,1.62,0.1,False
2026-09-15T12:37:17Z,Erie Basin,13,RH,0.0,0.27,13.73,1.16,0.1,False
2026-09-15T12:37:17Z,Flushing Bay,14,BB,0.0,0.19,32.63,0.76,0.1,False
2026-09-15T12:37:17Z,Flushing Creek,15,TI,0.0,0.05,59.69,0.64,0.1,False
2026-09-15T12:37:17Z,Fresh Creek,16,26,0.0,0.05,30.38,0.67,0.1,False
2026-09-15T12:37:17Z,"Fresh Kills, Lower",17,PR,0.0,0.16,20.48,1.05,0.1,False
2026-09-15T12:37:17Z,"Fresh Kills, Upper",18,PR,0.0,0.15,39.81,0.81,0.1,False
2026-09-15T12:37:17Z,Gerritsen Creek,19,RK,0.0,0.4,7.9,1.07,0.1,False
2026-09-15T12:37:17Z,"Gowanus Canal, Inner",20,RH,0.0,0.23,15.08,1.09,0.1,False
2026-09-15T12:37:17Z,"Gowanus Canal, Outer",21,RH,0.0,0.46,28.85,0.92,0.1,False
2026-09-15T12:37:17Z,Gravesend Bay,30,OH,0.0,0.1,24.63,0.76,0.1,False
2026-09-15T12:37:17Z,Harlem River,22,WI,0.0,0.5,17.24,0.89,0.1,False
2026-09-15T12:37:17Z,Hendrix Creek,23,26,0.0,0.09,20.52,0.8,0.1,False
2026-09-15T12:37:17Z,Hudson River (Bronx),24,WI,0.0,0.62,4.38,0.79,0.1,False
2026-09-15T12:37:17Z,Hudson River (Manhattan),25,NR,0.0,0.41,8.4,1.16,0.1,False
2026-09-15T12:37:17Z,"Hutchinson River, Lower",26,HP,0.0,0.05,57.81,0.59,0.1,False
2026-09-15T12:37:17Z,Jamaica Bay (Brooklyn),27,26,0.0,1.46,1.43,1.97,0.1,False
2026-09-15T12:37:17Z,Jamaica Bay (Queens),42,JA,0.0,0.74,4.07,0.99,0.1,False
2026-09-15T12:37:17Z,Kill Van Kull,28,PR,0.0,0.44,9.88,1.46,0.1,False
2026-09-15T12:37:17Z,Little Neck Bay,29,TI,0.0,0.46,7.65,1.21,0.1,False
2026-09-15T12:37:17Z,Lower New York Bay,2,OB,0.0,1.3,2.06,1.45,0.1,False
2026-09-15T12:37:17Z,Mill Basin,31,CI,0.0,1.34,1.49,2.39,0.1,False
2026-09-15T12:37:17Z,Newark Bay,32,PR,0.0,0.39,11.52,1.43,0.1,False
2026-09-15T12:37:17Z,"Newtown Creek, Lower",34,NC,0.0,0.3,28.56,0.91,0.1,False
2026-09-15T12:37:17Z,"Newtown Creek, Upper",33,NC,0.0,0.23,49.45,0.78,0.1,False
2026-09-15T12:37:17Z,Paerdegat Basin,35,CI,0.0,0.38,11.25,1.38,0.1,False
2026-09-15T12:37:17Z,Powell Cove,36,TI,0.0,0.9,3.39,1.22,0.1,False
2026-09-15T12:37:17Z,Sheepshead Bay,37,CI,0.0,0.18,12.63,0.83,0.1,False
2026-09-15T12:37:17Z,Shellbank Basin,44,JA,0.0,0.34,10.55,1.15,0.1,False
2026-09-15T12:37:17Z,Spring Creek,38,26,0.0,0.64,11.14,1.08,0.1,False
2026-09-15T12:37:17Z,Thurston Basin,45,JA,0.0,0.05,32.63,0.79,0.1,False
2026-09-15T12:37:17Z,Upper New York Bay,39,OH,0.0,0.34,11.93,1.26,0.1,False
2026-09-15T12:37:17Z,Westchester Creek,40,HP,0.0,0.19,21.55,1.13,0.1,False
2026-09-15T12:37:17Z,Western Long Island Sound,41,HP,0.0,2.0,0.05,0.66,0.1,False
2026-09-15T17:38:13Z,Alley Creek,1,TI,0.0,0.05,37.04,0.62,0.1,False
2026-09-15T17:38:13Z,"Arthur Kill, Lower",3,OB,0.0,0.7,5.22,1.54,0.1,False
2026-09-15T17:38:13Z,"Arthur Kill, Upper",4,OB,0.0,0.1,23.08,0.83,0.1,False
2026-09-15T17:38:13Z,Bergen Basin,43,JA,0.0,0.05,34.41,0.7,0.1,False
2026-09-15T17:38:13Z,Bowery Bay,5,BB,0.0,0.29,11.25,1.06,0.1,False
2026-09-15T17:38:13Z,"Bronx River, Lower",6,HP,0.0,0.05,53.67,0.45,0.1,False
2026-09-15T17:38:13Z,Coney Island Creek,7,CI,0.0,0.05,69.6,0.3,0.1,False
2026-09-15T17:38:13Z,East River (near Steinway Creek),9,BB,0.0,0.54,14.96,0.9,0.1,False
2026-09-15T17:38:13Z,East River (near Throgs Neck),11,TI,0.0,1.0,3.0,1.47,0.1,False
2026-09-15T17:38:13Z,East River (RFK to Whitestone),10,TI,0.0,0.61,5.65,1.3,0.1,False
2026-09-15T17:38:13Z,"East River, Lower",8,NC,0.0,0.8,4.38,1.56,0.1,False
2026-09-15T17:38:13Z,Eastchester Bay,12,HP,0.0,1.53,1.51,1.62,0.1,False
2026-09-15T17:38:13Z,Erie Basin,13,RH,0.0,0.27,13.73,1.16,0.1,False
2026-09-15T17:38:13Z,Flushing Bay,14,BB,0.0,0.19,32.63,0.76,0.1,False
2026-09-15T17:38:13Z,Flushing Creek,15,TI,0.0,0.05,59.69,0.64,0.1,False
2026-09-15T17:38:13Z,Fresh Creek,16,26,0.0,0.05,30.38,0.67,0.1,False
2026-09-15T17:38:13Z,"Fresh Kills, Lower",17,PR,0.0,0.16,20.48,1.05,0.1,False
2026-09-15T17:38:13Z,"Fresh Kills, Upper",18,PR,0.0,0.15,39.81,0.81,0.1,False
2026-09-15T17:38:13Z,Gerritsen Creek,19,RK,0.0,0.4,7.9,1.07,0.1,False
2026-09-15T17:38:13Z,"Gowanus Canal, Inner",20,RH,0.0,0.23,15.08,1.09,0.1,False
2026-09-15T17:38:13Z,"Gowanus Canal, Outer",21,RH,0.0,0.46,28.85,0.92,0.1,False
2026-09-15T17:38:13Z,Gravesend Bay,30,OH,0.0,0.1,24.63,0.76,0.1,False
2026-09-15T17:38:13Z,Harlem River,22,WI,0.0,0.5,17.24,0.89,0.1,False
2026-09-15T17:38:13Z,Hendrix Creek,23,26,0.0,0.09,20.52,0.8,0.1,False
2026-09-15T17:38:13Z,Hudson River (Bronx),24,WI,0.0,0.62,4.38,0.79,0.1,False
2026-09-15T17:38:13Z,Hudson River (Manhattan),25,NR,0.0,0.41,8.4,1.16,0.1,False
2026-09-15T17:38:13Z,"Hutchinson River, Lower",26,HP,0.0,0.05,57.81,0.59,0.1,False
2026-09-15T17:38:13Z,Jamaica Bay (Brooklyn),27,26,0.0,1.46,1.43,1.97,0.1,False
2026-09-15T17:38:13Z,Jamaica Bay (Queens),42,JA,0.0,0.74,4.07,0.99,0.1,False
2026-09-15T17:38:13Z,Kill Van Kull,28,PR,0.0,0.44,9.88,1.46,0.1,False
2026-09-15T17:38:13Z,Little Neck Bay,29,TI,0.0,0.46,7.65,1.21,0.1,False
2026-09-15T17:38:13Z,Lower New York Bay,2,OB,0.0,1.3,2.06,1.45,0.1,False
2026-09-15T17:38:13Z,Mill Basin,31,CI,0.0,1.34,1.49,2.39,0.1,False
2026-09-15T17:38:13Z,Newark Bay,32,PR,0.0,0.39,11.52,1.43,0.1,False
2026-09-15T17:38:13Z,"Newtown Creek, Lower",34,NC,0.0,0.3,28.56,0.91,0.1,False
2026-09-15T17:38:13Z,"Newtown Creek, Upper",33,NC,0.0,0.23,49.45,0.78,0.1,False
2026-09-15T17:38:13Z,Paerdegat Basin,35,CI,0.0,0.38,11.25,1.38,0.1,False
2026-09-15T17:38:13Z,Powell Cove,36,TI,0.0,0.9,3.39,1.22,0.1,False
2026-09-15T17:38:13Z,Sheepshead Bay,37,CI,0.0,0.18,12.63,0.83,0.1,False
2026-09-15T17:38:13Z,Shellbank Basin,44,JA,0.0,0.34,10.55,1.15,0.1,False
2026-09-15T17:38:13Z,Spring Creek,38,26,0.0,0.64,11.14,1.08,0.1,False
2026-09-15T17:38:13Z,Thurston Basin,45,JA,0.0,0.05,32.63,0.79,0.1,False
2026-09-15T17:38:13Z,Upper New York Bay,39,OH,0.0,0.34,11.93,1.26,0.1,False
2026-09-15T17:38:13Z,Westchester Creek,40,HP,0.0,0.19,21.55,1.13,0.1,False
2026-09-15T17:38:13Z,Western Long Island Sound,41,HP,0.0,2.0,0.05,0.66,0.1,False
2026-09-15T21:14:22Z,Alley Creek,1,TI,0.0,0.05,37.04,0.62,0.1,False
2026-09-15T21:14:22Z,"Arthur Kill, Lower",3,OB,0.0,0.7,5.22,1.54,0.1,False
2026-09-15T21:14:22Z,"Arthur Kill, Upper",4,OB,0.0,0.1,23.08,0.83,0.1,False
2026-09-15T21:14:22Z,Bergen Basin,43,JA,0.0,0.05,34.41,0.7,0.1,False
2026-09-15T21:14:22Z,Bowery Bay,5,BB,0.0,0.29,11.25,1.06,0.1,False
2026-09-15T21:14:22Z,"Bronx River, Lower",6,HP,0.0,0.05,53.67,0.45,0.1,False
2026-09-15T21:14:22Z,Coney Island Creek,7,CI,0.0,0.05,69.6,0.3,0.1,False
2026-09-15T21:14:22Z,East River (near Steinway Creek),9,BB,0.0,0.54,14.96,0.9,0.1,False
2026-09-15T21:14:22Z,East River (near Throgs Neck),11,TI,0.0,1.0,3.0,1.47,0.1,False
2026-09-15T21:14:22Z,East River (RFK to Whitestone),10,TI,0.0,0.61,5.65,1.3,0.1,False
2026-09-15T21:14:22Z,"East River, Lower",8,NC,0.0,0.8,4.38,1.56,0.1,False
2026-09-15T21:14:22Z,Eastchester Bay,12,HP,0.0,1.53,1.51,1.62,0.1,False
2026-09-15T21:14:22Z,Erie Basin,13,RH,0.0,0.27,13.73,1.16,0.1,False
2026-09-15T21:14:22Z,Flushing Bay,14,BB,0.0,0.19,32.63,0.76,0.1,False
2026-09-15T21:14:22Z,Flushing Creek,15,TI,0.0,0.05,59.69,0.64,0.1,False
2026-09-15T21:14:22Z,Fresh Creek,16,26,0.0,0.05,30.38,0.67,0.1,False
2026-09-15T21:14:22Z,"Fresh Kills, Lower",17,PR,0.0,0.16,20.48,1.05,0.1,False
2026-09-15T21:14:22Z,"Fresh Kills, Upper",18,PR,0.0,0.15,39.81,0.81,0.1,False
2026-09-15T21:14:22Z,Gerritsen Creek,19,RK,0.0,0.4,7.9,1.07,0.1,False
2026-09-15T21:14:22Z,"Gowanus Canal, Inner",20,RH,0.0,0.23,15.08,1.09,0.1,False
2026-09-15T21:14:22Z,"Gowanus Canal, Outer",21,RH,0.0,0.46,28.85,0.92,0.1,False
2026-09-15T21:14:22Z,Gravesend Bay,30,OH,0.0,0.1,24.63,0.76,0.1,False
2026-09-15T21:14:22Z,Harlem River,22,WI,0.0,0.5,17.24,0.89,0.1,False
2026-09-15T21:14:22Z,Hendrix Creek,23,26,0.0,0.09,20.52,0.8,0.1,False
2026-09-15T21:14:22Z,Hudson River (Bronx),24,WI,0.0,0.62,4.38,0.79,0.1,False
2026-09-15T21:14:22Z,Hudson River (Manhattan),25,NR,0.0,0.41,8.4,1.16,0.1,False
2026-09-15T21:14:22Z,"Hutchinson River, Lower",26,HP,0.0,0.05,57.81,0.59,0.1,False
2026-09-15T21:14:22Z,Jamaica Bay (Brooklyn),27,26,0.0,1.46,1.43,1.97,0.1,False
2026-09-15T21:14:22Z,Jamaica Bay (Queens),42,JA,0.0,0.74,4.07,0.99,0.1,False
2026-09-15T21:14:22Z,Kill Van Kull,28,PR,0.0,0.44,9.88,1.46,0.1,False
2026-09-15T21:14:22Z,Little Neck Bay,29,TI,0.0,0.46,7.65,1.21,0.1,False
2026-09-15T21:14:22Z,Lower New York Bay,2,OB,0.0,1.3,2.06,1.45,0.1,False
2026-09-15T21:14:22Z,Mill Basin,31,CI,0.0,1.34,1.49,2.39,0.1,False
2026-09-15T21:14:22Z,Newark Bay,32,PR,0.0,0.39,11.52,1.43,0.1,False
2026-09-15T21:14:22Z,"Newtown Creek, Lower",34,NC,0.0,0.3,28.56,0.91,0.1,False
2026-09-15T21:14:22Z,"Newtown Creek, Upper",33,NC,0.0,0.23,49.45,0.78,0.1,False
2026-09-15T21:14:22Z,Paerdegat Basin,35,CI,0.0,0.38,11.25,1.38,0.1,False
2026-09-15T21:14:22Z,Powell Cove,36,TI,0.0,0.9,3.39,1.22,0.1,False
2026-09-15T21:14:22Z,Sheepshead Bay,37,CI,0.0,0.18,12.63,0.83,0.1,False
2026-09-15T21:14:22Z,Shellbank Basin,44,JA,0.0,0.34,10.55,1.15,0.1,False
2026-09-15T21:14:22Z,Spring Creek,38,26,0.0,0.64,11.14,1.08,0.1,False
2026-09-15T21:14:22Z,Thurston Basin,45,JA,0.0,0.05,32.63,0.79,0.1,False
2026-09-15T21:14:22Z,Upper New York Bay,39,OH,0.0,0.34,11.93,1.26,0.1,False
2026-09-15T21:14:22Z,Westchester Creek,40,HP,0.0,0.19,21.55,1.13,0.1,False
2026-09-15T21:14:22Z,Western Long Island Sound,41,HP,0.0,2.0,0.05,0.66,0.1,False
2026-09-15T23:38:48Z,Alley Creek,1,TI,0.0,0.05,37.04,0.62,0.1,False
2026-09-15T23:38:48Z,"Arthur Kill, Lower",3,OB,0.0,0.7,5.22,1.54,0.1,False
2026-09-15T23:38:48Z,"Arthur Kill, Upper",4,OB,0.0,0.1,23.08,0.83,0.1,False
2026-09-15T23:38:48Z,Bergen Basin,43,JA,0.0,0.05,34.41,0.7,0.1,False
2026-09-15T23:38:48Z,Bowery Bay,5,BB,0.0,0.29,11.25,1.06,0.1,False
2026-09-15T23:38:48Z,"Bronx River, Lower",6,HP,0.0,0.05,53.67,0.45,0.1,False
2026-09-15T23:38:48Z,Coney Island Creek,7,CI,0.0,0.05,69.6,0.3,0.1,False
2026-09-15T23:38:48Z,East River (near Steinway Creek),9,BB,0.0,0.54,14.96,0.9,0.1,False
2026-09-15T23:38:48Z,East River (near Throgs Neck),11,TI,0.0,1.0,3.0,1.47,0.1,False
2026-09-15T23:38:48Z,East River (RFK to Whitestone),10,TI,0.0,0.61,5.65,1.3,0.1,False
2026-09-15T23:38:48Z,"East River, Lower",8,NC,0.0,0.8,4.38,1.56,0.1,False
2026-09-15T23:38:48Z,Eastchester Bay,12,HP,0.0,1.53,1.51,1.62,0.1,False
2026-09-15T23:38:48Z,Erie Basin,13,RH,0.0,0.27,13.73,1.16,0.1,False
2026-09-15T23:38:48Z,Flushing Bay,14,BB,0.0,0.19,32.63,0.76,0.1,False
2026-09-15T23:38:48Z,Flushing Creek,15,TI,0.0,0.05,59.69,0.64,0.1,False
2026-09-15T23:38:48Z,Fresh Creek,16,26,0.0,0.05,30.38,0.67,0.1,False
2026-09-15T23:38:48Z,"Fresh Kills, Lower",17,PR,0.0,0.16,20.48,1.05,0.1,False
2026-09-15T23:38:48Z,"Fresh Kills, Upper",18,PR,0.0,0.15,39.81,0.81,0.1,False
2026-09-15T23:38:48Z,Gerritsen Creek,19,RK,0.0,0.4,7.9,1.07,0.1,False
2026-09-15T23:38:48Z,"Gowanus Canal, Inner",20,RH,0.0,0.23,15.08,1.09,0.1,False
2026-09-15T23:38:48Z,"Gowanus Canal, Outer",21,RH,0.0,0.46,28.85,0.92,0.1,False
2026-09-15T23:38:48Z,Gravesend Bay,30,OH,0.0,0.1,24.63,0.76,0.1,False
2026-09-15T23:38:48Z,Harlem River,22,WI,0.0,0.5,17.24,0.89,0.1,False
2026-09-15T23:38:48Z,Hendrix Creek,23,26,0.0,0.09,20.52,0.8,0.1,False
2026-09-15T23:38:48Z,Hudson River (Bronx),24,WI,0.0,0.62,4.38,0.79,0.1,False
2026-09-15T23:38:48Z,Hudson River (Manhattan),25,NR,0.0,0.41,8.4,1.16,0.1,False
2026-09-15T23:38:48Z,"Hutchinson River, Lower",26,HP,0.0,0.05,57.81,0.59,0.1,False
2026-09-15T23:38:48Z,Jamaica Bay (Brooklyn),27,26,0.0,1.46,1.43,1.97,0.1,False
2026-09-15T23:38:48Z,Jamaica Bay (Queens),42,JA,0.0,0.74,4.07,0.99,0.1,False
2026-09-15T23:38:48Z,Kill Van Kull,28,PR,0.0,0.44,9.88,1.46,0.1,False
2026-09-15T23:38:48Z,Little Neck Bay,29,TI,0.0,0.46,7.65,1.21,0.1,False
2026-09-15T23:38:48Z,Lower New York Bay,2,OB,0.0,1.3,2.06,1.45,0.1,False
2026-09-15T23:38:48Z,Mill Basin,31,CI,0.0,1.34,1.49,2.39,0.1,False
2026-09-15T23:38:48Z,Newark Bay,32,PR,0.0,0.39,11.52,1.43,0.1,False
2026-09-15T23:38:48Z,"Newtown Creek, Lower",34,NC,0.0,0.3,28.56,0.91,0.1,False
2026-09-15T23:38:48Z,"Newtown Creek, Upper",33,NC,0.0,0.23,49.45,0.78,0.1,False
2026-09-15T23:38:48Z,Paerdegat Basin,35,CI,0.0,0.38,11.25,1.38,0.1,False
2026-09-15T23:38:48Z,Powell Cove,36,TI,0.0,0.9,3.39,1.22,0.1,False
2026-09-15T23:38:48Z,Sheepshead Bay,37,CI,0.0,0.18,12.63,0.83,0.1,False
2026-09-15T23:38:48Z,Shellbank Basin,44,JA,0.0,0.34,10.55,1.15,0.1,False
2026-09-15T23:38:48Z,Spring Creek,38,26,0.0,0.64,11.14,1.08,0.1,False
2026-09-15T23:38:48Z,Thurston Basin,45,JA,0.0,0.05,32.63,0.79,0.1,False
2026-09-15T23:38:48Z,Upper New York Bay,39,OH,0.0,0.34,11.93,1.26,0.1,False
2026-09-15T23:38:48Z,Westchester Creek,40,HP,0.0,0.19,21.55,1.13,0.1,False
2026-09-15T23:38:48Z,Western Long Island Sound,41,HP,0.0,2.0,0.05,0.66,0.1,False
2026-09-16T04:40:40Z,Alley Creek,1,TI,0.0,0.05,37.04,0.62,0.1,False
2026-09-16T04:40:40Z,"Arthur Kill, Lower",3,OB,0.0,0.7,5.22,1.54,0.1,False
2026-09-16T04:40:40Z,"Arthur Kill, Upper",4,OB,0.0,0.1,23.08,0.83,0.1,False
2026-09-16T04:40:40Z,Bergen Basin,43,JA,0.0,0.05,34.41,0.7,0.1,False
2026-09-16T04:40:40Z,Bowery Bay,5,BB,0.0,0.29,11.25,1.06,0.1,False
2026-09-16T04:40:40Z,"Bronx River, Lower",6,HP,0.0,0.05,53.67,0.45,0.1,False
2026-09-16T04:40:40Z,Coney Island Creek,7,CI,0.0,0.05,69.6,0.3,0.1,False
2026-09-16T04:40:40Z,East River (near Steinway Creek),9,BB,0.0,0.54,14.96,0.9,0.1,False
2026-09-16T04:40:40Z,East River (near Throgs Neck),11,TI,0.0,1.0,3.0,1.47,0.1,False
2026-09-16T04:40:40Z,East River (RFK to Whitestone),10,TI,0.0,0.61,5.65,1.3,0.1,False
2026-09-16T04:40:40Z,"East River, Lower",8,NC,0.0,0.8,4.38,1.56,0.1,False
2026-09-16T04:40:40Z,Eastchester Bay,12,HP,0.0,1.53,1.51,1.62,0.1,False
2026-09-16T04:40:40Z,Erie Basin,13,RH,0.0,0.27,13.73,1.16,0.1,False
2026-09-16T04:40:40Z,Flushing Bay,14,BB,0.0,0.19,32.63,0.76,0.1,False
2026-09-16T04:40:40Z,Flushing Creek,15,TI,0.0,0.05,59.69,0.64,0.1,False
2026-09-16T04:40:40Z,Fresh Creek,16,26,0.0,0.05,30.38,0.67,0.1,False
2026-09-16T04:40:40Z,"Fresh Kills, Lower",17,PR,0.0,0.16,20.48,1.05,0.1,False
2026-09-16T04:40:40Z,"Fresh Kills, Upper",18,PR,0.0,0.15,39.81,0.81,0.1,False
2026-09-16T04:40:40Z,Gerritsen Creek,19,RK,0.0,0.4,7.9,1.07,0.1,False
2026-09-16T04:40:40Z,"Gowanus Canal, Inner",20,RH,0.0,0.23,15.08,1.09,0.1,False
2026-09-16T04:40:40Z,"Gowanus Canal, Outer",21,RH,0.0,0.46,28.85,0.92,0.1,False
2026-09-16T04:40:40Z,Gravesend Bay,30,OH,0.0,0.1,24.63,0.76,0.1,False
2026-09-16T04:40:40Z,Harlem River,22,WI,0.0,0.5,17.24,0.89,0.1,False
2026-09-16T04:40:40Z,Hendrix Creek,23,26,0.0,0.09,20.52,0.8,0.1,False
2026-09-16T04:40:40Z,Hudson River (Bronx),24,WI,0.0,0.62,4.38,0.79,0.1,False
2026-09-16T04:40:40Z,Hudson River (Manhattan),25,NR,0.0,0.41,8.4,1.16,0.1,False
2026-09-16T04:40:40Z,"Hutchinson River, Lower",26,HP,0.0,0.05,57.81,0.59,0.1,False
2026-09-16T04:40:40Z,Jamaica Bay (Brooklyn),27,26,0.0,1.46,1.43,1.97,0.1,False
2026-09-16T04:40:40Z,Jamaica Bay (Queens),42,JA,0.0,0.74,4.07,0.99,0.1,False
2026-09-16T04:40:40Z,Kill Van Kull,28,PR,0.0,0.44,9.88,1.46,0.1,False
2026-09-16T04:40:40Z,Little Neck Bay,29,TI,0.0,0.46,7.65,1.21,0.1,False
2026-09-16T04:40:40Z,Lower New York Bay,2,OB,0.0,1.3,2.06,1.45,0.1,False
2026-09-16T04:40:40Z,Mill Basin,31,CI,0.0,1.34,1.49,2.39,0.1,False
2026-09-16T04:40:40Z,Newark Bay,32,PR,0.0,0.39,11.52,1.43,0.1,False
2026-09-16T04:40:40Z,"Newtown Creek, Lower",34,NC,0.0,0.3,28.56,0.91,0.1,False
2026-09-16T04:40:40Z,"Newtown Creek, Upper",33,NC,0.0,0.23,49.45,0.78,0.1,False
2026-09-16T04:40:40Z,Paerdegat Basin,35,CI,0.0,0.38,11.25,1.38,0.1,False
2026-09-16T04:40:40Z,Powell Cove,36,TI,0.0,0.9,3.39,1.22,0.1,False
2026-09-16T04:40:40Z,Sheepshead Bay,37,CI,0.0,0.18,12.63,0.83,0.1,False
2026-09-16T04:40:40Z,Shellbank Basin,44,JA,0.0,0.34,10.55,1.15,0.1,False
2026-09-16T04:40:40Z,Spring Creek,38,26,0.0,0.64,11.14,1.08,0.1,False
2026-09-16T04:40:40Z,Thurston Basin,45,JA,0.0,0.05,32.63,0.79,0.1,False
2026-09-16T04:40:40Z,Upper New York Bay,39,OH,0.0,0.34,11.93,1.26,0.1,False
2026-09-16T04:40:40Z,Westchester Creek,40,HP,0.0,0.19,21.55,1.13,0.1,False
2026-09-16T04:40:40Z,Western Long Island Sound,41,HP,0.0,2.0,0.05,0.66,0.1,False
2026-09-16T09:50:46Z,Alley Creek,1,TI,0.0,0.05,37.04,0.62,0.1,False
2026-09-16T09:50:46Z,"Arthur Kill, Lower",3,OB,0.0,0.7,5.22,1.54,0.1,False
2026-09-16T09:50:46Z,"Arthur Kill, Upper",4,OB,0.0,0.1,23.08,0.83,0.1,False
2026-09-16T09:50:46Z,Bergen Basin,43,JA,0.0,0.05,34.41,0.7,0.1,False
2026-09-16T09:50:46Z,Bowery Bay,5,BB,0.0,0.29,11.25,1.06,0.1,False
2026-09-16T09:50:46Z,"Bronx River, Lower",6,HP,0.0,0.05,53.67,0.45,0.1,False
2026-09-16T09:50:46Z,Coney Island Creek,7,CI,0.0,0.05,69.6,0.3,0.1,False
2026-09-16T09:50:46Z,East River (near Steinway Creek),9,BB,0.0,0.54,14.96,0.9,0.1,False
2026-09-16T09:50:46Z,East River (near Throgs Neck),11,TI,0.0,1.0,3.0,1.47,0.1,False
2026-09-16T09:50:46Z,East River (RFK to Whitestone),10,TI,0.0,0.61,5.65,1.3,0.1,False
2026-09-16T09:50:46Z,"East River, Lower",8,NC,0.0,0.8,4.38,1.56,0.1,False
2026-09-16T09:50:46Z,Eastchester Bay,12,HP,0.0,1.53,1.51,1.62,0.1,False
2026-09-16T09:50:46Z,Erie Basin,13,RH,0.0,0.27,13.73,1.16,0.1,False
2026-09-16T09:50:46Z,Flushing Bay,14,BB,0.0,0.19,32.63,0.76,0.1,False
2026-09-16T09:50:46Z,Flushing Creek,15,TI,0.0,0.05,59.69,0.64,0.1,False
2026-09-16T09:50:46Z,Fresh Creek,16,26,0.0,0.05,30.38,0.67,0.1,False
2026-09-16T09:50:46Z,"Fresh Kills, Lower",17,PR,0.0,0.16,20.48,1.05,0.1,False
2026-09-16T09:50:46Z,"Fresh Kills, Upper",18,PR,0.0,0.15,39.81,0.81,0.1,False
2026-09-16T09:50:46Z,Gerritsen Creek,19,RK,0.0,0.4,7.9,1.07,0.1,False
2026-09-16T09:50:46Z,"Gowanus Canal, Inner",20,RH,0.0,0.23,15.08,1.09,0.1,False
2026-09-16T09:50:46Z,"Gowanus Canal, Outer",21,RH,0.0,0.46,28.85,0.92,0.1,False
2026-09-16T09:50:46Z,Gravesend Bay,30,OH,0.0,0.1,24.63,0.76,0.1,False
2026-09-16T09:50:46Z,Harlem River,22,WI,0.0,0.5,17.24,0.89,0.1,False
2026-09-16T09:50:46Z,Hendrix Creek,23,26,0.0,0.09,20.52,0.8,0.1,False
2026-09-16T09:50:46Z,Hudson River (Bronx),24,WI,0.0,0.62,4.38,0.79,0.1,False
2026-09-16T09:50:46Z,Hudson River (Manhattan),25,NR,0.0,0.41,8.4,1.16,0.1,False
2026-09-16T09:50:46Z,"Hutchinson River, Lower",26,HP,0.0,0.05,57.81,0.59,0.1,False
2026-09-16T09:50:46Z,Jamaica Bay (Brooklyn),27,26,0.0,1.46,1.43,1.97,0.1,False
2026-09-16T09:50:46Z,Jamaica Bay (Queens),42,JA,0.0,0.74,4.07,0.99,0.1,False
2026-09-16T09:50:46Z,Kill Van Kull,28,PR,0.0,0.44,9.88,1.46,0.1,False
2026-09-16T09:50:46Z,Little Neck Bay,29,TI,0.0,0.46,7.65,1.21,0.1,False
2026-09-16T09:50:46Z,Lower New York Bay,2,OB,0.0,1.3,2.06,1.45,0.1,False
2026-09-16T09:50:46Z,Mill Basin,31,CI,0.0,1.34,1.49,2.39,0.1,False
2026-09-16T09:50:46Z,Newark Bay,32,PR,0.0,0.39,11.52,1.43,0.1,False
2026-09-16T09:50:46Z,"Newtown Creek, Lower",34,NC,0.0,0.3,28.56,0.91,0.1,False
2026-09-16T09:50:46Z,"Newtown Creek, Upper",33,NC,0.0,0.23,49.45,0.78,0.1,False
2026-09-16T09:50:46Z,Paerdegat Basin,35,CI,0.0,0.38,11.25,1.38,0.1,False
2026-09-16T09:50:46Z,Powell Cove,36,TI,0.0,0.9,3.39,1.22,0.1,False
2026-09-16T09:50:46Z,Sheepshead Bay,37,CI,0.0,0.18,12.63,0.83,0.1,False
2026-09-16T09:50:46Z,Shellbank Basin,44,JA,0.0,0.34,10.55,1.15,0.1,False
2026-09-16T09:50:46Z,Spring Creek,38,26,0.0,0.64,11.14,1.08,0.1,False
2026-09-16T09:50:46Z,Thurston Basin,45,JA,0.0,0.05,32.63,0.79,0.1,False
2026-09-16T09:50:46Z,Upper New York Bay,39,OH,0.0,0.34,11.93,1.26,0.1,False
2026-09-16T09:50:46Z,Westchester Creek,40,HP,0.0,0.19,21.55,1.13,0.1,False
2026-09-16T09:50:46Z,Western Long Island Sound,41,HP,0.0,2.0,0.05,0.66,0.1,False
2026-09-16T14:50:17Z,Alley Creek,1,TI,0.0,0.05,37.04,0.62,0.1,False
2026-09-16T14:50:17Z,"Arthur Kill, Lower",3,OB,0.0,0.7,5.22,1.54,0.1,False
2026-09-16T14:50:17Z,"Arthur Kill, Upper",4,OB,0.0,0.1,23.08,0.83,0.1,False
2026-09-16T14:50:17Z,Bergen Basin,43,JA,0.0,0.05,34.41,0.7,0.1,False
2026-09-16T14:50:17Z,Bowery Bay,5,BB,0.0,0.29,11.25,1.06,0.1,False
2026-09-16T14:50:17Z,"Bronx River, Lower",6,HP,0.0,0.05,53.67,0.45,0.1,False
2026-09-16T14:50:17Z,Coney Island Creek,7,CI,0.0,0.05,69.6,0.3,0.1,False
2026-09-16T14:50:17Z,East River (near Steinway Creek),9,BB,0.0,0.54,14.96,0.9,0.1,False
2026-09-16T14:50:17Z,East River (near Throgs Neck),11,TI,0.0,1.0,3.0,1.47,0.1,False
2026-09-16T14:50:17Z,East River (RFK to Whitestone),10,TI,0.0,0.61,5.65,1.3,0.1,False
2026-09-16T14:50:17Z,"East River, Lower",8,NC,0.0,0.8,4.38,1.56,0.1,False
2026-09-16T14:50:17Z,Eastchester Bay,12,HP,0.0,1.53,1.51,1.62,0.1,False
2026-09-16T14:50:17Z,Erie Basin,13,RH,0.0,0.27,13.73,1.16,0.1,False
2026-09-16T14:50:17Z,Flushing Bay,14,BB,0.0,0.19,32.63,0.76,0.1,False
2026-09-16T14:50:17Z,Flushing Creek,15,TI,0.0,0.05,59.69,0.64,0.1,False
2026-09-16T14:50:17Z,Fresh Creek,16,26,0.0,0.05,30.38,0.67,0.1,False
2026-09-16T14:50:17Z,"Fresh Kills, Lower",17,PR,0.0,0.16,20.48,1.05,0.1,False
2026-09-16T14:50:17Z,"Fresh Kills, Upper",18,PR,0.0,0.15,39.81,0.81,0.1,False
2026-09-16T14:50:17Z,Gerritsen Creek,19,RK,0.0,0.4,7.9,1.07,0.1,False
2026-09-16T14:50:17Z,"Gowanus Canal, Inner",20,RH,0.0,0.23,15.08,1.09,0.1,False
2026-09-16T14:50:17Z,"Gowanus Canal, Outer",21,RH,0.0,0.46,28.85,0.92,0.1,False
2026-09-16T14:50:17Z,Gravesend Bay,30,OH,0.0,0.1,24.63,0.76,0.1,False
2026-09-16T14:50:17Z,Harlem River,22,WI,0.0,0.5,17.24,0.89,0.1,False
2026-09-16T14:50:17Z,Hendrix Creek,23,26,0.0,0.09,20.52,0.8,0.1,False
2026-09-16T14:50:17Z,Hudson River (Bronx),24,WI,0.0,0.62,4.38,0.79,0.1,False
2026-09-16T14:50:17Z,Hudson River (Manhattan),25,NR,0.0,0.41,8.4,1.16,0.1,False
2026-09-16T14:50:17Z,"Hutchinson River, Lower",26,HP,0.0,0.05,57.81,0.59,0.1,False
2026-09-16T14:50:17Z,Jamaica Bay (Brooklyn),27,26,0.0,1.46,1.43,1.97,0.1,False
2026-09-16T14:50:17Z,Jamaica Bay (Queens),42,JA,0.0,0.74,4.07,0.99,0.1,False
2026-09-16T14:50:17Z,Kill Van Kull,28,PR,0.0,0.44,9.88,1.46,0.1,False
2026-09-16T14:50:17Z,Little Neck Bay,29,TI,0.0,0.46,7.65,1.21,0.1,False
2026-09-16T14:50:17Z,Lower New York Bay,2,OB,0.0,1.3,2.06,1.45,0.1,False
2026-09-16T14:50:17Z,Mill Basin,31,CI,0.0,1.34,1.49,2.39,0.1,False
2026-09-16T14:50:17Z,Newark Bay,32,PR,0.0,0.39,11.52,1.43,0.1,False
2026-09-16T14:50:17Z,"Newtown Creek, Lower",34,NC,0.0,0.3,28.56,0.91,0.1,False
2026-09-16T14:50:17Z,"Newtown Creek, Upper",33,NC,0.0,0.23,49.45,0.78,0.1,False
2026-09-16T14:50:17Z,Paerdegat Basin,35,CI,0.0,0.38,11.25,1.38,0.1,False
2026-09-16T14:50:17Z,Powell Cove,36,TI,0.0,0.9,3.39,1.22,0.1,False
2026-09-16T14:50:17Z,Sheepshead Bay,37,CI,0.0,0.18,12.63,0.83,0.1,False
2026-09-16T14:50:17Z,Shellbank Basin,44,JA,0.0,0.34,10.55,1.15,0.1,False
2026-09-16T14:50:17Z,Spring Creek,38,26,0.0,0.64,11.14,1.08,0.1,False
2026-09-16T14:50:17Z,Thurston Basin,45,JA,0.0,0.05,32.63,0.79,0.1,False
2026-09-16T14:50:17Z,Upper New York Bay,39,OH,0.0,0.34,11.93,1.26,0.1,False
2026-09-16T14:50:17Z,Westchester Creek,40,HP,0.0,0.19,21.55,1.13,0.1,False
2026-09-16T14:50:17Z,Western Long Island Sound,41,HP,0.0,2.0,0.05,0.66,0.1,False
2026-09-16T18:49:51Z,Alley Creek,1,TI,0.0,0.05,37.04,0.62,0.1,False
2026-09-16T18:49:51Z,"Arthur Kill, Lower",3,OB,0.0,0.7,5.22,1.54,0.1,False
2026-09-16T18:49:51Z,"Arthur Kill, Upper",4,OB,0.0,0.1,23.08,0.83,0.1,False
2026-09-16T18:49:51Z,Bergen Basin,43,JA,0.0,0.05,34.41,0.7,0.1,False
2026-09-16T18:49:51Z,Bowery Bay,5,BB,0.0,0.29,11.25,1.06,0.1,False
2026-09-16T18:49:51Z,"Bronx River, Lower",6,HP,0.0,0.05,53.67,0.45,0.1,False
2026-09-16T18:49:51Z,Coney Island Creek,7,CI,0.0,0.05,69.6,0.3,0.1,False
2026-09-16T18:49:51Z,East River (near Steinway Creek),9,BB,0.0,0.54,14.96,0.9,0.1,False
2026-09-16T18:49:51Z,East River (near Throgs Neck),11,TI,0.0,1.0,3.0,1.47,0.1,False
2026-09-16T18:49:51Z,East River (RFK to Whitestone),10,TI,0.0,0.61,5.65,1.3,0.1,False
2026-09-16T18:49:51Z,"East River, Lower",8,NC,0.0,0.8,4.38,1.56,0.1,False
2026-09-16T18:49:51Z,Eastchester Bay,12,HP,0.0,1.53,1.51,1.62,0.1,False
2026-09-16T18:49:51Z,Erie Basin,13,RH,0.0,0.27,13.73,1.16,0.1,False
2026-09-16T18:49:51Z,Flushing Bay,14,BB,0.0,0.19,32.63,0.76,0.1,False
2026-09-16T18:49:51Z,Flushing Creek,15,TI,0.0,0.05,59.69,0.64,0.1,False
2026-09-16T18:49:51Z,Fresh Creek,16,26,0.0,0.05,30.38,0.67,0.1,False
2026-09-16T18:49:51Z,"Fresh Kills, Lower",17,PR,0.0,0.16,20.48,1.05,0.1,False
2026-09-16T18:49:51Z,"Fresh Kills, Upper",18,PR,0.0,0.15,39.81,0.81,0.1,False
2026-09-16T18:49:51Z,Gerritsen Creek,19,RK,0.0,0.4,7.9,1.07,0.1,False
2026-09-16T18:49:51Z,"Gowanus Canal, Inner",20,RH,0.0,0.23,15.08,1.09,0.1,False
2026-09-16T18:49:51Z,"Gowanus Canal, Outer",21,RH,0.0,0.46,28.85,0.92,0.1,False
2026-09-16T18:49:51Z,Gravesend Bay,30,OH,0.0,0.1,24.63,0.76,0.1,False
2026-09-16T18:49:51Z,Harlem River,22,WI,0.0,0.5,17.24,0.89,0.1,False
2026-09-16T18:49:51Z,Hendrix Creek,23,26,0.0,0.09,20.52,0.8,0.1,False
2026-09-16T18:49:51Z,Hudson River (Bronx),24,WI,0.0,0.62,4.38,0.79,0.1,False
2026-09-16T18:49:51Z,Hudson River (Manhattan),25,NR,0.0,0.41,8.4,1.16,0.1,False
2026-09-16T18:49:51Z,"Hutchinson River, Lower",26,HP,0.0,0.05,57.81,0.59,0.1,False
2026-09-16T18:49:51Z,Jamaica Bay (Brooklyn),27,26,0.0,1.46,1.43,1.97,0.1,False
2026-09-16T18:49:51Z,Jamaica Bay (Queens),42,JA,0.0,0.74,4.07,0.99,0.1,False
2026-09-16T18:49:51Z,Kill Van Kull,28,PR,0.0,0.44,9.88,1.46,0.1,False
2026-09-16T18:49:51Z,Little Neck Bay,29,TI,0.0,0.46,7.65,1.21,0.1,False
2026-09-16T18:49:51Z,Lower New York Bay,2,OB,0.0,1.3,2.06,1.45,0.1,False
2026-09-16T18:49:51Z,Mill Basin,31,CI,0.0,1.34,1.49,2.39,0.1,False
2026-09-16T18:49:51Z,Newark Bay,32,PR,0.0,0.39,11.52,1.43,0.1,False
2026-09-16T18:49:51Z,"Newtown Creek, Lower",34,NC,0.0,0.3,28.56,0.91,0.1,False
2026-09-16T18:49:51Z,"Newtown Creek, Upper",33,NC,0.0,0.23,49.45,0.78,0.1,False
2026-09-16T18:49:51Z,Paerdegat Basin,35,CI,0.0,0.38,11.25,1.38,0.1,False
2026-09-16T18:49:51Z,Powell Cove,36,TI,0.0,0.9,3.39,1.22,0.1,False
2026-09-16T18:49:51Z,Sheepshead Bay,37,CI,0.0,0.18,12.63,0.83,0.1,False
2026-09-16T18:49:51Z,Shellbank Basin,44,JA,0.0,0.34,10.55,1.15,0.1,False
2026-09-16T18:49:51Z,Spring Creek,38,26,0.0,0.64,11.14,1.08,0.1,False
2026-09-16T18:49:51Z,Thurston Basin,45,JA,0.0,0.05,32.63,0.79,0.1,False
2026-09-16T18:49:51Z,Upper New York Bay,39,OH,0.0,0.34,11.93,1.26,0.1,False
2026-09-16T18:49:51Z,Westchester Creek,40,HP,0.0,0.19,21.55,1.13,0.1,False
2026-09-16T18:49:51Z,Western Long Island Sound,41,HP,0.0,2.0,0.05,0.66,0.1,False
2026-09-16T22:03:26Z,Alley Creek,1,TI,0.0,0.05,37.04,0.62,0.1,False
2026-09-16T22:03:26Z,"Arthur Kill, Lower",3,OB,0.0,0.7,5.22,1.54,0.1,False
2026-09-16T22:03:26Z,"Arthur Kill, Upper",4,OB,0.0,0.1,23.08,0.83,0.1,False
2026-09-16T22:03:26Z,Bergen Basin,43,JA,0.0,0.05,34.41,0.7,0.1,False
2026-09-16T22:03:26Z,Bowery Bay,5,BB,0.0,0.29,11.25,1.06,0.1,False
2026-09-16T22:03:26Z,"Bronx River, Lower",6,HP,0.0,0.05,53.67,0.45,0.1,False
2026-09-16T22:03:26Z,Coney Island Creek,7,CI,0.0,0.05,69.6,0.3,0.1,False
2026-09-16T22:03:26Z,East River (near Steinway Creek),9,BB,0.0,0.54,14.96,0.9,0.1,False
2026-09-16T22:03:26Z,East River (near Throgs Neck),11,TI,0.0,1.0,3.0,1.47,0.1,False
2026-09-16T22:03:26Z,East River (RFK to Whitestone),10,TI,0.0,0.61,5.65,1.3,0.1,False
2026-09-16T22:03:26Z,"East River, Lower",8,NC,0.0,0.8,4.38,1.56,0.1,False
2026-09-16T22:03:26Z,Eastchester Bay,12,HP,0.0,1.53,1.51,1.62,0.1,False
2026-09-16T22:03:26Z,Erie Basin,13,RH,0.0,0.27,13.73,1.16,0.1,False
2026-09-16T22:03:26Z,Flushing Bay,14,BB,0.0,0.19,32.63,0.76,0.1,False
2026-09-16T22:03:26Z,Flushing Creek,15,TI,0.0,0.05,59.69,0.64,0.1,False
2026-09-16T22:03:26Z,Fresh Creek,16,26,0.0,0.05,30.38,0.67,0.1,False
2026-09-16T22:03:26Z,"Fresh Kills, Lower",17,PR,0.0,0.16,20.48,1.05,0.1,False
2026-09-16T22:03:26Z,"Fresh Kills, Upper",18,PR,0.0,0.15,39.81,0.81,0.1,False
2026-09-16T22:03:26Z,Gerritsen Creek,19,RK,0.0,0.4,7.9,1.07,0.1,False
2026-09-16T22:03:26Z,"Gowanus Canal, Inner",20,RH,0.0,0.23,15.08,1.09,0.1,False
2026-09-16T22:03:26Z,"Gowanus Canal, Outer",21,RH,0.0,0.46,28.85,0.92,0.1,False
2026-09-16T22:03:26Z,Gravesend Bay,30,OH,0.0,0.1,24.63,0.76,0.1,False
2026-09-16T22:03:26Z,Harlem River,22,WI,0.0,0.5,17.24,0.89,0.1,False
2026-09-16T22:03:26Z,Hendrix Creek,23,26,0.0,0.09,20.52,0.8,0.1,False
2026-09-16T22:03:26Z,Hudson River (Bronx),24,WI,0.0,0.62,4.38,0.79,0.1,False
2026-09-16T22:03:26Z,Hudson River (Manhattan),25,NR,0.0,0.41,8.4,1.16,0.1,False
2026-09-16T22:03:26Z,"Hutchinson River, Lower",26,HP,0.0,0.05,57.81,0.59,0.1,False
2026-09-16T22:03:26Z,Jamaica Bay (Brooklyn),27,26,0.0,1.46,1.43,1.97,0.1,False
2026-09-16T22:03:26Z,Jamaica Bay (Queens),42,JA,0.0,0.74,4.07,0.99,0.1,False
2026-09-16T22:03:26Z,Kill Van Kull,28,PR,0.0,0.44,9.88,1.46,0.1,False
2026-09-16T22:03:26Z,Little Neck Bay,29,TI,0.0,0.46,7.65,1.21,0.1,False
2026-09-16T22:03:26Z,Lower New York Bay,2,OB,0.0,1.3,2.06,1.45,0.1,False
2026-09-16T22:03:26Z,Mill Basin,31,CI,0.0,1.34,1.49,2.39,0.1,False
2026-09-16T22:03:26Z,Newark Bay,32,PR,0.0,0.39,11.52,1.43,0.1,False
2026-09-16T22:03:26Z,"Newtown Creek, Lower",34,NC,0.0,0.3,28.56,0.91,0.1,False
2026-09-16T22:03:26Z,"Newtown Creek, Upper",33,NC,0.0,0.23,49.45,0.78,0.1,False
2026-09-16T22:03:26Z,Paerdegat Basin,35,CI,0.0,0.38,11.25,1.38,0.1,False
2026-09-16T22:03:26Z,Powell Cove,36,TI,0.0,0.9,3.39,1.22,0.1,False
2026-09-16T22:03:26Z,Sheepshead Bay,37,CI,0.0,0.18,12.63,0.83,0.1,False
2026-09-16T22:03:26Z,Shellbank Basin,44,JA,0.0,0.34,10.55,1.15,0.1,False
2026-09-16T22:03:26Z,Spring Creek,38,26,0.0,0.64,11.14,1.08,0.1,False
2026-09-16T22:03:26Z,Thurston Basin,45,JA,0.0,0.05,32.63,0.79,0.1,False
2026-09-16T22:03:26Z,Upper New York Bay,39,OH,0.0,0.34,11.93,1.26,0.1,False
2026-09-16T22:03:26Z,Westchester Creek,40,HP,0.0,0.19,21.55,1.13,0.1,False
2026-09-16T22:03:26Z,Western Long Island Sound,41,HP,0.0,2.0,0.05,0.66,0.1,False
2026-09-17T00:21:58Z,Alley Creek,1,TI,0.0,0.05,37.04,0.62,0.1,False
2026-09-17T00:21:58Z,"Arthur Kill, Lower",3,OB,0.0,0.7,5.22,1.54,0.1,False
2026-09-17T00:21:58Z,"Arthur Kill, Upper",4,OB,0.0,0.1,23.08,0.83,0.1,False
2026-09-17T00:21:58Z,Bergen Basin,43,JA,0.0,0.05,34.41,0.7,0.1,False
2026-09-17T00:21:58Z,Bowery Bay,5,BB,0.0,0.29,11.25,1.06,0.1,False
2026-09-17T00:21:58Z,"Bronx River, Lower",6,HP,0.0,0.05,53.67,0.45,0.1,False
2026-09-17T00:21:58Z,Coney Island Creek,7,CI,0.0,0.05,69.6,0.3,0.1,False
2026-09-17T00:21:58Z,East River (near Steinway Creek),9,BB,0.0,0.54,14.96,0.9,0.1,False
2026-09-17T00:21:58Z,East River (near Throgs Neck),11,TI,0.0,1.0,3.0,1.47,0.1,False
2026-09-17T00:21:58Z,East River (RFK to Whitestone),10,TI,0.0,0.61,5.65,1.3,0.1,False
2026-09-17T00:21:58Z,"East River, Lower",8,NC,0.0,0.8,4.38,1.56,0.1,False
2026-09-17T00:21:58Z,Eastchester Bay,12,HP,0.0,1.53,1.51,1.62,0.1,False
2026-09-17T00:21:58Z,Erie Basin,13,RH,0.0,0.27,13.73,1.16,0.1,False
2026-09-17T00:21:58Z,Flushing Bay,14,BB,0.0,0.19,32.63,0.76,0.1,False
2026-09-17T00:21:58Z,Flushing Creek,15,TI,0.0,0.05,59.69,0.64,0.1,False
2026-09-17T00:21:58Z,Fresh Creek,16,26,0.0,0.05,30.38,0.67,0.1,False
2026-09-17T00:21:58Z,"Fresh Kills, Lower",17,PR,0.0,0.16,20.48,1.05,0.1,False
2026-09-17T00:21:58Z,"Fresh Kills, Upper",18,PR,0.0,0.15,39.81,0.81,0.1,False
2026-09-17T00:21:58Z,Gerritsen Creek,19,RK,0.0,0.4,7.9,1.07,0.1,False
2026-09-17T00:21:58Z,"Gowanus Canal, Inner",20,RH,0.0,0.23,15.08,1.09,0.1,False
2026-09-17T00:21:58Z,"Gowanus Canal, Outer",21,RH,0.0,0.46,28.85,0.92,0.1,False
2026-09-17T00:21:58Z,Gravesend Bay,30,OH,0.0,0.1,24.63,0.76,0.1,False
2026-09-17T00:21:58Z,Harlem River,22,WI,0.0,0.5,17.24,0.89,0.1,False
2026-09-17T00:21:58Z,Hendrix Creek,23,26,0.0,0.09,20.52,0.8,0.1,False
2026-09-17T00:21:58Z,Hudson River (Bronx),24,WI,0.0,0.62,4.38,0.79,0.1,False
2026-09-17T00:21:58Z,Hudson River (Manhattan),25,NR,0.0,0.41,8.4,1.16,0.1,False
2026-09-17T00:21:58Z,"Hutchinson River, Lower",26,HP,0.0,0.05,57.81,0.59,0.1,False
2026-09-17T00:21:58Z,Jamaica Bay (Brooklyn),27,26,0.0,1.46,1.43,1.97,0.1,False
2026-09-17T00:21:58Z,Jamaica Bay (Queens),42,JA,0.0,0.74,4.07,0.99,0.1,False
2026-09-17T00:21:58Z,Kill Van Kull,28,PR,0.0,0.44,9.88,1.46,0.1,False
2026-09-17T00:21:58Z,Little Neck Bay,29,TI,0.0,0.46,7.65,1.21,0.1,False
2026-09-17T00:21:58Z,Lower New York Bay,2,OB,0.0,1.3,2.06,1.45,0.1,False
2026-09-17T00:21:58Z,Mill Basin,31,CI,0.0,1.34,1.49,2.39,0.1,False
2026-09-17T00:21:58Z,Newark Bay,32,PR,0.0,0.39,11.52,1.43,0.1,False
2026-09-17T00:21:58Z,"Newtown Creek, Lower",34,NC,0.0,0.3,28.56,0.91,0.1,False
2026-09-17T00:21:58Z,"Newtown Creek, Upper",33,NC,0.0,0.23,49.45,0.78,0.1,False
2026-09-17T00:21:58Z,Paerdegat Basin,35,CI,0.0,0.38,11.25,1.38,0.1,False
2026-09-17T00:21:58Z,Powell Cove,36,TI,0.0,0.9,3.39,1.22,0.1,False
2026-09-17T00:21:58Z,Sheepshead Bay,37,CI,0.0,0.18,12.63,0.83,0.1,False
2026-09-17T00:21:58Z,Shellbank Basin,44,JA,0.0,0.34,10.55,1.15,0.1,False
2026-09-17T00:21:58Z,Spring Creek,38,26,0.0,0.64,11.14,1.08,0.1,False
2026-09-17T00:21:58Z,Thurston Basin,45,JA,0.0,0.05,32.63,0.79,0.1,False
2026-09-17T00:21:58Z,Upper New York Bay,39,OH,0.0,0.34,11.93,1.26,0.1,False
2026-09-17T00:21:58Z,Westchester Creek,40,HP,0.0,0.19,21.55,1.13,0.1,False
2026-09-17T00:21:58Z,Western Long Island Sound,41,HP,0.0,2.0,0.05,0.66,0.1,False
2026-09-17T05:15:23Z,Alley Creek,1,TI,0.0,0.05,37.04,0.62,0.1,False
2026-09-17T05:15:23Z,"Arthur Kill, Lower",3,OB,0.0,0.7,5.22,1.54,0.1,False
2026-09-17T05:15:23Z,"Arthur Kill, Upper",4,OB,0.0,0.1,23.08,0.83,0.1,False
2026-09-17T05:15:23Z,Bergen Basin,43,JA,0.0,0.05,34.41,0.7,0.1,False
2026-09-17T05:15:23Z,Bowery Bay,5,BB,0.0,0.29,11.25,1.06,0.1,False
2026-09-17T05:15:23Z,"Bronx River, Lower",6,HP,0.0,0.05,53.67,0.45,0.1,False
2026-09-17T05:15:23Z,Coney Island Creek,7,CI,0.0,0.05,69.6,0.3,0.1,False
2026-09-17T05:15:23Z,East River (near Steinway Creek),9,BB,0.0,0.54,14.96,0.9,0.1,False
2026-09-17T05:15:23Z,East River (near Throgs Neck),11,TI,0.0,1.0,3.0,1.47,0.1,False
2026-09-17T05:15:23Z,East River (RFK to Whitestone),10,TI,0.0,0.61,5.65,1.3,0.1,False
2026-09-17T05:15:23Z,"East River, Lower",8,NC,0.0,0.8,4.38,1.56,0.1,False
2026-09-17T05:15:23Z,Eastchester Bay,12,HP,0.0,1.53,1.51,1.62,0.1,False
2026-09-17T05:15:23Z,Erie Basin,13,RH,0.0,0.27,13.73,1.16,0.1,False
2026-09-17T05:15:23Z,Flushing Bay,14,BB,0.0,0.19,32.63,0.76,0.1,False
2026-09-17T05:15:23Z,Flushing Creek,15,TI,0.0,0.05,59.69,0.64,0.1,False
2026-09-17T05:15:23Z,Fresh Creek,16,26,0.0,0.05,30.38,0.67,0.1,False
2026-09-17T05:15:23Z,"Fresh Kills, Lower",17,PR,0.0,0.16,20.48,1.05,0.1,False
2026-09-17T05:15:23Z,"Fresh Kills, Upper",18,PR,0.0,0.15,39.81,0.81,0.1,False
2026-09-17T05:15:23Z,Gerritsen Creek,19,RK,0.0,0.4,7.9,1.07,0.1,False
2026-09-17T05:15:23Z,"Gowanus Canal, Inner",20,RH,0.0,0.23,15.08,1.09,0.1,False
2026-09-17T05:15:23Z,"Gowanus Canal, Outer",21,RH,0.0,0.46,28.85,0.92,0.1,False
2026-09-17T05:15:23Z,Gravesend Bay,30,OH,0.0,0.1,24.63,0.76,0.1,False
2026-09-17T05:15:23Z,Harlem River,22,WI,0.0,0.5,17.24,0.89,0.1,False
2026-09-17T05:15:23Z,Hendrix Creek,23,26,0.0,0.09,20.52,0.8,0.1,False
2026-09-17T05:15:23Z,Hudson River (Bronx),24,WI,0.0,0.62,4.38,0.79,0.1,False
2026-09-17T05:15:23Z,Hudson River (Manhattan),25,NR,0.0,0.41,8.4,1.16,0.1,False
2026-09-17T05:15:23Z,"Hutchinson River, Lower",26,HP,0.0,0.05,57.81,0.59,0.1,False
2026-09-17T05:15:23Z,Jamaica Bay (Brooklyn),27,26,0.0,1.46,1.43,1.97,0.1,False
2026-09-17T05:15:23Z,Jamaica Bay (Queens),42,JA,0.0,0.74,4.07,0.99,0.1,False
2026-09-17T05:15:23Z,Kill Van Kull,28,PR,0.0,0.44,9.88,1.46,0.1,False
2026-09-17T05:15:23Z,Little Neck Bay,29,TI,0.0,0.46,7.65,1.21,0.1,False
2026-09-17T05:15:23Z,Lower New York Bay,2,OB,0.0,1.3,2.06,1.45,0.1,False
2026-09-17T05:15:23Z,Mill Basin,31,CI,0.0,1.34,1.49,2.39,0.1,False
2026-09-17T05:15:23Z,Newark Bay,32,PR,0.0,0.39,11.52,1.43,0.1,False
2026-09-17T05:15:23Z,"Newtown Creek, Lower",34,NC,0.0,0.3,28.56,0.91,0.1,False
2026-09-17T05:15:23Z,"Newtown Creek, Upper",33,NC,0.0,0.23,49.45,0.78,0.1,False
2026-09-17T05:15:23Z,Paerdegat Basin,35,CI,0.0,0.38,11.25,1.38,0.1,False
2026-09-17T05:15:23Z,Powell Cove,36,TI,0.0,0.9,3.39,1.22,0.1,False
2026-09-17T05:15:23Z,Sheepshead Bay,37,CI,0.0,0.18,12.63,0.83,0.1,False
2026-09-17T05:15:23Z,Shellbank Basin,44,JA,0.0,0.34,10.55,1.15,0.1,False
2026-09-17T05:15:23Z,Spring Creek,38,26,0.0,0.64,11.14,1.08,0.1,False
2026-09-17T05:15:23Z,Thurston Basin,45,JA,0.0,0.05,32.63,0.79,0.1,False
2026-09-17T05:15:23Z,Upper New York Bay,39,OH,0.0,0.34,11.93,1.26,0.1,False
2026-09-17T05:15:23Z,Westchester Creek,40,HP,0.0,0.19,21.55,1.13,0.1,False
2026-09-17T05:15:23Z,Western Long Island Sound,41,HP,0.0,2.0,0.05,0.66,0.1,False
2026-09-17T10:21:32Z,Alley Creek,1,TI,0.0,0.05,37.04,0.62,0.1,False
2026-09-17T10:21:32Z,"Arthur Kill, Lower",3,OB,0.0,0.7,5.22,1.54,0.1,False
2026-09-17T10:21:32Z,"Arthur Kill, Upper",4,OB,0.0,0.1,23.08,0.83,0.1,False
2026-09-17T10:21:32Z,Bergen Basin,43,JA,0.0,0.05,34.41,0.7,0.1,False
2026-09-17T10:21:32Z,Bowery Bay,5,BB,0.0,0.29,11.25,1.06,0.1,False
2026-09-17T10:21:32Z,"Bronx River, Lower",6,HP,0.0,0.05,53.67,0.45,0.1,False
2026-09-17T10:21:32Z,Coney Island Creek,7,CI,0.0,0.05,69.6,0.3,0.1,False
2026-09-17T10:21:32Z,East River (near Steinway Creek),9,BB,0.0,0.54,14.96,0.9,0.1,False
2026-09-17T10:21:32Z,East River (near Throgs Neck),11,TI,0.0,1.0,3.0,1.47,0.1,False
2026-09-17T10:21:32Z,East River (RFK to Whitestone),10,TI,0.0,0.61,5.65,1.3,0.1,False
2026-09-17T10:21:32Z,"East River, Lower",8,NC,0.0,0.8,4.38,1.56,0.1,False
2026-09-17T10:21:32Z,Eastchester Bay,12,HP,0.0,1.53,1.51,1.62,0.1,False
2026-09-17T10:21:32Z,Erie Basin,13,RH,0.0,0.27,13.73,1.16,0.1,False
2026-09-17T10:21:32Z,Flushing Bay,14,BB,0.0,0.19,32.63,0.76,0.1,False
2026-09-17T10:21:32Z,Flushing Creek,15,TI,0.0,0.05,59.69,0.64,0.1,False
2026-09-17T10:21:32Z,Fresh Creek,16,26,0.0,0.05,30.38,0.67,0.1,False
2026-09-17T10:21:32Z,"Fresh Kills, Lower",17,PR,0.0,0.16,20.48,1.05,0.1,False
2026-09-17T10:21:32Z,"Fresh Kills, Upper",18,PR,0.0,0.15,39.81,0.81,0.1,False
2026-09-17T10:21:32Z,Gerritsen Creek,19,RK,0.0,0.4,7.9,1.07,0.1,False
2026-09-17T10:21:32Z,"Gowanus Canal, Inner",20,RH,0.0,0.23,15.08,1.09,0.1,False
2026-09-17T10:21:32Z,"Gowanus Canal, Outer",21,RH,0.0,0.46,28.85,0.92,0.1,False
2026-09-17T10:21:32Z,Gravesend Bay,30,OH,0.0,0.1,24.63,0.76,0.1,False
2026-09-17T10:21:32Z,Harlem River,22,WI,0.0,0.5,17.24,0.89,0.1,False
2026-09-17T10:21:32Z,Hendrix Creek,23,26,0.0,0.09,20.52,0.8,0.1,False
2026-09-17T10:21:32Z,Hudson River (Bronx),24,WI,0.0,0.62,4.38,0.79,0.1,False
2026-09-17T10:21:32Z,Hudson River (Manhattan),25,NR,0.0,0.41,8.4,1.16,0.1,False
2026-09-17T10:21:32Z,"Hutchinson River, Lower",26,HP,0.0,0.05,57.81,0.59,0.1,False
2026-09-17T10:21:32Z,Jamaica Bay (Brooklyn),27,26,0.0,1.46,1.43,1.97,0.1,False
2026-09-17T10:21:32Z,Jamaica Bay (Queens),42,JA,0.0,0.74,4.07,0.99,0.1,False
2026-09-17T10:21:32Z,Kill Van Kull,28,PR,0.0,0.44,9.88,1.46,0.1,False
2026-09-17T10:21:32Z,Little Neck Bay,29,TI,0.0,0.46,7.65,1.21,0.1,False
2026-09-17T10:21:32Z,Lower New York Bay,2,OB,0.0,1.3,2.06,1.45,0.1,False
2026-09-17T10:21:32Z,Mill Basin,31,CI,0.0,1.34,1.49,2.39,0.1,False
2026-09-17T10:21:32Z,Newark Bay,32,PR,0.0,0.39,11.52,1.43,0.1,False
2026-09-17T10:21:32Z,"Newtown Creek, Lower",34,NC,0.0,0.3,28.56,0.91,0.1,False
2026-09-17T10:21:32Z,"Newtown Creek, Upper",33,NC,0.0,0.23,49.45,0.78,0.1,False
2026-09-17T10:21:32Z,Paerdegat Basin,35,CI,0.0,0.38,11.25,1.38,0.1,False
2026-09-17T10:21:32Z,Powell Cove,36,TI,0.0,0.9,3.39,1.22,0.1,False
2026-09-17T10:21:32Z,Sheepshead Bay,37,CI,0.0,0.18,12.63,0.83,0.1,False
2026-09-17T10:21:32Z,Shellbank Basin,44,JA,0.0,0.34,10.55,1.15,0.1,False
2026-09-17T10:21:32Z,Spring Creek,38,26,0.0,0.64,11.14,1.08,0.1,False
2026-09-17T10:21:32Z,Thurston Basin,45,JA,0.0,0.05,32.63,0.79,0.1,False
2026-09-17T10:21:32Z,Upper New York Bay,39,OH,0.0,0.34,11.93,1.26,0.1,False
2026-09-17T10:21:32Z,Westchester Creek,40,HP,0.0,0.19,21.55,1.13,0.1,False
2026-09-17T10:21:32Z,Western Long Island Sound,41,HP,0.0,2.0,0.05,0.66,0.1,False
2026-09-17T15:16:38Z,Alley Creek,1,TI,0.0,0.05,37.04,0.62,0.1,False
2026-09-17T15:16:38Z,"Arthur Kill, Lower",3,OB,0.0,0.7,5.22,1.54,0.1,False
2026-09-17T15:16:38Z,"Arthur Kill, Upper",4,OB,0.0,0.1,23.08,0.83,0.1,False
2026-09-17T15:16:38Z,Bergen Basin,43,JA,0.0,0.05,34.41,0.7,0.1,False
2026-09-17T15:16:38Z,Bowery Bay,5,BB,0.0,0.29,11.25,1.06,0.1,False
2026-09-17T15:16:38Z,"Bronx River, Lower",6,HP,0.0,0.05,53.67,0.45,0.1,False
2026-09-17T15:16:38Z,Coney Island Creek,7,CI,0.0,0.05,69.6,0.3,0.1,False
2026-09-17T15:16:38Z,East River (near Steinway Creek),9,BB,0.0,0.54,14.96,0.9,0.1,False
2026-09-17T15:16:38Z,East River (near Throgs Neck),11,TI,0.0,1.0,3.0,1.47,0.1,False
2026-09-17T15:16:38Z,East River (RFK to Whitestone),10,TI,0.0,0.61,5.65,1.3,0.1,False
2026-09-17T15:16:38Z,"East River, Lower",8,NC,0.0,0.8,4.38,1.56,0.1,False
2026-09-17T15:16:38Z,Eastchester Bay,12,HP,0.0,1.53,1.51,1.62,0.1,False
2026-09-17T15:16:38Z,Erie Basin,13,RH,0.0,0.27,13.73,1.16,0.1,False
2026-09-17T15:16:38Z,Flushing Bay,14,BB,0.0,0.19,32.63,0.76,0.1,False
2026-09-17T15:16:38Z,Flushing Creek,15,TI,0.0,0.05,59.69,0.64,0.1,False
2026-09-17T15:16:38Z,Fresh Creek,16,26,0.0,0.05,30.38,0.67,0.1,False
2026-09-17T15:16:38Z,"Fresh Kills, Lower",17,PR,0.0,0.16,20.48,1.05,0.1,False
2026-09-17T15:16:38Z,"Fresh Kills, Upper",18,PR,0.0,0.15,39.81,0.81,0.1,False
2026-09-17T15:16:38Z,Gerritsen Creek,19,RK,0.0,0.4,7.9,1.07,0.1,False
2026-09-17T15:16:38Z,"Gowanus Canal, Inner",20,RH,0.0,0.23,15.08,1.09,0.1,False
2026-09-17T15:16:38Z,"Gowanus Canal, Outer",21,RH,0.0,0.46,28.85,0.92,0.1,False
2026-09-17T15:16:38Z,Gravesend Bay,30,OH,0.0,0.1,24.63,0.76,0.1,False
2026-09-17T15:16:38Z,Harlem River,22,WI,0.0,0.5,17.24,0.89,0.1,False
2026-09-17T15:16:38Z,Hendrix Creek,23,26,0.0,0.09,20.52,0.8,0.1,False
2026-09-17T15:16:38Z,Hudson River (Bronx),24,WI,0.0,0.62,4.38,0.79,0.1,False
2026-09-17T15:16:38Z,Hudson River (Manhattan),25,NR,0.0,0.41,8.4,1.16,0.1,False
2026-09-17T15:16:38Z,"Hutchinson River, Lower",26,HP,0.0,0.05,57.81,0.59,0.1,False
2026-09-17T15:16:38Z,Jamaica Bay (Brooklyn),27,26,0.0,1.46,1.43,1.97,0.1,False
2026-09-17T15:16:38Z,Jamaica Bay (Queens),42,JA,0.0,0.74,4.07,0.99,0.1,False
2026-09-17T15:16:38Z,Kill Van Kull,28,PR,0.0,0.44,9.88,1.46,0.1,False
2026-09-17T15:16:38Z,Little Neck Bay,29,TI,0.0,0.46,7.65,1.21,0.1,False
2026-09-17T15:16:38Z,Lower New York Bay,2,OB,0.0,1.3,2.06,1.45,0.1,False
2026-09-17T15:16:38Z,Mill Basin,31,CI,0.0,1.34,1.49,2.39,0.1,False
2026-09-17T15:16:38Z,Newark Bay,32,PR,0.0,0.39,11.52,1.43,0.1,False
2026-09-17T15:16:38Z,"Newtown Creek, Lower",34,NC,0.0,0.3,28.56,0.91,0.1,False
2026-09-17T15:16:38Z,"Newtown Creek, Upper",33,NC,0.0,0.23,49.45,0.78,0.1,False
2026-09-17T15:16:38Z,Paerdegat Basin,35,CI,0.0,0.38,11.25,1.38,0.1,False
2026-09-17T15:16:38Z,Powell Cove,36,TI,0.0,0.9,3.39,1.22,0.1,False
2026-09-17T15:16:38Z,Sheepshead Bay,37,CI,0.0,0.18,12.63,0.83,0.1,False
2026-09-17T15:16:38Z,Shellbank Basin,44,JA,0.0,0.34,10.55,1.15,0.1,False
2026-09-17T15:16:38Z,Spring Creek,38,26,0.0,0.64,11.14,1.08,0.1,False
2026-09-17T15:16:38Z,Thurston Basin,45,JA,0.0,0.05,32.63,0.79,0.1,False
2026-09-17T15:16:38Z,Upper New York Bay,39,OH,0.0,0.34,11.93,1.26,0.1,False
2026-09-17T15:16:38Z,Westchester Creek,40,HP,0.0,0.19,21.55,1.13,0.1,False
2026-09-17T15:16:38Z,Western Long Island Sound,41,HP,0.0,2.0,0.05,0.66,0.1,False
2026-09-17T19:13:20Z,Alley Creek,1,TI,0.0,0.05,37.04,0.62,0.1,False
2026-09-17T19:13:20Z,"Arthur Kill, Lower",3,OB,0.0,0.7,5.22,1.54,0.1,False
2026-09-17T19:13:20Z,"Arthur Kill, Upper",4,OB,0.0,0.1,23.08,0.83,0.1,False
2026-09-17T19:13:20Z,Bergen Basin,43,JA,0.0,0.05,34.41,0.7,0.1,False
2026-09-17T19:13:20Z,Bowery Bay,5,BB,0.0,0.29,11.25,1.06,0.1,False
2026-09-17T19:13:20Z,"Bronx River, Lower",6,HP,0.0,0.05,53.67,0.45,0.1,False
2026-09-17T19:13:20Z,Coney Island Creek,7,CI,0.0,0.05,69.6,0.3,0.1,False
2026-09-17T19:13:20Z,East River (near Steinway Creek),9,BB,0.0,0.54,14.96,0.9,0.1,False
2026-09-17T19:13:20Z,East River (near Throgs Neck),11,TI,0.0,1.0,3.0,1.47,0.1,False
2026-09-17T19:13:20Z,East River (RFK to Whitestone),10,TI,0.0,0.61,5.65,1.3,0.1,False
2026-09-17T19:13:20Z,"East River, Lower",8,NC,0.0,0.8,4.38,1.56,0.1,False
2026-09-17T19:13:20Z,Eastchester Bay,12,HP,0.0,1.53,1.51,1.62,0.1,False
2026-09-17T19:13:20Z,Erie Basin,13,RH,0.0,0.27,13.73,1.16,0.1,False
2026-09-17T19:13:20Z,Flushing Bay,14,BB,0.0,0.19,32.63,0.76,0.1,False
2026-09-17T19:13:20Z,Flushing Creek,15,TI,0.0,0.05,59.69,0.64,0.1,False
2026-09-17T19:13:20Z,Fresh Creek,16,26,0.0,0.05,30.38,0.67,0.1,False
2026-09-17T19:13:20Z,"Fresh Kills, Lower",17,PR,0.0,0.16,20.48,1.05,0.1,False
2026-09-17T19:13:20Z,"Fresh Kills, Upper",18,PR,0.0,0.15,39.81,0.81,0.1,False
2026-09-17T19:13:20Z,Gerritsen Creek,19,RK,0.0,0.4,7.9,1.07,0.1,False
2026-09-17T19:13:20Z,"Gowanus Canal, Inner",20,RH,0.0,0.23,15.08,1.09,0.1,False
2026-09-17T19:13:20Z,"Gowanus Canal, Outer",21,RH,0.0,0.46,28.85,0.92,0.1,False
2026-09-17T19:13:20Z,Gravesend Bay,30,OH,0.0,0.1,24.63,0.76,0.1,False
2026-09-17T19:13:20Z,Harlem River,22,WI,0.0,0.5,17.24,0.89,0.1,False
2026-09-17T19:13:20Z,Hendrix Creek,23,26,0.0,0.09,20.52,0.8,0.1,False
2026-09-17T19:13:20Z,Hudson River (Bronx),24,WI,0.0,0.62,4.38,0.79,0.1,False
2026-09-17T19:13:20Z,Hudson River (Manhattan),25,NR,0.0,0.41,8.4,1.16,0.1,False
2026-09-17T19:13:20Z,"Hutchinson River, Lower",26,HP,0.0,0.05,57.81,0.59,0.1,False
2026-09-17T19:13:20Z,Jamaica Bay (Brooklyn),27,26,0.0,1.46,1.43,1.97,0.1,False
2026-09-17T19:13:20Z,Jamaica Bay (Queens),42,JA,0.0,0.74,4.07,0.99,0.1,False
2026-09-17T19:13:20Z,Kill Van Kull,28,PR,0.0,0.44,9.88,1.46,0.1,False
2026-09-17T19:13:20Z,Little Neck Bay,29,TI,0.0,0.46,7.65,1.21,0.1,False
2026-09-17T19:13:20Z,Lower New York Bay,2,OB,0.0,1.3,2.06,1.45,0.1,False
2026-09-17T19:13:20Z,Mill Basin,31,CI,0.0,1.34,1.49,2.39,0.1,False
2026-09-17T19:13:20Z,Newark Bay,32,PR,0.0,0.39,11.52,1.43,0.1,False
2026-09-17T19:13:20Z,"Newtown Creek, Lower",34,NC,0.0,0.3,28.56,0.91,0.1,False
2026-09-17T19:13:20Z,"Newtown Creek, Upper",33,NC,0.0,0.23,49.45,0.78,0.1,False
2026-09-17T19:13:20Z,Paerdegat Basin,35,CI,0.0,0.38,11.25,1.38,0.1,False
2026-09-17T19:13:20Z,Powell Cove,36,TI,0.0,0.9,3.39,1.22,0.1,False
2026-09-17T19:13:20Z,Sheepshead Bay,37,CI,0.0,0.18,12.63,0.83,0.1,False
2026-09-17T19:13:20Z,Shellbank Basin,44,JA,0.0,0.34,10.55,1.15,0.1,False
2026-09-17T19:13:20Z,Spring Creek,38,26,0.0,0.64,11.14,1.08,0.1,False
2026-09-17T19:13:20Z,Thurston Basin,45,JA,0.0,0.05,32.63,0.79,0.1,False
2026-09-17T19:13:20Z,Upper New York Bay,39,OH,0.0,0.34,11.93,1.26,0.1,False
2026-09-17T19:13:20Z,Westchester Creek,40,HP,0.0,0.19,21.55,1.13,0.1,False
2026-09-17T19:13:20Z,Western Long Island Sound,41,HP,0.0,2.0,0.05,0.66,0.1,False
2026-09-17T22:24:00Z,Alley Creek,1,TI,0.0,0.05,37.04,0.62,0.1,False
2026-09-17T22:24:00Z,"Arthur Kill, Lower",3,OB,0.0,0.7,5.22,1.54,0.1,False
2026-09-17T22:24:00Z,"Arthur Kill, Upper",4,OB,0.0,0.1,23.08,0.83,0.1,False
2026-09-17T22:24:00Z,Bergen Basin,43,JA,0.0,0.05,34.41,0.7,0.1,False
2026-09-17T22:24:00Z,Bowery Bay,5,BB,0.0,0.29,11.25,1.06,0.1,False
2026-09-17T22:24:00Z,"Bronx River, Lower",6,HP,0.0,0.05,53.67,0.45,0.1,False
2026-09-17T22:24:00Z,Coney Island Creek,7,CI,0.0,0.05,69.6,0.3,0.1,False
2026-09-17T22:24:00Z,East River (near Steinway Creek),9,BB,0.0,0.54,14.96,0.9,0.1,False
2026-09-17T22:24:00Z,East River (near Throgs Neck),11,TI,0.0,1.0,3.0,1.47,0.1,False
2026-09-17T22:24:00Z,East River (RFK to Whitestone),10,TI,0.0,0.61,5.65,1.3,0.1,False
2026-09-17T22:24:00Z,"East River, Lower",8,NC,0.0,0.8,4.38,1.56,0.1,False
2026-09-17T22:24:00Z,Eastchester Bay,12,HP,0.0,1.53,1.51,1.62,0.1,False
2026-09-17T22:24:00Z,Erie Basin,13,RH,0.0,0.27,13.73,1.16,0.1,False
2026-09-17T22:24:00Z,Flushing Bay,14,BB,0.0,0.19,32.63,0.76,0.1,False
2026-09-17T22:24:00Z,Flushing Creek,15,TI,0.0,0.05,59.69,0.64,0.1,False
2026-09-17T22:24:00Z,Fresh Creek,16,26,0.0,0.05,30.38,0.67,0.1,False
2026-09-17T22:24:00Z,"Fresh Kills, Lower",17,PR,0.0,0.16,20.48,1.05,0.1,False
2026-09-17T22:24:00Z,"Fresh Kills, Upper",18,PR,0.0,0.15,39.81,0.81,0.1,False
2026-09-17T22:24:00Z,Gerritsen Creek,19,RK,0.0,0.4,7.9,1.07,0.1,False
2026-09-17T22:24:00Z,"Gowanus Canal, Inner",20,RH,0.0,0.23,15.08,1.09,0.1,False
2026-09-17T22:24:00Z,"Gowanus Canal, Outer",21,RH,0.0,0.46,28.85,0.92,0.1,False
2026-09-17T22:24:00Z,Gravesend Bay,30,OH,0.0,0.1,24.63,0.76,0.1,False
2026-09-17T22:24:00Z,Harlem River,22,WI,0.0,0.5,17.24,0.89,0.1,False
2026-09-17T22:24:00Z,Hendrix Creek,23,26,0.0,0.09,20.52,0.8,0.1,False
2026-09-17T22:24:00Z,Hudson River (Bronx),24,WI,0.0,0.62,4.38,0.79,0.1,False
2026-09-17T22:24:00Z,Hudson River (Manhattan),25,NR,0.0,0.41,8.4,1.16,0.1,False
2026-09-17T22:24:00Z,"Hutchinson River, Lower",26,HP,0.0,0.05,57.81,0.59,0.1,False
2026-09-17T22:24:00Z,Jamaica Bay (Brooklyn),27,26,0.0,1.46,1.43,1.97,0.1,False
2026-09-17T22:24:00Z,Jamaica Bay (Queens),42,JA,0.0,0.74,4.07,0.99,0.1,False
2026-09-17T22:24:00Z,Kill Van Kull,28,PR,0.0,0.44,9.88,1.46,0.1,False
2026-09-17T22:24:00Z,Little Neck Bay,29,TI,0.0,0.46,7.65,1.21,0.1,False
2026-09-17T22:24:00Z,Lower New York Bay,2,OB,0.0,1.3,2.06,1.45,0.1,False
2026-09-17T22:24:00Z,Mill Basin,31,CI,0.0,1.34,1.49,2.39,0.1,False
2026-09-17T22:24:00Z,Newark Bay,32,PR,0.0,0.39,11.52,1.43,0.1,False
2026-09-17T22:24:00Z,"Newtown Creek, Lower",34,NC,0.0,0.3,28.56,0.91,0.1,False
2026-09-17T22:24:00Z,"Newtown Creek, Upper",33,NC,0.0,0.23,49.45,0.78,0.1,False
2026-09-17T22:24:00Z,Paerdegat Basin,35,CI,0.0,0.38,11.25,1.38,0.1,False
2026-09-17T22:24:00Z,Powell Cove,36,TI,0.0,0.9,3.39,1.22,0.1,False
2026-09-17T22:24:00Z,Sheepshead Bay,37,CI,0.0,0.18,12.63,0.83,0.1,False
2026-09-17T22:24:00Z,Shellbank Basin,44,JA,0.0,0.34,10.55,1.15,0.1,False
2026-09-17T22:24:00Z,Spring Creek,38,26,0.0,0.64,11.14,1.08,0.1,False
2026-09-17T22:24:00Z,Thurston Basin,45,JA,0.0,0.05,32.63,0.79,0.1,False
2026-09-17T22:24:00Z,Upper New York Bay,39,OH,0.0,0.34,11.93,1.26,0.1,False
2026-09-17T22:24:00Z,Westchester Creek,40,HP,0.0,0.19,21.55,1.13,0.1,False
2026-09-17T22:24:00Z,Western Long Island Sound,41,HP,0.0,2.0,0.05,0.66,0.1,False
2026-09-18T00:44:34Z,Alley Creek,1,TI,0.0,0.05,37.04,0.62,0.1,False
2026-09-18T00:44:34Z,"Arthur Kill, Lower",3,OB,0.0,0.7,5.22,1.54,0.1,False
2026-09-18T00:44:34Z,"Arthur Kill, Upper",4,OB,0.0,0.1,23.08,0.83,0.1,False
2026-09-18T00:44:34Z,Bergen Basin,43,JA,0.0,0.05,34.41,0.7,0.1,False
2026-09-18T00:44:34Z,Bowery Bay,5,BB,0.0,0.29,11.25,1.06,0.1,False
2026-09-18T00:44:34Z,"Bronx River, Lower",6,HP,0.0,0.05,53.67,0.45,0.1,False
2026-09-18T00:44:34Z,Coney Island Creek,7,CI,0.0,0.05,69.6,0.3,0.1,False
2026-09-18T00:44:34Z,East River (near Steinway Creek),9,BB,0.0,0.54,14.96,0.9,0.1,False
2026-09-18T00:44:34Z,East River (near Throgs Neck),11,TI,0.0,1.0,3.0,1.47,0.1,False
2026-09-18T00:44:34Z,East River (RFK to Whitestone),10,TI,0.0,0.61,5.65,1.3,0.1,False
2026-09-18T00:44:34Z,"East River, Lower",8,NC,0.0,0.8,4.38,1.56,0.1,False
2026-09-18T00:44:34Z,Eastchester Bay,12,HP,0.0,1.53,1.51,1.62,0.1,False
2026-09-18T00:44:34Z,Erie Basin,13,RH,0.0,0.27,13.73,1.16,0.1,False
2026-09-18T00:44:34Z,Flushing Bay,14,BB,0.0,0.19,32.63,0.76,0.1,False
2026-09-18T00:44:34Z,Flushing Creek,15,TI,0.0,0.05,59.69,0.64,0.1,False
2026-09-18T00:44:34Z,Fresh Creek,16,26,0.0,0.05,30.38,0.67,0.1,False
2026-09-18T00:44:34Z,"Fresh Kills, Lower",17,PR,0.0,0.16,20.48,1.05,0.1,False
2026-09-18T00:44:34Z,"Fresh Kills, Upper",18,PR,0.0,0.15,39.81,0.81,0.1,False
2026-09-18T00:44:34Z,Gerritsen Creek,19,RK,0.0,0.4,7.9,1.07,0.1,False
2026-09-18T00:44:34Z,"Gowanus Canal, Inner",20,RH,0.0,0.23,15.08,1.09,0.1,False
2026-09-18T00:44:34Z,"Gowanus Canal, Outer",21,RH,0.0,0.46,28.85,0.92,0.1,False
2026-09-18T00:44:34Z,Gravesend Bay,30,OH,0.0,0.1,24.63,0.76,0.1,False
2026-09-18T00:44:34Z,Harlem River,22,WI,0.0,0.5,17.24,0.89,0.1,False
2026-09-18T00:44:34Z,Hendrix Creek,23,26,0.0,0.09,20.52,0.8,0.1,False
2026-09-18T00:44:34Z,Hudson River (Bronx),24,WI,0.0,0.62,4.38,0.79,0.1,False
2026-09-18T00:44:34Z,Hudson River (Manhattan),25,NR,0.0,0.41,8.4,1.16,0.1,False
2026-09-18T00:44:34Z,"Hutchinson River, Lower",26,HP,0.0,0.05,57.81,0.59,0.1,False
2026-09-18T00:44:34Z,Jamaica Bay (Brooklyn),27,26,0.0,1.46,1.43,1.97,0.1,False
2026-09-18T00:44:34Z,Jamaica Bay (Queens),42,JA,0.0,0.74,4.07,0.99,0.1,False
2026-09-18T00:44:34Z,Kill Van Kull,28,PR,0.0,0.44,9.88,1.46,0.1,False
2026-09-18T00:44:34Z,Little Neck Bay,29,TI,0.0,0.46,7.65,1.21,0.1,False
2026-09-18T00:44:34Z,Lower New York Bay,2,OB,0.0,1.3,2.06,1.45,0.1,False
2026-09-18T00:44:34Z,Mill Basin,31,CI,0.0,1.34,1.49,2.39,0.1,False
2026-09-18T00:44:34Z,Newark Bay,32,PR,0.0,0.39,11.52,1.43,0.1,False
2026-09-18T00:44:34Z,"Newtown Creek, Lower",34,NC,0.0,0.3,28.56,0.91,0.1,False
2026-09-18T00:44:34Z,"Newtown Creek, Upper",33,NC,0.0,0.23,49.45,0.78,0.1,False
2026-09-18T00:44:34Z,Paerdegat Basin,35,CI,0.0,0.38,11.25,1.38,0.1,False
2026-09-18T00:44:34Z,Powell Cove,36,TI,0.0,0.9,3.39,1.22,0.1,False
2026-09-18T00:44:34Z,Sheepshead Bay,37,CI,0.0,0.18,12.63,0.83,0.1,False
2026-09-18T00:44:34Z,Shellbank Basin,44,JA,0.0,0.34,10.55,1.15,0.1,False
2026-09-18T00:44:34Z,Spring Creek,38,26,0.0,0.64,11.14,1.08,0.1,False
2026-09-18T00:44:34Z,Thurston Basin,45,JA,0.0,0.05,32.63,0.79,0.1,False
2026-09-18T00:44:34Z,Upper New York Bay,39,OH,0.0,0.34,11.93,1.26,0.1,False
2026-09-18T00:44:34Z,Westchester Creek,40,HP,0.0,0.19,21.55,1.13,0.1,False
2026-09-18T00:44:34Z,Western Long Island Sound,41,HP,0.0,2.0,0.05,0.66,0.1,False
2026-09-18T05:48:57Z,Alley Creek,1,TI,0.0,0.05,37.04,0.62,0.1,False
2026-09-18T05:48:57Z,"Arthur Kill, Lower",3,OB,0.0,0.7,5.22,1.54,0.1,False
2026-09-18T05:48:57Z,"Arthur Kill, Upper",4,OB,0.0,0.1,23.08,0.83,0.1,False
2026-09-18T05:48:57Z,Bergen Basin,43,JA,0.0,0.05,34.41,0.7,0.1,False
2026-09-18T05:48:57Z,Bowery Bay,5,BB,0.0,0.29,11.25,1.06,0.1,False
2026-09-18T05:48:57Z,"Bronx River, Lower",6,HP,0.0,0.05,53.67,0.45,0.1,False
2026-09-18T05:48:57Z,Coney Island Creek,7,CI,0.0,0.05,69.6,0.3,0.1,False
2026-09-18T05:48:57Z,East River (near Steinway Creek),9,BB,0.0,0.54,14.96,0.9,0.1,False
2026-09-18T05:48:57Z,East River (near Throgs Neck),11,TI,0.0,1.0,3.0,1.47,0.1,False
2026-09-18T05:48:57Z,East River (RFK to Whitestone),10,TI,0.0,0.61,5.65,1.3,0.1,False
2026-09-18T05:48:57Z,"East River, Lower",8,NC,0.0,0.8,4.38,1.56,0.1,False
2026-09-18T05:48:57Z,Eastchester Bay,12,HP,0.0,1.53,1.51,1.62,0.1,False
2026-09-18T05:48:57Z,Erie Basin,13,RH,0.0,0.27,13.73,1.16,0.1,False
2026-09-18T05:48:57Z,Flushing Bay,14,BB,0.0,0.19,32.63,0.76,0.1,False
2026-09-18T05:48:57Z,Flushing Creek,15,TI,0.0,0.05,59.69,0.64,0.1,False
2026-09-18T05:48:57Z,Fresh Creek,16,26,0.0,0.05,30.38,0.67,0.1,False
2026-09-18T05:48:57Z,"Fresh Kills, Lower",17,PR,0.0,0.16,20.48,1.05,0.1,False
2026-09-18T05:48:57Z,"Fresh Kills, Upper",18,PR,0.0,0.15,39.81,0.81,0.1,False
2026-09-18T05:48:57Z,Gerritsen Creek,19,RK,0.0,0.4,7.9,1.07,0.1,False
2026-09-18T05:48:57Z,"Gowanus Canal, Inner",20,RH,0.0,0.23,15.08,1.09,0.1,False
2026-09-18T05:48:57Z,"Gowanus Canal, Outer",21,RH,0.0,0.46,28.85,0.92,0.1,False
2026-09-18T05:48:57Z,Gravesend Bay,30,OH,0.0,0.1,24.63,0.76,0.1,False
2026-09-18T05:48:57Z,Harlem River,22,WI,0.0,0.5,17.24,0.89,0.1,False
2026-09-18T05:48:57Z,Hendrix Creek,23,26,0.0,0.09,20.52,0.8,0.1,False
2026-09-18T05:48:57Z,Hudson River (Bronx),24,WI,0.0,0.62,4.38,0.79,0.1,False
2026-09-18T05:48:57Z,Hudson River (Manhattan),25,NR,0.0,0.41,8.4,1.16,0.1,False
2026-09-18T05:48:57Z,"Hutchinson River, Lower",26,HP,0.0,0.05,57.81,0.59,0.1,False
2026-09-18T05:48:57Z,Jamaica Bay (Brooklyn),27,26,0.0,1.46,1.43,1.97,0.1,False
2026-09-18T05:48:57Z,Jamaica Bay (Queens),42,JA,0.0,0.74,4.07,0.99,0.1,False
2026-09-18T05:48:57Z,Kill Van Kull,28,PR,0.0,0.44,9.88,1.46,0.1,False
2026-09-18T05:48:57Z,Little Neck Bay,29,TI,0.0,0.46,7.65,1.21,0.1,False
2026-09-18T05:48:57Z,Lower New York Bay,2,OB,0.0,1.3,2.06,1.45,0.1,False
2026-09-18T05:48:57Z,Mill Basin,31,CI,0.0,1.34,1.49,2.39,0.1,False
2026-09-18T05:48:57Z,Newark Bay,32,PR,0.0,0.39,11.52,1.43,0.1,False
2026-09-18T05:48:57Z,"Newtown Creek, Lower",34,NC,0.0,0.3,28.56,0.91,0.1,False
2026-09-18T05:48:57Z,"Newtown Creek, Upper",33,NC,0.0,0.23,49.45,0.78,0.1,False
2026-09-18T05:48:57Z,Paerdegat Basin,35,CI,0.0,0.38,11.25,1.38,0.1,False
2026-09-18T05:48:57Z,Powell Cove,36,TI,0.0,0.9,3.39,1.22,0.1,False
2026-09-18T05:48:57Z,Sheepshead Bay,37,CI,0.0,0.18,12.63,0.83,0.1,False
2026-09-18T05:48:57Z,Shellbank Basin,44,JA,0.0,0.34,10.55,1.15,0.1,False
2026-09-18T05:48:57Z,Spring Creek,38,26,0.0,0.64,11.14,1.08,0.1,False
2026-09-18T05:48:57Z,Thurston Basin,45,JA,0.0,0.05,32.63,0.79,0.1,False
2026-09-18T05:48:57Z,Upper New York Bay,39,OH,0.0,0.34,11.93,1.26,0.1,False
2026-09-18T05:48:57Z,Westchester Creek,40,HP,0.0,0.19,21.55,1.13,0.1,False
2026-09-18T05:48:57Z,Western Long Island Sound,41,HP,0.0,2.0,0.05,0.66,0.1,False
2026-09-18T11:04:26Z,Alley Creek,1,TI,0.0,0.05,37.04,0.62,0.1,False
2026-09-18T11:04:26Z,"Arthur Kill, Lower",3,OB,0.0,0.7,5.22,1.54,0.1,False
2026-09-18T11:04:26Z,"Arthur Kill, Upper",4,OB,0.0,0.1,23.08,0.83,0.1,False
2026-09-18T11:04:26Z,Bergen Basin,43,JA,0.0,0.05,34.41,0.7,0.1,False
2026-09-18T11:04:26Z,Bowery Bay,5,BB,0.0,0.29,11.25,1.06,0.1,False
2026-09-18T11:04:26Z,"Bronx River, Lower",6,HP,0.0,0.05,53.67,0.45,0.1,False
2026-09-18T11:04:26Z,Coney Island Creek,7,CI,0.0,0.05,69.6,0.3,0.1,False
2026-09-18T11:04:26Z,East River (near Steinway Creek),9,BB,0.0,0.54,14.96,0.9,0.1,False
2026-09-18T11:04:26Z,East River (near Throgs Neck),11,TI,0.0,1.0,3.0,1.47,0.1,False
2026-09-18T11:04:26Z,East River (RFK to Whitestone),10,TI,0.0,0.61,5.65,1.3,0.1,False
2026-09-18T11:04:26Z,"East River, Lower",8,NC,0.0,0.8,4.38,1.56,0.1,False
2026-09-18T11:04:26Z,Eastchester Bay,12,HP,0.0,1.53,1.51,1.62,0.1,False
2026-09-18T11:04:26Z,Erie Basin,13,RH,0.0,0.27,13.73,1.16,0.1,False
2026-09-18T11:04:26Z,Flushing Bay,14,BB,0.0,0.19,32.63,0.76,0.1,False
2026-09-18T11:04:26Z,Flushing Creek,15,TI,0.0,0.05,59.69,0.64,0.1,False
2026-09-18T11:04:26Z,Fresh Creek,16,26,0.0,0.05,30.38,0.67,0.1,False
2026-09-18T11:04:26Z,"Fresh Kills, Lower",17,PR,0.0,0.16,20.48,1.05,0.1,False
2026-09-18T11:04:26Z,"Fresh Kills, Upper",18,PR,0.0,0.15,39.81,0.81,0.1,False
2026-09-18T11:04:26Z,Gerritsen Creek,19,RK,0.0,0.4,7.9,1.07,0.1,False
2026-09-18T11:04:26Z,"Gowanus Canal, Inner",20,RH,0.0,0.23,15.08,1.09,0.1,False
2026-09-18T11:04:26Z,"Gowanus Canal, Outer",21,RH,0.0,0.46,28.85,0.92,0.1,False
2026-09-18T11:04:26Z,Gravesend Bay,30,OH,0.0,0.1,24.63,0.76,0.1,False
2026-09-18T11:04:26Z,Harlem River,22,WI,0.0,0.5,17.24,0.89,0.1,False
2026-09-18T11:04:26Z,Hendrix Creek,23,26,0.0,0.09,20.52,0.8,0.1,False
2026-09-18T11:04:26Z,Hudson River (Bronx),24,WI,0.0,0.62,4.38,0.79,0.1,False
2026-09-18T11:04:26Z,Hudson River (Manhattan),25,NR,0.0,0.41,8.4,1.16,0.1,False
2026-09-18T11:04:26Z,"Hutchinson River, Lower",26,HP,0.0,0.05,57.81,0.59,0.1,False
2026-09-18T11:04:26Z,Jamaica Bay (Brooklyn),27,26,0.0,1.46,1.43,1.97,0.1,False
2026-09-18T11:04:26Z,Jamaica Bay (Queens),42,JA,0.0,0.74,4.07,0.99,0.1,False
2026-09-18T11:04:26Z,Kill Van Kull,28,PR,0.0,0.44,9.88,1.46,0.1,False
2026-09-18T11:04:26Z,Little Neck Bay,29,TI,0.0,0.46,7.65,1.21,0.1,False
2026-09-18T11:04:26Z,Lower New York Bay,2,OB,0.0,1.3,2.06,1.45,0.1,False
2026-09-18T11:04:26Z,Mill Basin,31,CI,0.0,1.34,1.49,2.39,0.1,False
2026-09-18T11:04:26Z,Newark Bay,32,PR,0.0,0.39,11.52,1.43,0.1,False
2026-09-18T11:04:26Z,"Newtown Creek, Lower",34,NC,0.0,0.3,28.56,0.91,0.1,False
2026-09-18T11:04:26Z,"Newtown Creek, Upper",33,NC,0.0,0.23,49.45,0.78,0.1,False
2026-09-18T11:04:26Z,Paerdegat Basin,35,CI,0.0,0.38,11.25,1.38,0.1,False
2026-09-18T11:04:26Z,Powell Cove,36,TI,0.0,0.9,3.39,1.22,0.1,False
2026-09-18T11:04:26Z,Sheepshead Bay,37,CI,0.0,0.18,12.63,0.83,0.1,False
2026-09-18T11:04:26Z,Shellbank Basin,44,JA,0.0,0.34,10.55,1.15,0.1,False
2026-09-18T11:04:26Z,Spring Creek,38,26,0.0,0.64,11.14,1.08,0.1,False
2026-09-18T11:04:26Z,Thurston Basin,45,JA,0.0,0.05,32.63,0.79,0.1,False
2026-09-18T11:04:26Z,Upper New York Bay,39,OH,0.0,0.34,11.93,1.26,0.1,False
2026-09-18T11:04:26Z,Westchester Creek,40,HP,0.0,0.19,21.55,1.13,0.1,False
2026-09-18T11:04:26Z,Western Long Island Sound,41,HP,0.0,2.0,0.05,0.66,0.1,False
2026-09-18T14:56:02Z,Alley Creek,1,TI,0.0,0.05,37.04,0.62,0.1,False
2026-09-18T14:56:02Z,"Arthur Kill, Lower",3,OB,0.0,0.7,5.22,1.54,0.1,False
2026-09-18T14:56:02Z,"Arthur Kill, Upper",4,OB,0.0,0.1,23.08,0.83,0.1,False
2026-09-18T14:56:02Z,Bergen Basin,43,JA,0.0,0.05,34.41,0.7,0.1,False
2026-09-18T14:56:02Z,Bowery Bay,5,BB,0.0,0.29,11.25,1.06,0.1,False
2026-09-18T14:56:02Z,"Bronx River, Lower",6,HP,0.0,0.05,53.67,0.45,0.1,False
2026-09-18T14:56:02Z,Coney Island Creek,7,CI,0.0,0.05,69.6,0.3,0.1,False
2026-09-18T14:56:02Z,East River (near Steinway Creek),9,BB,0.0,0.54,14.96,0.9,0.1,False
2026-09-18T14:56:02Z,East River (near Throgs Neck),11,TI,0.0,1.0,3.0,1.47,0.1,False
2026-09-18T14:56:02Z,East River (RFK to Whitestone),10,TI,0.0,0.61,5.65,1.3,0.1,False
2026-09-18T14:56:02Z,"East River, Lower",8,NC,0.0,0.8,4.38,1.56,0.1,False
2026-09-18T14:56:02Z,Eastchester Bay,12,HP,0.0,1.53,1.51,1.62,0.1,False
2026-09-18T14:56:02Z,Erie Basin,13,RH,0.0,0.27,13.73,1.16,0.1,False
2026-09-18T14:56:02Z,Flushing Bay,14,BB,0.0,0.19,32.63,0.76,0.1,False
2026-09-18T14:56:02Z,Flushing Creek,15,TI,0.0,0.05,59.69,0.64,0.1,False
2026-09-18T14:56:02Z,Fresh Creek,16,26,0.07,0.05,30.38,0.67,0.1,True
2026-09-18T14:56:02Z,"Fresh Kills, Lower",17,PR,0.0,0.16,20.48,1.05,0.1,False
2026-09-18T14:56:02Z,"Fresh Kills, Upper",18,PR,0.0,0.15,39.81,0.81,0.1,False
2026-09-18T14:56:02Z,Gerritsen Creek,19,RK,0.0,0.4,7.9,1.07,0.1,False
2026-09-18T14:56:02Z,"Gowanus Canal, Inner",20,RH,0.0,0.23,15.08,1.09,0.1,False
2026-09-18T14:56:02Z,"Gowanus Canal, Outer",21,RH,0.0,0.46,28.85,0.92,0.1,False
2026-09-18T14:56:02Z,Gravesend Bay,30,OH,0.0,0.1,24.63,0.76,0.1,False
2026-09-18T14:56:02Z,Harlem River,22,WI,0.0,0.5,17.24,0.89,0.1,False
2026-09-18T14:56:02Z,Hendrix Creek,23,26,0.07,0.09,20.52,0.8,0.1,False
2026-09-18T14:56:02Z,Hudson River (Bronx),24,WI,0.0,0.62,4.38,0.79,0.1,False
2026-09-18T14:56:02Z,Hudson River (Manhattan),25,NR,0.0,0.41,8.4,1.16,0.1,False
2026-09-18T14:56:02Z,"Hutchinson River, Lower",26,HP,0.0,0.05,57.81,0.59,0.1,False
2026-09-18T14:56:02Z,Jamaica Bay (Brooklyn),27,26,0.07,1.46,1.43,1.97,0.1,False
2026-09-18T14:56:02Z,Jamaica Bay (Queens),42,JA,0.0,0.74,4.07,0.99,0.1,False
2026-09-18T14:56:02Z,Kill Van Kull,28,PR,0.0,0.44,9.88,1.46,0.1,False
2026-09-18T14:56:02Z,Little Neck Bay,29,TI,0.0,0.46,7.65,1.21,0.1,False
2026-09-18T14:56:02Z,Lower New York Bay,2,OB,0.0,1.3,2.06,1.45,0.1,False
2026-09-18T14:56:02Z,Mill Basin,31,CI,0.0,1.34,1.49,2.39,0.1,False
2026-09-18T14:56:02Z,Newark Bay,32,PR,0.0,0.39,11.52,1.43,0.1,False
2026-09-18T14:56:02Z,"Newtown Creek, Lower",34,NC,0.0,0.3,28.56,0.91,0.1,False
2026-09-18T14:56:02Z,"Newtown Creek, Upper",33,NC,0.0,0.23,49.45,0.78,0.1,False
2026-09-18T14:56:02Z,Paerdegat Basin,35,CI,0.0,0.38,11.25,1.38,0.1,False
2026-09-18T14:56:02Z,Powell Cove,36,TI,0.0,0.9,3.39,1.22,0.1,False
2026-09-18T14:56:02Z,Sheepshead Bay,37,CI,0.0,0.18,12.63,0.83,0.1,False
2026-09-18T14:56:02Z,Shellbank Basin,44,JA,0.0,0.34,10.55,1.15,0.1,False
2026-09-18T14:56:02Z,Spring Creek,38,26,0.07,0.64,11.14,1.08,0.1,False
2026-09-18T14:56:02Z,Thurston Basin,45,JA,0.0,0.05,32.63,0.79,0.1,False
2026-09-18T14:56:02Z,Upper New York Bay,39,OH,0.0,0.34,11.93,1.26,0.1,False
2026-09-18T14:56:02Z,Westchester Creek,40,HP,0.0,0.19,21.55,1.13,0.1,False
2026-09-18T14:56:02Z,Western Long Island Sound,41,HP,0.0,2.0,0.05,0.66,0.1,False
2026-09-18T18:19:26Z,Alley Creek,1,TI,0.0,0.05,37.04,0.62,0.1,False
2026-09-18T18:19:26Z,"Arthur Kill, Lower",3,OB,0.0,0.7,5.22,1.54,0.1,False
2026-09-18T18:19:26Z,"Arthur Kill, Upper",4,OB,0.0,0.1,23.08,0.83,0.1,False
2026-09-18T18:19:26Z,Bergen Basin,43,JA,0.0,0.05,34.41,0.7,0.1,False
2026-09-18T18:19:26Z,Bowery Bay,5,BB,0.0,0.29,11.25,1.06,0.1,False
2026-09-18T18:19:26Z,"Bronx River, Lower",6,HP,0.0,0.05,53.67,0.45,0.1,False
2026-09-18T18:19:26Z,Coney Island Creek,7,CI,0.0,0.05,69.6,0.3,0.1,False
2026-09-18T18:19:26Z,East River (near Steinway Creek),9,BB,0.0,0.54,14.96,0.9,0.1,False
2026-09-18T18:19:26Z,East River (near Throgs Neck),11,TI,0.0,1.0,3.0,1.47,0.1,False
2026-09-18T18:19:26Z,East River (RFK to Whitestone),10,TI,0.0,0.61,5.65,1.3,0.1,False
2026-09-18T18:19:26Z,"East River, Lower",8,NC,0.0,0.8,4.38,1.56,0.1,False
2026-09-18T18:19:26Z,Eastchester Bay,12,HP,0.0,1.53,1.51,1.62,0.1,False
2026-09-18T18:19:26Z,Erie Basin,13,RH,0.0,0.27,13.73,1.16,0.1,False
2026-09-18T18:19:26Z,Flushing Bay,14,BB,0.0,0.19,32.63,0.76,0.1,False
2026-09-18T18:19:26Z,Flushing Creek,15,TI,0.0,0.05,59.69,0.64,0.1,False
2026-09-18T18:19:26Z,Fresh Creek,16,26,0.0,0.05,30.38,0.67,0.1,False
2026-09-18T18:19:26Z,"Fresh Kills, Lower",17,PR,0.0,0.16,20.48,1.05,0.1,False
2026-09-18T18:19:26Z,"Fresh Kills, Upper",18,PR,0.0,0.15,39.81,0.81,0.1,False
2026-09-18T18:19:26Z,Gerritsen Creek,19,RK,0.0,0.4,7.9,1.07,0.1,False
2026-09-18T18:19:26Z,"Gowanus Canal, Inner",20,RH,0.0,0.23,15.08,1.09,0.1,False
2026-09-18T18:19:26Z,"Gowanus Canal, Outer",21,RH,0.0,0.46,28.85,0.92,0.1,False
2026-09-18T18:19:26Z,Gravesend Bay,30,OH,0.0,0.1,24.63,0.76,0.1,False
2026-09-18T18:19:26Z,Harlem River,22,WI,0.0,0.5,17.24,0.89,0.1,False
2026-09-18T18:19:26Z,Hendrix Creek,23,26,0.0,0.09,20.52,0.8,0.1,False
2026-09-18T18:19:26Z,Hudson River (Bronx),24,WI,0.0,0.62,4.38,0.79,0.1,False
2026-09-18T18:19:26Z,Hudson River (Manhattan),25,NR,0.0,0.41,8.4,1.16,0.1,False
2026-09-18T18:19:26Z,"Hutchinson River, Lower",26,HP,0.0,0.05,57.81,0.59,0.1,False
2026-09-18T18:19:26Z,Jamaica Bay (Brooklyn),27,26,0.0,1.46,1.43,1.97,0.1,False
2026-09-18T18:19:26Z,Jamaica Bay (Queens),42,JA,0.0,0.74,4.07,0.99,0.1,False
2026-09-18T18:19:26Z,Kill Van Kull,28,PR,0.0,0.44,9.88,1.46,0.1,False
2026-09-18T18:19:26Z,Little Neck Bay,29,TI,0.0,0.46,7.65,1.21,0.1,False
2026-09-18T18:19:26Z,Lower New York Bay,2,OB,0.0,1.3,2.06,1.45,0.1,False
2026-09-18T18:19:26Z,Mill Basin,31,CI,0.0,1.34,1.49,2.39,0.1,False
2026-09-18T18:19:26Z,Newark Bay,32,PR,0.0,0.39,11.52,1.43,0.1,False
2026-09-18T18:19:26Z,"Newtown Creek, Lower",34,NC,0.0,0.3,28.56,0.91,0.1,False
2026-09-18T18:19:26Z,"Newtown Creek, Upper",33,NC,0.0,0.23,49.45,0.78,0.1,False
2026-09-18T18:19:26Z,Paerdegat Basin,35,CI,0.0,0.38,11.25,1.38,0.1,False
2026-09-18T18:19:26Z,Powell Cove,36,TI,0.0,0.9,3.39,1.22,0.1,False
2026-09-18T18:19:26Z,Sheepshead Bay,37,CI,0.0,0.18,12.63,0.83,0.1,False
2026-09-18T18:19:26Z,Shellbank Basin,44,JA,0.0,0.34,10.55,1.15,0.1,False
2026-09-18T18:19:26Z,Spring Creek,38,26,0.0,0.64,11.14,1.08,0.1,False
2026-09-18T18:19:26Z,Thurston Basin,45,JA,0.0,0.05,32.63,0.79,0.1,False
2026-09-18T18:19:26Z,Upper New York Bay,39,OH,0.0,0.34,11.93,1.26,0.1,False
2026-09-18T18:19:26Z,Westchester Creek,40,HP,0.0,0.19,21.55,1.13,0.1,False
2026-09-18T18:19:26Z,Western Long Island Sound,41,HP,0.0,2.0,0.05,0.66,0.1,False
2026-09-18T21:11:11Z,Alley Creek,1,TI,0.0,0.05,37.04,0.62,0.1,False
2026-09-18T21:11:11Z,"Arthur Kill, Lower",3,OB,0.0,0.7,5.22,1.54,0.1,False
2026-09-18T21:11:11Z,"Arthur Kill, Upper",4,OB,0.0,0.1,23.08,0.83,0.1,False
2026-09-18T21:11:11Z,Bergen Basin,43,JA,0.0,0.05,34.41,0.7,0.1,False
2026-09-18T21:11:11Z,Bowery Bay,5,BB,0.0,0.29,11.25,1.06,0.1,False
2026-09-18T21:11:11Z,"Bronx River, Lower",6,HP,0.0,0.05,53.67,0.45,0.1,False
2026-09-18T21:11:11Z,Coney Island Creek,7,CI,0.0,0.05,69.6,0.3,0.1,False
2026-09-18T21:11:11Z,East River (near Steinway Creek),9,BB,0.0,0.54,14.96,0.9,0.1,False
2026-09-18T21:11:11Z,East River (near Throgs Neck),11,TI,0.0,1.0,3.0,1.47,0.1,False
2026-09-18T21:11:11Z,East River (RFK to Whitestone),10,TI,0.0,0.61,5.65,1.3,0.1,False
2026-09-18T21:11:11Z,"East River, Lower",8,NC,0.0,0.8,4.38,1.56,0.1,False
2026-09-18T21:11:11Z,Eastchester Bay,12,HP,0.0,1.53,1.51,1.62,0.1,False
2026-09-18T21:11:11Z,Erie Basin,13,RH,0.0,0.27,13.73,1.16,0.1,False
2026-09-18T21:11:11Z,Flushing Bay,14,BB,0.0,0.19,32.63,0.76,0.1,False
2026-09-18T21:11:11Z,Flushing Creek,15,TI,0.0,0.05,59.69,0.64,0.1,False
2026-09-18T21:11:11Z,Fresh Creek,16,26,0.0,0.05,30.38,0.67,0.1,False
2026-09-18T21:11:11Z,"Fresh Kills, Lower",17,PR,0.0,0.16,20.48,1.05,0.1,False
2026-09-18T21:11:11Z,"Fresh Kills, Upper",18,PR,0.0,0.15,39.81,0.81,0.1,False
2026-09-18T21:11:11Z,Gerritsen Creek,19,RK,0.0,0.4,7.9,1.07,0.1,False
2026-09-18T21:11:11Z,"Gowanus Canal, Inner",20,RH,0.0,0.23,15.08,1.09,0.1,False
2026-09-18T21:11:11Z,"Gowanus Canal, Outer",21,RH,0.0,0.46,28.85,0.92,0.1,False
2026-09-18T21:11:11Z,Gravesend Bay,30,OH,0.0,0.1,24.63,0.76,0.1,False
2026-09-18T21:11:11Z,Harlem River,22,WI,0.0,0.5,17.24,0.89,0.1,False
2026-09-18T21:11:11Z,Hendrix Creek,23,26,0.0,0.09,20.52,0.8,0.1,False
2026-09-18T21:11:11Z,Hudson River (Bronx),24,WI,0.0,0.62,4.38,0.79,0.1,False
2026-09-18T21:11:11Z,Hudson River (Manhattan),25,NR,0.0,0.41,8.4,1.16,0.1,False
2026-09-18T21:11:11Z,"Hutchinson River, Lower",26,HP,0.0,0.05,57.81,0.59,0.1,False
2026-09-18T21:11:11Z,Jamaica Bay (Brooklyn),27,26,0.0,1.46,1.43,1.97,0.1,False
2026-09-18T21:11:11Z,Jamaica Bay (Queens),42,JA,0.0,0.74,4.07,0.99,0.1,False
2026-09-18T21:11:11Z,Kill Van Kull,28,PR,0.0,0.44,9.88,1.46,0.1,False
2026-09-18T21:11:11Z,Little Neck Bay,29,TI,0.0,0.46,7.65,1.21,0.1,False
2026-09-18T21:11:11Z,Lower New York Bay,2,OB,0.0,1.3,2.06,1.45,0.1,False
2026-09-18T21:11:11Z,Mill Basin,31,CI,0.0,1.34,1.49,2.39,0.1,False
2026-09-18T21:11:11Z,Newark Bay,32,PR,0.0,0.39,11.52,1.43,0.1,False
2026-09-18T21:11:11Z,"Newtown Creek, Lower",34,NC,0.0,0.3,28.56,0.91,0.1,False
2026-09-18T21:11:11Z,"Newtown Creek, Upper",33,NC,0.0,0.23,49.45,0.78,0.1,False
2026-09-18T21:11:11Z,Paerdegat Basin,35,CI,0.0,0.38,11.25,1.38,0.1,False
2026-09-18T21:11:11Z,Powell Cove,36,TI,0.0,0.9,3.39,1.22,0.1,False
2026-09-18T21:11:11Z,Sheepshead Bay,37,CI,0.0,0.18,12.63,0.83,0.1,False
2026-09-18T21:11:11Z,Shellbank Basin,44,JA,0.0,0.34,10.55,1.15,0.1,False
2026-09-18T21:11:11Z,Spring Creek,38,26,0.0,0.64,11.14,1.08,0.1,False
2026-09-18T21:11:11Z,Thurston Basin,45,JA,0.0,0.05,32.63,0.79,0.1,False
2026-09-18T21:11:11Z,Upper New York Bay,39,OH,0.0,0.34,11.93,1.26,0.1,False
2026-09-18T21:11:11Z,Westchester Creek,40,HP,0.0,0.19,21.55,1.13,0.1,False
2026-09-18T21:11:11Z,Western Long Island Sound,41,HP,0.0,2.0,0.05,0.66,0.1,False
2026-09-18T23:32:43Z,Alley Creek,1,TI,0.0,0.05,37.04,0.62,0.1,False
2026-09-18T23:32:43Z,"Arthur Kill, Lower",3,OB,0.0,0.7,5.22,1.54,0.1,False
2026-09-18T23:32:43Z,"Arthur Kill, Upper",4,OB,0.0,0.1,23.08,0.83,0.1,False
2026-09-18T23:32:43Z,Bergen Basin,43,JA,0.0,0.05,34.41,0.7,0.1,False
2026-09-18T23:32:43Z,Bowery Bay,5,BB,0.0,0.29,11.25,1.06,0.1,False
2026-09-18T23:32:43Z,"Bronx River, Lower",6,HP,0.0,0.05,53.67,0.45,0.1,False
2026-09-18T23:32:43Z,Coney Island Creek,7,CI,0.0,0.05,69.6,0.3,0.1,False
2026-09-18T23:32:43Z,East River (near Steinway Creek),9,BB,0.0,0.54,14.96,0.9,0.1,False
2026-09-18T23:32:43Z,East River (near Throgs Neck),11,TI,0.0,1.0,3.0,1.47,0.1,False
2026-09-18T23:32:43Z,East River (RFK to Whitestone),10,TI,0.0,0.61,5.65,1.3,0.1,False
2026-09-18T23:32:43Z,"East River, Lower",8,NC,0.0,0.8,4.38,1.56,0.1,False
2026-09-18T23:32:43Z,Eastchester Bay,12,HP,0.0,1.53,1.51,1.62,0.1,False
2026-09-18T23:32:43Z,Erie Basin,13,RH,0.0,0.27,13.73,1.16,0.1,False
2026-09-18T23:32:43Z,Flushing Bay,14,BB,0.0,0.19,32.63,0.76,0.1,False
2026-09-18T23:32:43Z,Flushing Creek,15,TI,0.0,0.05,59.69,0.64,0.1,False
2026-09-18T23:32:43Z,Fresh Creek,16,26,0.0,0.05,30.38,0.67,0.1,False
2026-09-18T23:32:43Z,"Fresh Kills, Lower",17,PR,0.0,0.16,20.48,1.05,0.1,False
2026-09-18T23:32:43Z,"Fresh Kills, Upper",18,PR,0.0,0.15,39.81,0.81,0.1,False
2026-09-18T23:32:43Z,Gerritsen Creek,19,RK,0.0,0.4,7.9,1.07,0.1,False
2026-09-18T23:32:43Z,"Gowanus Canal, Inner",20,RH,0.0,0.23,15.08,1.09,0.1,False
2026-09-18T23:32:43Z,"Gowanus Canal, Outer",21,RH,0.0,0.46,28.85,0.92,0.1,False
2026-09-18T23:32:43Z,Gravesend Bay,30,OH,0.0,0.1,24.63,0.76,0.1,False
2026-09-18T23:32:43Z,Harlem River,22,WI,0.0,0.5,17.24,0.89,0.1,False
2026-09-18T23:32:43Z,Hendrix Creek,23,26,0.0,0.09,20.52,0.8,0.1,False
2026-09-18T23:32:43Z,Hudson River (Bronx),24,WI,0.0,0.62,4.38,0.79,0.1,False
2026-09-18T23:32:43Z,Hudson River (Manhattan),25,NR,0.0,0.41,8.4,1.16,0.1,False
2026-09-18T23:32:43Z,"Hutchinson River, Lower",26,HP,0.0,0.05,57.81,0.59,0.1,False
2026-09-18T23:32:43Z,Jamaica Bay (Brooklyn),27,26,0.0,1.46,1.43,1.97,0.1,False
2026-09-18T23:32:43Z,Jamaica Bay (Queens),42,JA,0.0,0.74,4.07,0.99,0.1,False
2026-09-18T23:32:43Z,Kill Van Kull,28,PR,0.0,0.44,9.88,1.46,0.1,False
2026-09-18T23:32:43Z,Little Neck Bay,29,TI,0.0,0.46,7.65,1.21,0.1,False
2026-09-18T23:32:43Z,Lower New York Bay,2,OB,0.0,1.3,2.06,1.45,0.1,False
2026-09-18T23:32:43Z,Mill Basin,31,CI,0.0,1.34,1.49,2.39,0.1,False
2026-09-18T23:32:43Z,Newark Bay,32,PR,0.0,0.39,11.52,1.43,0.1,False
2026-09-18T23:32:43Z,"Newtown Creek, Lower",34,NC,0.0,0.3,28.56,0.91,0.1,False
2026-09-18T23:32:43Z,"Newtown Creek, Upper",33,NC,0.0,0.23,49.45,0.78,0.1,False
2026-09-18T23:32:43Z,Paerdegat Basin,35,CI,0.0,0.38,11.25,1.38,0.1,False
2026-09-18T23:32:43Z,Powell Cove,36,TI,0.0,0.9,3.39,1.22,0.1,False
2026-09-18T23:32:43Z,Sheepshead Bay,37,CI,0.0,0.18,12.63,0.83,0.1,False
2026-09-18T23:32:43Z,Shellbank Basin,44,JA,0.0,0.34,10.55,1.15,0.1,False
2026-09-18T23:32:43Z,Spring Creek,38,26,0.0,0.64,11.14,1.08,0.1,False
2026-09-18T23:32:43Z,Thurston Basin,45,JA,0.0,0.05,32.63,0.79,0.1,False
2026-09-18T23:32:43Z,Upper New York Bay,39,OH,0.0,0.34,11.93,1.26,0.1,False
2026-09-18T23:32:43Z,Westchester Creek,40,HP,0.0,0.19,21.55,1.13,0.1,False
2026-09-18T23:32:43Z,Western Long Island Sound,41,HP,0.0,2.0,0.05,0.66,0.1,False
2026-09-19T01:30:37Z,Alley Creek,1,TI,0.0,0.05,37.04,0.62,0.1,False
2026-09-19T01:30:37Z,"Arthur Kill, Lower",3,OB,0.0,0.7,5.22,1.54,0.1,False
2026-09-19T01:30:37Z,"Arthur Kill, Upper",4,OB,0.0,0.1,23.08,0.83,0.1,False
2026-09-19T01:30:37Z,Bergen Basin,43,JA,0.0,0.05,34.41,0.7,0.1,False
2026-09-19T01:30:37Z,Bowery Bay,5,BB,0.0,0.29,11.25,1.06,0.1,False
2026-09-19T01:30:37Z,"Bronx River, Lower",6,HP,0.0,0.05,53.67,0.45,0.1,False
2026-09-19T01:30:37Z,Coney Island Creek,7,CI,0.0,0.05,69.6,0.3,0.1,False
2026-09-19T01:30:37Z,East River (near Steinway Creek),9,BB,0.0,0.54,14.96,0.9,0.1,False
2026-09-19T01:30:37Z,East River (near Throgs Neck),11,TI,0.0,1.0,3.0,1.47,0.1,False
2026-09-19T01:30:37Z,East River (RFK to Whitestone),10,TI,0.0,0.61,5.65,1.3,0.1,False
2026-09-19T01:30:37Z,"East River, Lower",8,NC,0.0,0.8,4.38,1.56,0.1,False
2026-09-19T01:30:37Z,Eastchester Bay,12,HP,0.0,1.53,1.51,1.62,0.1,False
2026-09-19T01:30:37Z,Erie Basin,13,RH,0.0,0.27,13.73,1.16,0.1,False
2026-09-19T01:30:37Z,Flushing Bay,14,BB,0.0,0.19,32.63,0.76,0.1,False
2026-09-19T01:30:37Z,Flushing Creek,15,TI,0.0,0.05,59.69,0.64,0.1,False
2026-09-19T01:30:37Z,Fresh Creek,16,26,0.0,0.05,30.38,0.67,0.1,False
2026-09-19T01:30:37Z,"Fresh Kills, Lower",17,PR,0.0,0.16,20.48,1.05,0.1,False
2026-09-19T01:30:37Z,"Fresh Kills, Upper",18,PR,0.0,0.15,39.81,0.81,0.1,False
2026-09-19T01:30:37Z,Gerritsen Creek,19,RK,0.0,0.4,7.9,1.07,0.1,False
2026-09-19T01:30:37Z,"Gowanus Canal, Inner",20,RH,0.0,0.23,15.08,1.09,0.1,False
2026-09-19T01:30:37Z,"Gowanus Canal, Outer",21,RH,0.0,0.46,28.85,0.92,0.1,False
2026-09-19T01:30:37Z,Gravesend Bay,30,OH,0.0,0.1,24.63,0.76,0.1,False
2026-09-19T01:30:37Z,Harlem River,22,WI,0.0,0.5,17.24,0.89,0.1,False
2026-09-19T01:30:37Z,Hendrix Creek,23,26,0.0,0.09,20.52,0.8,0.1,False
2026-09-19T01:30:37Z,Hudson River (Bronx),24,WI,0.0,0.62,4.38,0.79,0.1,False
2026-09-19T01:30:37Z,Hudson River (Manhattan),25,NR,0.0,0.41,8.4,1.16,0.1,False
2026-09-19T01:30:37Z,"Hutchinson River, Lower",26,HP,0.0,0.05,57.81,0.59,0.1,False
2026-09-19T01:30:37Z,Jamaica Bay (Brooklyn),27,26,0.0,1.46,1.43,1.97,0.1,False
2026-09-19T01:30:37Z,Jamaica Bay (Queens),42,JA,0.0,0.74,4.07,0.99,0.1,False
2026-09-19T01:30:37Z,Kill Van Kull,28,PR,0.0,0.44,9.88,1.46,0.1,False
2026-09-19T01:30:37Z,Little Neck Bay,29,TI,0.0,0.46,7.65,1.21,0.1,False
2026-09-19T01:30:37Z,Lower New York Bay,2,OB,0.0,1.3,2.06,1.45,0.1,False
2026-09-19T01:30:37Z,Mill Basin,31,CI,0.0,1.34,1.49,2.39,0.1,False
2026-09-19T01:30:37Z,Newark Bay,32,PR,0.0,0.39,11.52,1.43,0.1,False
2026-09-19T01:30:37Z,"Newtown Creek, Lower",34,NC,0.0,0.3,28.56,0.91,0.1,False
2026-09-19T01:30:37Z,"Newtown Creek, Upper",33,NC,0.0,0.23,49.45,0.78,0.1,False
2026-09-19T01:30:37Z,Paerdegat Basin,35,CI,0.0,0.38,11.25,1.38,0.1,False
2026-09-19T01:30:37Z,Powell Cove,36,TI,0.0,0.9,3.39,1.22,0.1,False
2026-09-19T01:30:37Z,Sheepshead Bay,37,CI,0.0,0.18,12.63,0.83,0.1,False
2026-09-19T01:30:37Z,Shellbank Basin,44,JA,0.0,0.34,10.55,1.15,0.1,False
2026-09-19T01:30:37Z,Spring Creek,38,26,0.0,0.64,11.14,1.08,0.1,False
2026-09-19T01:30:37Z,Thurston Basin,45,JA,0.0,0.05,32.63,0.79,0.1,False
2026-09-19T01:30:37Z,Upper New York Bay,39,OH,0.0,0.34,11.93,1.26,0.1,False
2026-09-19T01:30:37Z,Westchester Creek,40,HP,0.0,0.19,21.55,1.13,0.1,False
2026-09-19T01:30:37Z,Western Long Island Sound,41,HP,0.0,2.0,0.05,0.66,0.1,False
2026-09-19T06:31:39Z,Alley Creek,1,TI,0.0,0.05,37.04,0.62,0.1,False
2026-09-19T06:31:39Z,"Arthur Kill, Lower",3,OB,0.0,0.7,5.22,1.54,0.1,False
2026-09-19T06:31:39Z,"Arthur Kill, Upper",4,OB,0.0,0.1,23.08,0.83,0.1,False
2026-09-19T06:31:39Z,Bergen Basin,43,JA,0.0,0.05,34.41,0.7,0.1,False
2026-09-19T06:31:39Z,Bowery Bay,5,BB,0.0,0.29,11.25,1.06,0.1,False
2026-09-19T06:31:39Z,"Bronx River, Lower",6,HP,0.0,0.05,53.67,0.45,0.1,False
2026-09-19T06:31:39Z,Coney Island Creek,7,CI,0.0,0.05,69.6,0.3,0.1,False
2026-09-19T06:31:39Z,East River (near Steinway Creek),9,BB,0.0,0.54,14.96,0.9,0.1,False
2026-09-19T06:31:39Z,East River (near Throgs Neck),11,TI,0.0,1.0,3.0,1.47,0.1,False
2026-09-19T06:31:39Z,East River (RFK to Whitestone),10,TI,0.0,0.61,5.65,1.3,0.1,False
2026-09-19T06:31:39Z,"East River, Lower",8,NC,0.0,0.8,4.38,1.56,0.1,False
2026-09-19T06:31:39Z,Eastchester Bay,12,HP,0.0,1.53,1.51,1.62,0.1,False
2026-09-19T06:31:39Z,Erie Basin,13,RH,0.0,0.27,13.73,1.16,0.1,False
2026-09-19T06:31:39Z,Flushing Bay,14,BB,0.0,0.19,32.63,0.76,0.1,False
2026-09-19T06:31:39Z,Flushing Creek,15,TI,0.0,0.05,59.69,0.64,0.1,False
2026-09-19T06:31:39Z,Fresh Creek,16,26,0.0,0.05,30.38,0.67,0.1,False
2026-09-19T06:31:39Z,"Fresh Kills, Lower",17,PR,0.0,0.16,20.48,1.05,0.1,False
2026-09-19T06:31:39Z,"Fresh Kills, Upper",18,PR,0.0,0.15,39.81,0.81,0.1,False
2026-09-19T06:31:39Z,Gerritsen Creek,19,RK,0.0,0.4,7.9,1.07,0.1,False
2026-09-19T06:31:39Z,"Gowanus Canal, Inner",20,RH,0.0,0.23,15.08,1.09,0.1,False
2026-09-19T06:31:39Z,"Gowanus Canal, Outer",21,RH,0.0,0.46,28.85,0.92,0.1,False
2026-09-19T06:31:39Z,Gravesend Bay,30,OH,0.0,0.1,24.63,0.76,0.1,False
2026-09-19T06:31:39Z,Harlem River,22,WI,0.0,0.5,17.24,0.89,0.1,False
2026-09-19T06:31:39Z,Hendrix Creek,23,26,0.0,0.09,20.52,0.8,0.1,False
2026-09-19T06:31:39Z,Hudson River (Bronx),24,WI,0.0,0.62,4.38,0.79,0.1,False
2026-09-19T06:31:39Z,Hudson River (Manhattan),25,NR,0.0,0.41,8.4,1.16,0.1,False
2026-09-19T06:31:39Z,"Hutchinson River, Lower",26,HP,0.0,0.05,57.81,0.59,0.1,False
2026-09-19T06:31:39Z,Jamaica Bay (Brooklyn),27,26,0.0,1.46,1.43,1.97,0.1,False
2026-09-19T06:31:39Z,Jamaica Bay (Queens),42,JA,0.0,0.74,4.07,0.99,0.1,False
2026-09-19T06:31:39Z,Kill Van Kull,28,PR,0.0,0.44,9.88,1.46,0.1,False
2026-09-19T06:31:39Z,Little Neck Bay,29,TI,0.0,0.46,7.65,1.21,0.1,False
2026-09-19T06:31:39Z,Lower New York Bay,2,OB,0.0,1.3,2.06,1.45,0.1,False
2026-09-19T06:31:39Z,Mill Basin,31,CI,0.0,1.34,1.49,2.39,0.1,False
2026-09-19T06:31:39Z,Newark Bay,32,PR,0.0,0.39,11.52,1.43,0.1,False
2026-09-19T06:31:39Z,"Newtown Creek, Lower",34,NC,0.0,0.3,28.56,0.91,0.1,False
2026-09-19T06:31:39Z,"Newtown Creek, Upper",33,NC,0.0,0.23,49.45,0.78,0.1,False
2026-09-19T06:31:39Z,Paerdegat Basin,35,CI,0.0,0.38,11.25,1.38,0.1,False
2026-09-19T06:31:39Z,Powell Cove,36,TI,0.0,0.9,3.39,1.22,0.1,False
2026-09-19T06:31:39Z,Sheepshead Bay,37,CI,0.0,0.18,12.63,0.83,0.1,False
2026-09-19T06:31:39Z,Shellbank Basin,44,JA,0.0,0.34,10.55,1.15,0.1,False
2026-09-19T06:31:39Z,Spring Creek,38,26,0.0,0.64,11.14,1.08,0.1,False
2026-09-19T06:31:39Z,Thurston Basin,45,JA,0.0,0.05,32.63,0.79,0.1,False
2026-09-19T06:31:39Z,Upper New York Bay,39,OH,0.0,0.34,11.93,1.26,0.1,False
2026-09-19T06:31:39Z,Westchester Creek,40,HP,0.0,0.19,21.55,1.13,0.1,False
2026-09-19T06:31:39Z,Western Long Island Sound,41,HP,0.0,2.0,0.05,0.66,0.1,False
2026-09-19T11:26:09Z,Alley Creek,1,TI,0.0,0.05,37.04,0.62,0.1,False
2026-09-19T11:26:09Z,"Arthur Kill, Lower",3,OB,0.0,0.7,5.22,1.54,0.1,False
2026-09-19T11:26:09Z,"Arthur Kill, Upper",4,OB,0.0,0.1,23.08,0.83,0.1,False
2026-09-19T11:26:09Z,Bergen Basin,43,JA,0.0,0.05,34.41,0.7,0.1,False
2026-09-19T11:26:09Z,Bowery Bay,5,BB,0.0,0.29,11.25,1.06,0.1,False
2026-09-19T11:26:09Z,"Bronx River, Lower",6,HP,0.0,0.05,53.67,0.45,0.1,False
2026-09-19T11:26:09Z,Coney Island Creek,7,CI,0.0,0.05,69.6,0.3,0.1,False
2026-09-19T11:26:09Z,East River (near Steinway Creek),9,BB,0.0,0.54,14.96,0.9,0.1,False
2026-09-19T11:26:09Z,East River (near Throgs Neck),11,TI,0.0,1.0,3.0,1.47,0.1,False
2026-09-19T11:26:09Z,East River (RFK to Whitestone),10,TI,0.0,0.61,5.65,1.3,0.1,False
2026-09-19T11:26:09Z,"East River, Lower",8,NC,0.0,0.8,4.38,1.56,0.1,False
2026-09-19T11:26:09Z,Eastchester Bay,12,HP,0.0,1.53,1.51,1.62,0.1,False
2026-09-19T11:26:09Z,Erie Basin,13,RH,0.0,0.27,13.73,1.16,0.1,False
2026-09-19T11:26:09Z,Flushing Bay,14,BB,0.0,0.19,32.63,0.76,0.1,False
2026-09-19T11:26:09Z,Flushing Creek,15,TI,0.0,0.05,59.69,0.64,0.1,False
2026-09-19T11:26:09Z,Fresh Creek,16,26,0.0,0.05,30.38,0.67,0.1,False
2026-09-19T11:26:09Z,"Fresh Kills, Lower",17,PR,0.0,0.16,20.48,1.05,0.1,False
2026-09-19T11:26:09Z,"Fresh Kills, Upper",18,PR,0.0,0.15,39.81,0.81,0.1,False
2026-09-19T11:26:09Z,Gerritsen Creek,19,RK,0.0,0.4,7.9,1.07,0.1,False
2026-09-19T11:26:09Z,"Gowanus Canal, Inner",20,RH,0.0,0.23,15.08,1.09,0.1,False
2026-09-19T11:26:09Z,"Gowanus Canal, Outer",21,RH,0.0,0.46,28.85,0.92,0.1,False
2026-09-19T11:26:09Z,Gravesend Bay,30,OH,0.0,0.1,24.63,0.76,0.1,False
2026-09-19T11:26:09Z,Harlem River,22,WI,0.0,0.5,17.24,0.89,0.1,False
2026-09-19T11:26:09Z,Hendrix Creek,23,26,0.0,0.09,20.52,0.8,0.1,False
2026-09-19T11:26:09Z,Hudson River (Bronx),24,WI,0.0,0.62,4.38,0.79,0.1,False
2026-09-19T11:26:09Z,Hudson River (Manhattan),25,NR,0.0,0.41,8.4,1.16,0.1,False
2026-09-19T11:26:09Z,"Hutchinson River, Lower",26,HP,0.0,0.05,57.81,0.59,0.1,False
2026-09-19T11:26:09Z,Jamaica Bay (Brooklyn),27,26,0.0,1.46,1.43,1.97,0.1,False
2026-09-19T11:26:09Z,Jamaica Bay (Queens),42,JA,0.0,0.74,4.07,0.99,0.1,False
2026-09-19T11:26:09Z,Kill Van Kull,28,PR,0.0,0.44,9.88,1.46,0.1,False
2026-09-19T11:26:09Z,Little Neck Bay,29,TI,0.0,0.46,7.65,1.21,0.1,False
2026-09-19T11:26:09Z,Lower New York Bay,2,OB,0.0,1.3,2.06,1.45,0.1,False
2026-09-19T11:26:09Z,Mill Basin,31,CI,0.0,1.34,1.49,2.39,0.1,False
2026-09-19T11:26:09Z,Newark Bay,32,PR,0.0,0.39,11.52,1.43,0.1,False
2026-09-19T11:26:09Z,"Newtown Creek, Lower",34,NC,0.0,0.3,28.56,0.91,0.1,False
2026-09-19T11:26:09Z,"Newtown Creek, Upper",33,NC,0.0,0.23,49.45,0.78,0.1,False
2026-09-19T11:26:09Z,Paerdegat Basin,35,CI,0.0,0.38,11.25,1.38,0.1,False
2026-09-19T11:26:09Z,Powell Cove,36,TI,0.0,0.9,3.39,1.22,0.1,False
2026-09-19T11:26:09Z,Sheepshead Bay,37,CI,0.0,0.18,12.63,0.83,0.1,False
2026-09-19T11:26:09Z,Shellbank Basin,44,JA,0.0,0.34,10.55,1.15,0.1,False
2026-09-19T11:26:09Z,Spring Creek,38,26,0.0,0.64,11.14,1.08,0.1,False
2026-09-19T11:26:09Z,Thurston Basin,45,JA,0.0,0.05,32.63,0.79,0.1,False
2026-09-19T11:26:09Z,Upper New York Bay,39,OH,0.0,0.34,11.93,1.26,0.1,False
2026-09-19T11:26:09Z,Westchester Creek,40,HP,0.0,0.19,21.55,1.13,0.1,False
2026-09-19T11:26:09Z,Western Long Island Sound,41,HP,0.0,2.0,0.05,0.66,0.1,False
2026-09-19T14:43:33Z,Alley Creek,1,TI,0.0,0.05,37.04,0.62,0.1,False
2026-09-19T14:43:33Z,"Arthur Kill, Lower",3,OB,0.0,0.7,5.22,1.54,0.1,False
2026-09-19T14:43:33Z,"Arthur Kill, Upper",4,OB,0.0,0.1,23.08,0.83,0.1,False
2026-09-19T14:43:33Z,Bergen Basin,43,JA,0.0,0.05,34.41,0.7,0.1,False
2026-09-19T14:43:33Z,Bowery Bay,5,BB,0.0,0.29,11.25,1.06,0.1,False
2026-09-19T14:43:33Z,"Bronx River, Lower",6,HP,0.0,0.05,53.67,0.45,0.1,False
2026-09-19T14:43:33Z,Coney Island Creek,7,CI,0.0,0.05,69.6,0.3,0.1,False
2026-09-19T14:43:33Z,East River (near Steinway Creek),9,BB,0.0,0.54,14.96,0.9,0.1,False
2026-09-19T14:43:33Z,East River (near Throgs Neck),11,TI,0.0,1.0,3.0,1.47,0.1,False
2026-09-19T14:43:33Z,East River (RFK to Whitestone),10,TI,0.0,0.61,5.65,1.3,0.1,False
2026-09-19T14:43:33Z,"East River, Lower",8,NC,0.0,0.8,4.38,1.56,0.1,False
2026-09-19T14:43:33Z,Eastchester Bay,12,HP,0.0,1.53,1.51,1.62,0.1,False
2026-09-19T14:43:33Z,Erie Basin,13,RH,0.0,0.27,13.73,1.16,0.1,False
2026-09-19T14:43:33Z,Flushing Bay,14,BB,0.0,0.19,32.63,0.76,0.1,False
2026-09-19T14:43:33Z,Flushing Creek,15,TI,0.0,0.05,59.69,0.64,0.1,False
2026-09-19T14:43:33Z,Fresh Creek,16,26,0.0,0.05,30.38,0.67,0.1,False
2026-09-19T14:43:33Z,"Fresh Kills, Lower",17,PR,0.0,0.16,20.48,1.05,0.1,False
2026-09-19T14:43:33Z,"Fresh Kills, Upper",18,PR,0.0,0.15,39.81,0.81,0.1,False
2026-09-19T14:43:33Z,Gerritsen Creek,19,RK,0.0,0.4,7.9,1.07,0.1,False
2026-09-19T14:43:33Z,"Gowanus Canal, Inner",20,RH,0.0,0.23,15.08,1.09,0.1,False
2026-09-19T14:43:33Z,"Gowanus Canal, Outer",21,RH,0.0,0.46,28.85,0.92,0.1,False
2026-09-19T14:43:33Z,Gravesend Bay,30,OH,0.0,0.1,24.63,0.76,0.1,False
2026-09-19T14:43:33Z,Harlem River,22,WI,0.0,0.5,17.24,0.89,0.1,False
2026-09-19T14:43:33Z,Hendrix Creek,23,26,0.0,0.09,20.52,0.8,0.1,False
2026-09-19T14:43:33Z,Hudson River (Bronx),24,WI,0.0,0.62,4.38,0.79,0.1,False
2026-09-19T14:43:33Z,Hudson River (Manhattan),25,NR,0.0,0.41,8.4,1.16,0.1,False
2026-09-19T14:43:33Z,"Hutchinson River, Lower",26,HP,0.0,0.05,57.81,0.59,0.1,False
2026-09-19T14:43:33Z,Jamaica Bay (Brooklyn),27,26,0.0,1.46,1.43,1.97,0.1,False
2026-09-19T14:43:33Z,Jamaica Bay (Queens),42,JA,0.0,0.74,4.07,0.99,0.1,False
2026-09-19T14:43:33Z,Kill Van Kull,28,PR,0.0,0.44,9.88,1.46,0.1,False
2026-09-19T14:43:33Z,Little Neck Bay,29,TI,0.0,0.46,7.65,1.21,0.1,False
2026-09-19T14:43:33Z,Lower New York Bay,2,OB,0.0,1.3,2.06,1.45,0.1,False
2026-09-19T14:43:33Z,Mill Basin,31,CI,0.0,1.34,1.49,2.39,0.1,False
2026-09-19T14:43:33Z,Newark Bay,32,PR,0.0,0.39,11.52,1.43,0.1,False
2026-09-19T14:43:33Z,"Newtown Creek, Lower",34,NC,0.0,0.3,28.56,0.91,0.1,False
2026-09-19T14:43:33Z,"Newtown Creek, Upper",33,NC,0.0,0.23,49.45,0.78,0.1,False
2026-09-19T14:43:33Z,Paerdegat Basin,35,CI,0.0,0.38,11.25,1.38,0.1,False
2026-09-19T14:43:33Z,Powell Cove,36,TI,0.0,0.9,3.39,1.22,0.1,False
2026-09-19T14:43:33Z,Sheepshead Bay,37,CI,0.0,0.18,12.63,0.83,0.1,False
2026-09-19T14:43:33Z,Shellbank Basin,44,JA,0.0,0.34,10.55,1.15,0.1,False
2026-09-19T14:43:33Z,Spring Creek,38,26,0.0,0.64,11.14,1.08,0.1,False
2026-09-19T14:43:33Z,Thurston Basin,45,JA,0.0,0.05,32.63,0.79,0.1,False
2026-09-19T14:43:33Z,Upper New York Bay,39,OH,0.0,0.34,11.93,1.26,0.1,False
2026-09-19T14:43:33Z,Westchester Creek,40,HP,0.0,0.19,21.55,1.13,0.1,False
2026-09-19T14:43:33Z,Western Long Island Sound,41,HP,0.0,2.0,0.05,0.66,0.1,False
2026-09-19T17:56:07Z,Alley Creek,1,TI,0.0,0.05,37.04,0.62,0.1,False
2026-09-19T17:56:07Z,"Arthur Kill, Lower",3,OB,0.0,0.7,5.22,1.54,0.1,False
2026-09-19T17:56:07Z,"Arthur Kill, Upper",4,OB,0.0,0.1,23.08,0.83,0.1,False
2026-09-19T17:56:07Z,Bergen Basin,43,JA,0.0,0.05,34.41,0.7,0.1,False
2026-09-19T17:56:07Z,Bowery Bay,5,BB,0.0,0.29,11.25,1.06,0.1,False
2026-09-19T17:56:07Z,"Bronx River, Lower",6,HP,0.0,0.05,53.67,0.45,0.1,False
2026-09-19T17:56:07Z,Coney Island Creek,7,CI,0.0,0.05,69.6,0.3,0.1,False
2026-09-19T17:56:07Z,East River (near Steinway Creek),9,BB,0.0,0.54,14.96,0.9,0.1,False
2026-09-19T17:56:07Z,East River (near Throgs Neck),11,TI,0.0,1.0,3.0,1.47,0.1,False
2026-09-19T17:56:07Z,East River (RFK to Whitestone),10,TI,0.0,0.61,5.65,1.3,0.1,False
2026-09-19T17:56:07Z,"East River, Lower",8,NC,0.0,0.8,4.38,1.56,0.1,False
2026-09-19T17:56:07Z,Eastchester Bay,12,HP,0.0,1.53,1.51,1.62,0.1,False
2026-09-19T17:56:07Z,Erie Basin,13,RH,0.0,0.27,13.73,1.16,0.1,False
2026-09-19T17:56:07Z,Flushing Bay,14,BB,0.0,0.19,32.63,0.76,0.1,False
2026-09-19T17:56:07Z,Flushing Creek,15,TI,0.0,0.05,59.69,0.64,0.1,False
2026-09-19T17:56:07Z,Fresh Creek,16,26,0.0,0.05,30.38,0.67,0.1,False
2026-09-19T17:56:07Z,"Fresh Kills, Lower",17,PR,0.0,0.16,20.48,1.05,0.1,False
2026-09-19T17:56:07Z,"Fresh Kills, Upper",18,PR,0.0,0.15,39.81,0.81,0.1,False
2026-09-19T17:56:07Z,Gerritsen Creek,19,RK,0.0,0.4,7.9,1.07,0.1,False
2026-09-19T17:56:07Z,"Gowanus Canal, Inner",20,RH,0.0,0.23,15.08,1.09,0.1,False
2026-09-19T17:56:07Z,"Gowanus Canal, Outer",21,RH,0.0,0.46,28.85,0.92,0.1,False
2026-09-19T17:56:07Z,Gravesend Bay,30,OH,0.0,0.1,24.63,0.76,0.1,False
2026-09-19T17:56:07Z,Harlem River,22,WI,0.0,0.5,17.24,0.89,0.1,False
2026-09-19T17:56:07Z,Hendrix Creek,23,26,0.0,0.09,20.52,0.8,0.1,False
2026-09-19T17:56:07Z,Hudson River (Bronx),24,WI,0.0,0.62,4.38,0.79,0.1,False
2026-09-19T17:56:07Z,Hudson River (Manhattan),25,NR,0.0,0.41,8.4,1.16,0.1,False
2026-09-19T17:56:07Z,"Hutchinson River, Lower",26,HP,0.0,0.05,57.81,0.59,0.1,False
2026-09-19T17:56:07Z,Jamaica Bay (Brooklyn),27,26,0.0,1.46,1.43,1.97,0.1,False
2026-09-19T17:56:07Z,Jamaica Bay (Queens),42,JA,0.0,0.74,4.07,0.99,0.1,False
2026-09-19T17:56:07Z,Kill Van Kull,28,PR,0.0,0.44,9.88,1.46,0.1,False
2026-09-19T17:56:07Z,Little Neck Bay,29,TI,0.0,0.46,7.65,1.21,0.1,False
2026-09-19T17:56:07Z,Lower New York Bay,2,OB,0.0,1.3,2.06,1.45,0.1,False
2026-09-19T17:56:07Z,Mill Basin,31,CI,0.0,1.34,1.49,2.39,0.1,False
2026-09-19T17:56:07Z,Newark Bay,32,PR,0.0,0.39,11.52,1.43,0.1,False
2026-09-19T17:56:07Z,"Newtown Creek, Lower",34,NC,0.0,0.3,28.56,0.91,0.1,False
2026-09-19T17:56:07Z,"Newtown Creek, Upper",33,NC,0.0,0.23,49.45,0.78,0.1,False
2026-09-19T17:56:07Z,Paerdegat Basin,35,CI,0.0,0.38,11.25,1.38,0.1,False
2026-09-19T17:56:07Z,Powell Cove,36,TI,0.0,0.9,3.39,1.22,0.1,False
2026-09-19T17:56:07Z,Sheepshead Bay,37,CI,0.0,0.18,12.63,0.83,0.1,False
2026-09-19T17:56:07Z,Shellbank Basin,44,JA,0.0,0.34,10.55,1.15,0.1,False
2026-09-19T17:56:07Z,Spring Creek,38,26,0.0,0.64,11.14,1.08,0.1,False
2026-09-19T17:56:07Z,Thurston Basin,45,JA,0.0,0.05,32.63,0.79,0.1,False
2026-09-19T17:56:07Z,Upper New York Bay,39,OH,0.0,0.34,11.93,1.26,0.1,False
2026-09-19T17:56:07Z,Westchester Creek,40,HP,0.0,0.19,21.55,1.13,0.1,False
2026-09-19T17:56:07Z,Western Long Island Sound,41,HP,0.0,2.0,0.05,0.66,0.1,False
2026-09-19T20:31:32Z,Alley Creek,1,TI,0.0,0.05,37.04,0.62,0.1,False
2026-09-19T20:31:32Z,"Arthur Kill, Lower",3,OB,0.0,0.7,5.22,1.54,0.1,False
2026-09-19T20:31:32Z,"Arthur Kill, Upper",4,OB,0.0,0.1,23.08,0.83,0.1,False
2026-09-19T20:31:32Z,Bergen Basin,43,JA,0.0,0.05,34.41,0.7,0.1,False
2026-09-19T20:31:32Z,Bowery Bay,5,BB,0.0,0.29,11.25,1.06,0.1,False
2026-09-19T20:31:32Z,"Bronx River, Lower",6,HP,0.0,0.05,53.67,0.45,0.1,False
2026-09-19T20:31:32Z,Coney Island Creek,7,CI,0.0,0.05,69.6,0.3,0.1,False
2026-09-19T20:31:32Z,East River (near Steinway Creek),9,BB,0.0,0.54,14.96,0.9,0.1,False
2026-09-19T20:31:32Z,East River (near Throgs Neck),11,TI,0.0,1.0,3.0,1.47,0.1,False
2026-09-19T20:31:32Z,East River (RFK to Whitestone),10,TI,0.0,0.61,5.65,1.3,0.1,False
2026-09-19T20:31:32Z,"East River, Lower",8,NC,0.0,0.8,4.38,1.56,0.1,False
2026-09-19T20:31:32Z,Eastchester Bay,12,HP,0.0,1.53,1.51,1.62,0.1,False
2026-09-19T20:31:32Z,Erie Basin,13,RH,0.0,0.27,13.73,1.16,0.1,False
2026-09-19T20:31:32Z,Flushing Bay,14,BB,0.0,0.19,32.63,0.76,0.1,False
2026-09-19T20:31:32Z,Flushing Creek,15,TI,0.0,0.05,59.69,0.64,0.1,False
2026-09-19T20:31:32Z,Fresh Creek,16,26,0.0,0.05,30.38,0.67,0.1,False
2026-09-19T20:31:32Z,"Fresh Kills, Lower",17,PR,0.0,0.16,20.48,1.05,0.1,False
2026-09-19T20:31:32Z,"Fresh Kills, Upper",18,PR,0.0,0.15,39.81,0.81,0.1,False
2026-09-19T20:31:32Z,Gerritsen Creek,19,RK,0.0,0.4,7.9,1.07,0.1,False
2026-09-19T20:31:32Z,"Gowanus Canal, Inner",20,RH,0.0,0.23,15.08,1.09,0.1,False
2026-09-19T20:31:32Z,"Gowanus Canal, Outer",21,RH,0.0,0.46,28.85,0.92,0.1,False
2026-09-19T20:31:32Z,Gravesend Bay,30,OH,0.0,0.1,24.63,0.76,0.1,False
2026-09-19T20:31:32Z,Harlem River,22,WI,0.0,0.5,17.24,0.89,0.1,False
2026-09-19T20:31:32Z,Hendrix Creek,23,26,0.0,0.09,20.52,0.8,0.1,False
2026-09-19T20:31:32Z,Hudson River (Bronx),24,WI,0.0,0.62,4.38,0.79,0.1,False
2026-09-19T20:31:32Z,Hudson River (Manhattan),25,NR,0.0,0.41,8.4,1.16,0.1,False
2026-09-19T20:31:32Z,"Hutchinson River, Lower",26,HP,0.0,0.05,57.81,0.59,0.1,False
2026-09-19T20:31:32Z,Jamaica Bay (Brooklyn),27,26,0.0,1.46,1.43,1.97,0.1,False
2026-09-19T20:31:32Z,Jamaica Bay (Queens),42,JA,0.0,0.74,4.07,0.99,0.1,False
2026-09-19T20:31:32Z,Kill Van Kull,28,PR,0.0,0.44,9.88,1.46,0.1,False
2026-09-19T20:31:32Z,Little Neck Bay,29,TI,0.0,0.46,7.65,1.21,0.1,False
2026-09-19T20:31:32Z,Lower New York Bay,2,OB,0.0,1.3,2.06,1.45,0.1,False
2026-09-19T20:31:32Z,Mill Basin,31,CI,0.0,1.34,1.49,2.39,0.1,False
2026-09-19T20:31:32Z,Newark Bay,32,PR,0.0,0.39,11.52,1.43,0.1,False
2026-09-19T20:31:32Z,"Newtown Creek, Lower",34,NC,0.0,0.3,28.56,0.91,0.1,False
2026-09-19T20:31:32Z,"Newtown Creek, Upper",33,NC,0.0,0.23,49.45,0.78,0.1,False
2026-09-19T20:31:32Z,Paerdegat Basin,35,CI,0.0,0.38,11.25,1.38,0.1,False
2026-09-19T20:31:32Z,Powell Cove,36,TI,0.0,0.9,3.39,1.22,0.1,False
2026-09-19T20:31:32Z,Sheepshead Bay,37,CI,0.0,0.18,12.63,0.83,0.1,False
2026-09-19T20:31:32Z,Shellbank Basin,44,JA,0.0,0.34,10.55,1.15,0.1,False
2026-09-19T20:31:32Z,Spring Creek,38,26,0.0,0.64,11.14,1.08,0.1,False
2026-09-19T20:31:32Z,Thurston Basin,45,JA,0.0,0.05,32.63,0.79,0.1,False
2026-09-19T20:31:32Z,Upper New York Bay,39,OH,0.0,0.34,11.93,1.26,0.1,False
2026-09-19T20:31:32Z,Westchester Creek,40,HP,0.0,0.19,21.55,1.13,0.1,False
2026-09-19T20:31:32Z,Western Long Island Sound,41,HP,0.0,2.0,0.05,0.66,0.1,False
2026-09-19T22:26:57Z,Alley Creek,1,TI,0.0,0.05,37.04,0.62,0.1,False
2026-09-19T22:26:57Z,"Arthur Kill, Lower",3,OB,0.0,0.7,5.22,1.54,0.1,False
2026-09-19T22:26:57Z,"Arthur Kill, Upper",4,OB,0.0,0.1,23.08,0.83,0.1,False
2026-09-19T22:26:57Z,Bergen Basin,43,JA,0.0,0.05,34.41,0.7,0.1,False
2026-09-19T22:26:57Z,Bowery Bay,5,BB,0.0,0.29,11.25,1.06,0.1,False
2026-09-19T22:26:57Z,"Bronx River, Lower",6,HP,0.0,0.05,53.67,0.45,0.1,False
2026-09-19T22:26:57Z,Coney Island Creek,7,CI,0.0,0.05,69.6,0.3,0.1,False
2026-09-19T22:26:57Z,East River (near Steinway Creek),9,BB,0.0,0.54,14.96,0.9,0.1,False
2026-09-19T22:26:57Z,East River (near Throgs Neck),11,TI,0.0,1.0,3.0,1.47,0.1,False
2026-09-19T22:26:57Z,East River (RFK to Whitestone),10,TI,0.0,0.61,5.65,1.3,0.1,False
2026-09-19T22:26:57Z,"East River, Lower",8,NC,0.0,0.8,4.38,1.56,0.1,False
2026-09-19T22:26:57Z,Eastchester Bay,12,HP,0.0,1.53,1.51,1.62,0.1,False
2026-09-19T22:26:57Z,Erie Basin,13,RH,0.0,0.27,13.73,1.16,0.1,False
2026-09-19T22:26:57Z,Flushing Bay,14,BB,0.0,0.19,32.63,0.76,0.1,False
2026-09-19T22:26:57Z,Flushing Creek,15,TI,0.0,0.05,59.69,0.64,0.1,False
2026-09-19T22:26:57Z,Fresh Creek,16,26,0.0,0.05,30.38,0.67,0.1,False
2026-09-19T22:26:57Z,"Fresh Kills, Lower",17,PR,0.0,0.16,20.48,1.05,0.1,False
2026-09-19T22:26:57Z,"Fresh Kills, Upper",18,PR,0.0,0.15,39.81,0.81,0.1,False
2026-09-19T22:26:57Z,Gerritsen Creek,19,RK,0.0,0.4,7.9,1.07,0.1,False
2026-09-19T22:26:57Z,"Gowanus Canal, Inner",20,RH,0.0,0.23,15.08,1.09,0.1,False
2026-09-19T22:26:57Z,"Gowanus Canal, Outer",21,RH,0.0,0.46,28.85,0.92,0.1,False
2026-09-19T22:26:57Z,Gravesend Bay,30,OH,0.0,0.1,24.63,0.76,0.1,False
2026-09-19T22:26:57Z,Harlem River,22,WI,0.0,0.5,17.24,0.89,0.1,False
2026-09-19T22:26:57Z,Hendrix Creek,23,26,0.0,0.09,20.52,0.8,0.1,False
2026-09-19T22:26:57Z,Hudson River (Bronx),24,WI,0.0,0.62,4.38,0.79,0.1,False
2026-09-19T22:26:57Z,Hudson River (Manhattan),25,NR,0.0,0.41,8.4,1.16,0.1,False
2026-09-19T22:26:57Z,"Hutchinson River, Lower",26,HP,0.0,0.05,57.81,0.59,0.1,False
2026-09-19T22:26:57Z,Jamaica Bay (Brooklyn),27,26,0.0,1.46,1.43,1.97,0.1,False
2026-09-19T22:26:57Z,Jamaica Bay (Queens),42,JA,0.0,0.74,4.07,0.99,0.1,False
2026-09-19T22:26:57Z,Kill Van Kull,28,PR,0.0,0.44,9.88,1.46,0.1,False
2026-09-19T22:26:57Z,Little Neck Bay,29,TI,0.0,0.46,7.65,1.21,0.1,False
2026-09-19T22:26:57Z,Lower New York Bay,2,OB,0.0,1.3,2.06,1.45,0.1,False
2026-09-19T22:26:57Z,Mill Basin,31,CI,0.0,1.34,1.49,2.39,0.1,False
2026-09-19T22:26:57Z,Newark Bay,32,PR,0.0,0.39,11.52,1.43,0.1,False
2026-09-19T22:26:57Z,"Newtown Creek, Lower",34,NC,0.0,0.3,28.56,0.91,0.1,False
2026-09-19T22:26:57Z,"Newtown Creek, Upper",33,NC,0.0,0.23,49.45,0.78,0.1,False
2026-09-19T22:26:57Z,Paerdegat Basin,35,CI,0.0,0.38,11.25,1.38,0.1,False
2026-09-19T22:26:57Z,Powell Cove,36,TI,0.0,0.9,3.39,1.22,0.1,False
2026-09-19T22:26:57Z,Sheepshead Bay,37,CI,0.0,0.18,12.63,0.83,0.1,False
2026-09-19T22:26:57Z,Shellbank Basin,44,JA,0.0,0.34,10.55,1.15,0.1,False
2026-09-19T22:26:57Z,Spring Creek,38,26,0.0,0.64,11.14,1.08,0.1,False
2026-09-19T22:26:57Z,Thurston Basin,45,JA,0.0,0.05,32.63,0.79,0.1,False
2026-09-19T22:26:57Z,Upper New York Bay,39,OH,0.0,0.34,11.93,1.26,0.1,False
2026-09-19T22:26:57Z,Westchester Creek,40,HP,0.0,0.19,21.55,1.13,0.1,False
2026-09-19T22:26:57Z,Western Long Island Sound,41,HP,0.0,2.0,0.05,0.66,0.1,False
2026-09-20T00:19:57Z,Alley Creek,1,TI,0.0,0.05,37.04,0.62,0.1,False
2026-09-20T00:19:57Z,"Arthur Kill, Lower",3,OB,0.0,0.7,5.22,1.54,0.1,False
2026-09-20T00:19:57Z,"Arthur Kill, Upper",4,OB,0.0,0.1,23.08,0.83,0.1,False
2026-09-20T00:19:57Z,Bergen Basin,43,JA,0.0,0.05,34.41,0.7,0.1,False
2026-09-20T00:19:57Z,Bowery Bay,5,BB,0.0,0.29,11.25,1.06,0.1,False
2026-09-20T00:19:57Z,"Bronx River, Lower",6,HP,0.0,0.05,53.67,0.45,0.1,False
2026-09-20T00:19:57Z,Coney Island Creek,7,CI,0.0,0.05,69.6,0.3,0.1,False
2026-09-20T00:19:57Z,East River (near Steinway Creek),9,BB,0.0,0.54,14.96,0.9,0.1,False
2026-09-20T00:19:57Z,East River (near Throgs Neck),11,TI,0.0,1.0,3.0,1.47,0.1,False
2026-09-20T00:19:57Z,East River (RFK to Whitestone),10,TI,0.0,0.61,5.65,1.3,0.1,False
2026-09-20T00:19:57Z,"East River, Lower",8,NC,0.0,0.8,4.38,1.56,0.1,False
2026-09-20T00:19:57Z,Eastchester Bay,12,HP,0.0,1.53,1.51,1.62,0.1,False
2026-09-20T00:19:57Z,Erie Basin,13,RH,0.0,0.27,13.73,1.16,0.1,False
2026-09-20T00:19:57Z,Flushing Bay,14,BB,0.0,0.19,32.63,0.76,0.1,False
2026-09-20T00:19:57Z,Flushing Creek,15,TI,0.0,0.05,59.69,0.64,0.1,False
2026-09-20T00:19:57Z,Fresh Creek,16,26,0.0,0.05,30.38,0.67,0.1,False
2026-09-20T00:19:57Z,"Fresh Kills, Lower",17,PR,0.0,0.16,20.48,1.05,0.1,False
2026-09-20T00:19:57Z,"Fresh Kills, Upper",18,PR,0.0,0.15,39.81,0.81,0.1,False
2026-09-20T00:19:57Z,Gerritsen Creek,19,RK,0.0,0.4,7.9,1.07,0.1,False
2026-09-20T00:19:57Z,"Gowanus Canal, Inner",20,RH,0.0,0.23,15.08,1.09,0.1,False
2026-09-20T00:19:57Z,"Gowanus Canal, Outer",21,RH,0.0,0.46,28.85,0.92,0.1,False
2026-09-20T00:19:57Z,Gravesend Bay,30,OH,0.0,0.1,24.63,0.76,0.1,False
2026-09-20T00:19:57Z,Harlem River,22,WI,0.0,0.5,17.24,0.89,0.1,False
2026-09-20T00:19:57Z,Hendrix Creek,23,26,0.0,0.09,20.52,0.8,0.1,False
2026-09-20T00:19:57Z,Hudson River (Bronx),24,WI,0.0,0.62,4.38,0.79,0.1,False
2026-09-20T00:19:57Z,Hudson River (Manhattan),25,NR,0.0,0.41,8.4,1.16,0.1,False
2026-09-20T00:19:57Z,"Hutchinson River, Lower",26,HP,0.0,0.05,57.81,0.59,0.1,False
2026-09-20T00:19:57Z,Jamaica Bay (Brooklyn),27,26,0.0,1.46,1.43,1.97,0.1,False
2026-09-20T00:19:57Z,Jamaica Bay (Queens),42,JA,0.0,0.74,4.07,0.99,0.1,False
2026-09-20T00:19:57Z,Kill Van Kull,28,PR,0.0,0.44,9.88,1.46,0.1,False
2026-09-20T00:19:57Z,Little Neck Bay,29,TI,0.0,0.46,7.65,1.21,0.1,False
2026-09-20T00:19:57Z,Lower New York Bay,2,OB,0.0,1.3,2.06,1.45,0.1,False
2026-09-20T00:19:57Z,Mill Basin,31,CI,0.0,1.34,1.49,2.39,0.1,False
2026-09-20T00:19:57Z,Newark Bay,32,PR,0.0,0.39,11.52,1.43,0.1,False
2026-09-20T00:19:57Z,"Newtown Creek, Lower",34,NC,0.0,0.3,28.56,0.91,0.1,False
2026-09-20T00:19:57Z,"Newtown Creek, Upper",33,NC,0.0,0.23,49.45,0.78,0.1,False
2026-09-20T00:19:57Z,Paerdegat Basin,35,CI,0.0,0.38,11.25,1.38,0.1,False
2026-09-20T00:19:57Z,Powell Cove,36,TI,0.0,0.9,3.39,1.22,0.1,False
2026-09-20T00:19:57Z,Sheepshead Bay,37,CI,0.0,0.18,12.63,0.83,0.1,False
2026-09-20T00:19:57Z,Shellbank Basin,44,JA,0.0,0.34,10.55,1.15,0.1,False
2026-09-20T00:19:57Z,Spring Creek,38,26,0.0,0.64,11.14,1.08,0.1,False
2026-09-20T00:19:57Z,Thurston Basin,45,JA,0.0,0.05,32.63,0.79,0.1,False
2026-09-20T00:19:57Z,Upper New York Bay,39,OH,0.0,0.34,11.93,1.26,0.1,False
2026-09-20T00:19:57Z,Westchester Creek,40,HP,0.0,0.19,21.55,1.13,0.1,False
2026-09-20T00:19:57Z,Western Long Island Sound,41,HP,0.0,2.0,0.05,0.66,0.1,False
2026-09-20T05:19:44Z,Alley Creek,1,TI,0.0,0.05,37.04,0.62,0.1,False
2026-09-20T05:19:44Z,"Arthur Kill, Lower",3,OB,0.0,0.7,5.22,1.54,0.1,False
2026-09-20T05:19:44Z,"Arthur Kill, Upper",4,OB,0.0,0.1,23.08,0.83,0.1,False
2026-09-20T05:19:44Z,Bergen Basin,43,JA,0.0,0.05,34.41,0.7,0.1,False
2026-09-20T05:19:44Z,Bowery Bay,5,BB,0.0,0.29,11.25,1.06,0.1,False
2026-09-20T05:19:44Z,"Bronx River, Lower",6,HP,0.0,0.05,53.67,0.45,0.1,False
2026-09-20T05:19:44Z,Coney Island Creek,7,CI,0.0,0.05,69.6,0.3,0.1,False
2026-09-20T05:19:44Z,East River (near Steinway Creek),9,BB,0.0,0.54,14.96,0.9,0.1,False
2026-09-20T05:19:44Z,East River (near Throgs Neck),11,TI,0.0,1.0,3.0,1.47,0.1,False
2026-09-20T05:19:44Z,East River (RFK to Whitestone),10,TI,0.0,0.61,5.65,1.3,0.1,False
2026-09-20T05:19:44Z,"East River, Lower",8,NC,0.0,0.8,4.38,1.56,0.1,False
2026-09-20T05:19:44Z,Eastchester Bay,12,HP,0.0,1.53,1.51,1.62,0.1,False
2026-09-20T05:19:44Z,Erie Basin,13,RH,0.0,0.27,13.73,1.16,0.1,False
2026-09-20T05:19:44Z,Flushing Bay,14,BB,0.0,0.19,32.63,0.76,0.1,False
2026-09-20T05:19:44Z,Flushing Creek,15,TI,0.0,0.05,59.69,0.64,0.1,False
2026-09-20T05:19:44Z,Fresh Creek,16,26,0.0,0.05,30.38,0.67,0.1,False
2026-09-20T05:19:44Z,"Fresh Kills, Lower",17,PR,0.0,0.16,20.48,1.05,0.1,False
2026-09-20T05:19:44Z,"Fresh Kills, Upper",18,PR,0.0,0.15,39.81,0.81,0.1,False
2026-09-20T05:19:44Z,Gerritsen Creek,19,RK,0.0,0.4,7.9,1.07,0.1,False
2026-09-20T05:19:44Z,"Gowanus Canal, Inner",20,RH,0.0,0.23,15.08,1.09,0.1,False
2026-09-20T05:19:44Z,"Gowanus Canal, Outer",21,RH,0.0,0.46,28.85,0.92,0.1,False
2026-09-20T05:19:44Z,Gravesend Bay,30,OH,0.0,0.1,24.63,0.76,0.1,False
2026-09-20T05:19:44Z,Harlem River,22,WI,0.0,0.5,17.24,0.89,0.1,False
2026-09-20T05:19:44Z,Hendrix Creek,23,26,0.0,0.09,20.52,0.8,0.1,False
2026-09-20T05:19:44Z,Hudson River (Bronx),24,WI,0.0,0.62,4.38,0.79,0.1,False
2026-09-20T05:19:44Z,Hudson River (Manhattan),25,NR,0.0,0.41,8.4,1.16,0.1,False
2026-09-20T05:19:44Z,"Hutchinson River, Lower",26,HP,0.0,0.05,57.81,0.59,0.1,False
2026-09-20T05:19:44Z,Jamaica Bay (Brooklyn),27,26,0.0,1.46,1.43,1.97,0.1,False
2026-09-20T05:19:44Z,Jamaica Bay (Queens),42,JA,0.0,0.74,4.07,0.99,0.1,False
2026-09-20T05:19:44Z,Kill Van Kull,28,PR,0.0,0.44,9.88,1.46,0.1,False
2026-09-20T05:19:44Z,Little Neck Bay,29,TI,0.0,0.46,7.65,1.21,0.1,False
2026-09-20T05:19:44Z,Lower New York Bay,2,OB,0.0,1.3,2.06,1.45,0.1,False
2026-09-20T05:19:44Z,Mill Basin,31,CI,0.0,1.34,1.49,2.39,0.1,False
2026-09-20T05:19:44Z,Newark Bay,32,PR,0.0,0.39,11.52,1.43,0.1,False
2026-09-20T05:19:44Z,"Newtown Creek, Lower",34,NC,0.0,0.3,28.56,0.91,0.1,False
2026-09-20T05:19:44Z,"Newtown Creek, Upper",33,NC,0.0,0.23,49.45,0.78,0.1,False
2026-09-20T05:19:44Z,Paerdegat Basin,35,CI,0.0,0.38,11.25,1.38,0.1,False
2026-09-20T05:19:44Z,Powell Cove,36,TI,0.0,0.9,3.39,1.22,0.1,False
2026-09-20T05:19:44Z,Sheepshead Bay,37,CI,0.0,0.18,12.63,0.83,0.1,False
2026-09-20T05:19:44Z,Shellbank Basin,44,JA,0.0,0.34,10.55,1.15,0.1,False
2026-09-20T05:19:44Z,Spring Creek,38,26,0.0,0.64,11.14,1.08,0.1,False
2026-09-20T05:19:44Z,Thurston Basin,45,JA,0.0,0.05,32.63,0.79,0.1,False
2026-09-20T05:19:44Z,Upper New York Bay,39,OH,0.0,0.34,11.93,1.26,0.1,False
2026-09-20T05:19:44Z,Westchester Creek,40,HP,0.0,0.19,21.55,1.13,0.1,False
2026-09-20T05:19:44Z,Western Long Island Sound,41,HP,0.0,2.0,0.05,0.66,0.1,False
2026-09-20T10:03:08Z,Alley Creek,1,TI,0.0,0.05,37.04,0.62,0.1,False
2026-09-20T10:03:08Z,"Arthur Kill, Lower",3,OB,0.0,0.7,5.22,1.54,0.1,False
2026-09-20T10:03:08Z,"Arthur Kill, Upper",4,OB,0.0,0.1,23.08,0.83,0.1,False
2026-09-20T10:03:08Z,Bergen Basin,43,JA,0.0,0.05,34.41,0.7,0.1,False
2026-09-20T10:03:08Z,Bowery Bay,5,BB,0.0,0.29,11.25,1.06,0.1,False
2026-09-20T10:03:08Z,"Bronx River, Lower",6,HP,0.0,0.05,53.67,0.45,0.1,False
2026-09-20T10:03:08Z,Coney Island Creek,7,CI,0.0,0.05,69.6,0.3,0.1,False
2026-09-20T10:03:08Z,East River (near Steinway Creek),9,BB,0.0,0.54,14.96,0.9,0.1,False
2026-09-20T10:03:08Z,East River (near Throgs Neck),11,TI,0.0,1.0,3.0,1.47,0.1,False
2026-09-20T10:03:08Z,East River (RFK to Whitestone),10,TI,0.0,0.61,5.65,1.3,0.1,False
2026-09-20T10:03:08Z,"East River, Lower",8,NC,0.0,0.8,4.38,1.56,0.1,False
2026-09-20T10:03:08Z,Eastchester Bay,12,HP,0.0,1.53,1.51,1.62,0.1,False
2026-09-20T10:03:08Z,Erie Basin,13,RH,0.0,0.27,13.73,1.16,0.1,False
2026-09-20T10:03:08Z,Flushing Bay,14,BB,0.0,0.19,32.63,0.76,0.1,False
2026-09-20T10:03:08Z,Flushing Creek,15,TI,0.0,0.05,59.69,0.64,0.1,False
2026-09-20T10:03:08Z,Fresh Creek,16,26,0.0,0.05,30.38,0.67,0.1,False
2026-09-20T10:03:08Z,"Fresh Kills, Lower",17,PR,0.0,0.16,20.48,1.05,0.1,False
2026-09-20T10:03:08Z,"Fresh Kills, Upper",18,PR,0.0,0.15,39.81,0.81,0.1,False
2026-09-20T10:03:08Z,Gerritsen Creek,19,RK,0.0,0.4,7.9,1.07,0.1,False
2026-09-20T10:03:08Z,"Gowanus Canal, Inner",20,RH,0.0,0.23,15.08,1.09,0.1,False
2026-09-20T10:03:08Z,"Gowanus Canal, Outer",21,RH,0.0,0.46,28.85,0.92,0.1,False
2026-09-20T10:03:08Z,Gravesend Bay,30,OH,0.0,0.1,24.63,0.76,0.1,False
2026-09-20T10:03:08Z,Harlem River,22,WI,0.0,0.5,17.24,0.89,0.1,False
2026-09-20T10:03:08Z,Hendrix Creek,23,26,0.0,0.09,20.52,0.8,0.1,False
2026-09-20T10:03:08Z,Hudson River (Bronx),24,WI,0.0,0.62,4.38,0.79,0.1,False
2026-09-20T10:03:08Z,Hudson River (Manhattan),25,NR,0.0,0.41,8.4,1.16,0.1,False
2026-09-20T10:03:08Z,"Hutchinson River, Lower",26,HP,0.0,0.05,57.81,0.59,0.1,False
2026-09-20T10:03:08Z,Jamaica Bay (Brooklyn),27,26,0.0,1.46,1.43,1.97,0.1,False
2026-09-20T10:03:08Z,Jamaica Bay (Queens),42,JA,0.0,0.74,4.07,0.99,0.1,False
2026-09-20T10:03:08Z,Kill Van Kull,28,PR,0.0,0.44,9.88,1.46,0.1,False
2026-09-20T10:03:08Z,Little Neck Bay,29,TI,0.0,0.46,7.65,1.21,0.1,False
2026-09-20T10:03:08Z,Lower New York Bay,2,OB,0.0,1.3,2.06,1.45,0.1,False
2026-09-20T10:03:08Z,Mill Basin,31,CI,0.0,1.34,1.49,2.39,0.1,False
2026-09-20T10:03:08Z,Newark Bay,32,PR,0.0,0.39,11.52,1.43,0.1,False
2026-09-20T10:03:08Z,"Newtown Creek, Lower",34,NC,0.0,0.3,28.56,0.91,0.1,False
2026-09-20T10:03:08Z,"Newtown Creek, Upper",33,NC,0.0,0.23,49.45,0.78,0.1,False
2026-09-20T10:03:08Z,Paerdegat Basin,35,CI,0.0,0.38,11.25,1.38,0.1,False
2026-09-20T10:03:08Z,Powell Cove,36,TI,0.0,0.9,3.39,1.22,0.1,False
2026-09-20T10:03:08Z,Sheepshead Bay,37,CI,0.0,0.18,12.63,0.83,0.1,False
2026-09-20T10:03:08Z,Shellbank Basin,44,JA,0.0,0.34,10.55,1.15,0.1,False
2026-09-20T10:03:08Z,Spring Creek,38,26,0.0,0.64,11.14,1.08,0.1,False
2026-09-20T10:03:08Z,Thurston Basin,45,JA,0.0,0.05,32.63,0.79,0.1,False
2026-09-20T10:03:08Z,Upper New York Bay,39,OH,0.0,0.34,11.93,1.26,0.1,False
2026-09-20T10:03:08Z,Westchester Creek,40,HP,0.0,0.19,21.55,1.13,0.1,False
2026-09-20T10:03:08Z,Western Long Island Sound,41,HP,0.0,2.0,0.05,0.66,0.1,False
2026-09-20T14:08:29Z,Alley Creek,1,TI,0.03,0.05,37.04,0.62,0.1,False
2026-09-20T14:08:29Z,"Arthur Kill, Lower",3,OB,0.03,0.7,5.22,1.54,0.1,False
2026-09-20T14:08:29Z,"Arthur Kill, Upper",4,OB,0.03,0.1,23.08,0.83,0.1,False
2026-09-20T14:08:29Z,Bergen Basin,43,JA,0.06,0.05,34.41,0.7,0.1,True
2026-09-20T14:08:29Z,Bowery Bay,5,BB,0.03,0.29,11.25,1.06,0.1,False
2026-09-20T14:08:29Z,"Bronx River, Lower",6,HP,0.02,0.05,53.67,0.45,0.1,False
2026-09-20T14:08:29Z,Coney Island Creek,7,CI,0.06,0.05,69.6,0.3,0.1,True
2026-09-20T14:08:29Z,East River (near Steinway Creek),9,BB,0.03,0.54,14.96,0.9,0.1,False
2026-09-20T14:08:29Z,East River (near Throgs Neck),11,TI,0.03,1.0,3.0,1.47,0.1,False
2026-09-20T14:08:29Z,East River (RFK to Whitestone),10,TI,0.03,0.61,5.65,1.3,0.1,False
2026-09-20T14:08:29Z,"East River, Lower",8,NC,0.13,0.8,4.38,1.56,0.1,False
2026-09-20T14:08:29Z,Eastchester Bay,12,HP,0.02,1.53,1.51,1.62,0.1,False
2026-09-20T14:08:29Z,Erie Basin,13,RH,0.08,0.27,13.73,1.16,0.1,False
2026-09-20T14:08:29Z,Flushing Bay,14,BB,0.03,0.19,32.63,0.76,0.1,False
2026-09-20T14:08:29Z,Flushing Creek,15,TI,0.03,0.05,59.69,0.64,0.1,False
2026-09-20T14:08:29Z,Fresh Creek,16,26,0.0,0.05,30.38,0.67,0.1,False
2026-09-20T14:08:29Z,"Fresh Kills, Lower",17,PR,0.06,0.16,20.48,1.05,0.1,False
2026-09-20T14:08:29Z,"Fresh Kills, Upper",18,PR,0.06,0.15,39.81,0.81,0.1,False
2026-09-20T14:08:29Z,Gerritsen Creek,19,RK,0.12,0.4,7.9,1.07,0.1,False
2026-09-20T14:08:29Z,"Gowanus Canal, Inner",20,RH,0.08,0.23,15.08,1.09,0.1,False
2026-09-20T14:08:29Z,"Gowanus Canal, Outer",21,RH,0.08,0.46,28.85,0.92,0.1,False
2026-09-20T14:08:29Z,Gravesend Bay,30,OH,0.04,0.1,24.63,0.76,0.1,False
2026-09-20T14:08:29Z,Harlem River,22,WI,0.03,0.5,17.24,0.89,0.1,False
2026-09-20T14:08:29Z,Hendrix Creek,23,26,0.0,0.09,20.52,0.8,0.1,False
2026-09-20T14:08:29Z,Hudson River (Bronx),24,WI,0.03,0.62,4.38,0.79,0.1,False
2026-09-20T14:08:29Z,Hudson River (Manhattan),25,NR,0.02,0.41,8.4,1.16,0.1,False
2026-09-20T14:08:29Z,"Hutchinson River, Lower",26,HP,0.02,0.05,57.81,0.59,0.1,False
2026-09-20T14:08:29Z,Jamaica Bay (Brooklyn),27,26,0.0,1.46,1.43,1.97,0.1,False
2026-09-20T14:08:29Z,Jamaica Bay (Queens),42,JA,0.06,0.74,4.07,0.99,0.1,False
2026-09-20T14:08:29Z,Kill Van Kull,28,PR,0.06,0.44,9.88,1.46,0.1,False
2026-09-20T14:08:29Z,Little Neck Bay,29,TI,0.03,0.46,7.65,1.21,0.1,False
2026-09-20T14:08:29Z,Lower New York Bay,2,OB,0.03,1.3,2.06,1.45,0.1,False
2026-09-20T14:08:29Z,Mill Basin,31,CI,0.06,1.34,1.49,2.39,0.1,False
2026-09-20T14:08:29Z,Newark Bay,32,PR,0.06,0.39,11.52,1.43,0.1,False
2026-09-20T14:08:29Z,"Newtown Creek, Lower",34,NC,0.13,0.3,28.56,0.91,0.1,False
2026-09-20T14:08:29Z,"Newtown Creek, Upper",33,NC,0.13,0.23,49.45,0.78,0.1,False
2026-09-20T14:08:29Z,Paerdegat Basin,35,CI,0.06,0.38,11.25,1.38,0.1,False
2026-09-20T14:08:29Z,Powell Cove,36,TI,0.03,0.9,3.39,1.22,0.1,False
2026-09-20T14:08:29Z,Sheepshead Bay,37,CI,0.06,0.18,12.63,0.83,0.1,False
2026-09-20T14:08:29Z,Shellbank Basin,44,JA,0.06,0.34,10.55,1.15,0.1,False
2026-09-20T14:08:29Z,Spring Creek,38,26,0.0,0.64,11.14,1.08,0.1,False
2026-09-20T14:08:29Z,Thurston Basin,45,JA,0.06,0.05,32.63,0.79,0.1,True
2026-09-20T14:08:29Z,Upper New York Bay,39,OH,0.04,0.34,11.93,1.26,0.1,False
2026-09-20T14:08:29Z,Westchester Creek,40,HP,0.02,0.19,21.55,1.13,0.1,False
2026-09-20T14:08:29Z,Western Long Island Sound,41,HP,0.02,2.0,0.05,0.66,0.1,False
2026-09-20T17:38:17Z,Alley Creek,1,TI,0.0,0.05,37.04,0.62,0.1,False
2026-09-20T17:38:17Z,"Arthur Kill, Lower",3,OB,0.0,0.7,5.22,1.54,0.1,False
2026-09-20T17:38:17Z,"Arthur Kill, Upper",4,OB,0.0,0.1,23.08,0.83,0.1,False
2026-09-20T17:38:17Z,Bergen Basin,43,JA,0.0,0.05,34.41,0.7,0.1,False
2026-09-20T17:38:17Z,Bowery Bay,5,BB,0.0,0.29,11.25,1.06,0.1,False
2026-09-20T17:38:17Z,"Bronx River, Lower",6,HP,0.0,0.05,53.67,0.45,0.1,False
2026-09-20T17:38:17Z,Coney Island Creek,7,CI,0.0,0.05,69.6,0.3,0.1,False
2026-09-20T17:38:17Z,East River (near Steinway Creek),9,BB,0.0,0.54,14.96,0.9,0.1,False
2026-09-20T17:38:17Z,East River (near Throgs Neck),11,TI,0.0,1.0,3.0,1.47,0.1,False
2026-09-20T17:38:17Z,East River (RFK to Whitestone),10,TI,0.0,0.61,5.65,1.3,0.1,False
2026-09-20T17:38:17Z,"East River, Lower",8,NC,0.0,0.8,4.38,1.56,0.1,False
2026-09-20T17:38:17Z,Eastchester Bay,12,HP,0.0,1.53,1.51,1.62,0.1,False
2026-09-20T17:38:17Z,Erie Basin,13,RH,0.0,0.27,13.73,1.16,0.1,False
2026-09-20T17:38:17Z,Flushing Bay,14,BB,0.0,0.19,32.63,0.76,0.1,False
2026-09-20T17:38:17Z,Flushing Creek,15,TI,0.0,0.05,59.69,0.64,0.1,False
2026-09-20T17:38:17Z,Fresh Creek,16,26,0.0,0.05,30.38,0.67,0.1,False
2026-09-20T17:38:17Z,"Fresh Kills, Lower",17,PR,0.0,0.16,20.48,1.05,0.1,False
2026-09-20T17:38:17Z,"Fresh Kills, Upper",18,PR,0.0,0.15,39.81,0.81,0.1,False
2026-09-20T17:38:17Z,Gerritsen Creek,19,RK,0.0,0.4,7.9,1.07,0.1,False
2026-09-20T17:38:17Z,"Gowanus Canal, Inner",20,RH,0.0,0.23,15.08,1.09,0.1,False
2026-09-20T17:38:17Z,"Gowanus Canal, Outer",21,RH,0.0,0.46,28.85,0.92,0.1,False
2026-09-20T17:38:17Z,Gravesend Bay,30,OH,0.0,0.1,24.63,0.76,0.1,False
2026-09-20T17:38:17Z,Harlem River,22,WI,0.0,0.5,17.24,0.89,0.1,False
2026-09-20T17:38:17Z,Hendrix Creek,23,26,0.0,0.09,20.52,0.8,0.1,False
2026-09-20T17:38:17Z,Hudson River (Bronx),24,WI,0.0,0.62,4.38,0.79,0.1,False
2026-09-20T17:38:17Z,Hudson River (Manhattan),25,NR,0.0,0.41,8.4,1.16,0.1,False
2026-09-20T17:38:17Z,"Hutchinson River, Lower",26,HP,0.0,0.05,57.81,0.59,0.1,False
2026-09-20T17:38:17Z,Jamaica Bay (Brooklyn),27,26,0.0,1.46,1.43,1.97,0.1,False
2026-09-20T17:38:17Z,Jamaica Bay (Queens),42,JA,0.0,0.74,4.07,0.99,0.1,False
2026-09-20T17:38:17Z,Kill Van Kull,28,PR,0.0,0.44,9.88,1.46,0.1,False
2026-09-20T17:38:17Z,Little Neck Bay,29,TI,0.0,0.46,7.65,1.21,0.1,False
2026-09-20T17:38:17Z,Lower New York Bay,2,OB,0.0,1.3,2.06,1.45,0.1,False
2026-09-20T17:38:17Z,Mill Basin,31,CI,0.0,1.34,1.49,2.39,0.1,False
2026-09-20T17:38:17Z,Newark Bay,32,PR,0.0,0.39,11.52,1.43,0.1,False
2026-09-20T17:38:17Z,"Newtown Creek, Lower",34,NC,0.0,0.3,28.56,0.91,0.1,False
2026-09-20T17:38:17Z,"Newtown Creek, Upper",33,NC,0.0,0.23,49.45,0.78,0.1,False
2026-09-20T17:38:17Z,Paerdegat Basin,35,CI,0.0,0.38,11.25,1.38,0.1,False
2026-09-20T17:38:17Z,Powell Cove,36,TI,0.0,0.9,3.39,1.22,0.1,False
2026-09-20T17:38:17Z,Sheepshead Bay,37,CI,0.0,0.18,12.63,0.83,0.1,False
2026-09-20T17:38:17Z,Shellbank Basin,44,JA,0.0,0.34,10.55,1.15,0.1,False
2026-09-20T17:38:17Z,Spring Creek,38,26,0.0,0.64,11.14,1.08,0.1,False
2026-09-20T17:38:17Z,Thurston Basin,45,JA,0.0,0.05,32.63,0.79,0.1,False
2026-09-20T17:38:17Z,Upper New York Bay,39,OH,0.0,0.34,11.93,1.26,0.1,False
2026-09-20T17:38:17Z,Westchester Creek,40,HP,0.0,0.19,21.55,1.13,0.1,False
2026-09-20T17:38:17Z,Western Long Island Sound,41,HP,0.0,2.0,0.05,0.66,0.1,False
2026-09-20T20:43:51Z,Alley Creek,1,TI,0.02,0.05,37.04,0.62,0.1,False
2026-09-20T20:43:51Z,"Arthur Kill, Lower",3,OB,0.01,0.7,5.22,1.54,0.1,False
2026-09-20T20:43:51Z,"Arthur Kill, Upper",4,OB,0.01,0.1,23.08,0.83,0.1,False
2026-09-20T20:43:51Z,Bergen Basin,43,JA,0.01,0.05,34.41,0.7,0.1,False
2026-09-20T20:43:51Z,Bowery Bay,5,BB,0.03,0.29,11.25,1.06,0.1,False
2026-09-20T20:43:51Z,"Bronx River, Lower",6,HP,0.01,0.05,53.67,0.45,0.1,False
2026-09-20T20:43:51Z,Coney Island Creek,7,CI,0.01,0.05,69.6,0.3,0.1,False
2026-09-20T20:43:51Z,East River (near Steinway Creek),9,BB,0.03,0.54,14.96,0.9,0.1,False
2026-09-20T20:43:51Z,East River (near Throgs Neck),11,TI,0.02,1.0,3.0,1.47,0.1,False
2026-09-20T20:43:51Z,East River (RFK to Whitestone),10,TI,0.02,0.61,5.65,1.3,0.1,False
2026-09-20T20:43:51Z,"East River, Lower",8,NC,0.03,0.8,4.38,1.56,0.1,False
2026-09-20T20:43:51Z,Eastchester Bay,12,HP,0.01,1.53,1.51,1.62,0.1,False
2026-09-20T20:43:51Z,Erie Basin,13,RH,0.05,0.27,13.73,1.16,0.1,False
2026-09-20T20:43:51Z,Flushing Bay,14,BB,0.03,0.19,32.63,0.76,0.1,False
2026-09-20T20:43:51Z,Flushing Creek,15,TI,0.02,0.05,59.69,0.64,0.1,False
2026-09-20T20:43:51Z,Fresh Creek,16,26,0.0,0.05,30.38,0.67,0.1,False
2026-09-20T20:43:51Z,"Fresh Kills, Lower",17,PR,0.03,0.16,20.48,1.05,0.1,False
2026-09-20T20:43:51Z,"Fresh Kills, Upper",18,PR,0.03,0.15,39.81,0.81,0.1,False
2026-09-20T20:43:51Z,Gerritsen Creek,19,RK,0.0,0.4,7.9,1.07,0.1,False
2026-09-20T20:43:51Z,"Gowanus Canal, Inner",20,RH,0.05,0.23,15.08,1.09,0.1,False
2026-09-20T20:43:51Z,"Gowanus Canal, Outer",21,RH,0.05,0.46,28.85,0.92,0.1,False
2026-09-20T20:43:51Z,Gravesend Bay,30,OH,0.03,0.1,24.63,0.76,0.1,False
2026-09-20T20:43:51Z,Harlem River,22,WI,0.03,0.5,17.24,0.89,0.1,False
2026-09-20T20:43:51Z,Hendrix Creek,23,26,0.0,0.09,20.52,0.8,0.1,False
2026-09-20T20:43:51Z,Hudson River (Bronx),24,WI,0.03,0.62,4.38,0.79,0.1,False
2026-09-20T20:43:51Z,Hudson River (Manhattan),25,NR,0.02,0.41,8.4,1.16,0.1,False
2026-09-20T20:43:51Z,"Hutchinson River, Lower",26,HP,0.01,0.05,57.81,0.59,0.1,False
2026-09-20T20:43:51Z,Jamaica Bay (Brooklyn),27,26,0.0,1.46,1.43,1.97,0.1,False
2026-09-20T20:43:51Z,Jamaica Bay (Queens),42,JA,0.01,0.74,4.07,0.99,0.1,False
2026-09-20T20:43:51Z,Kill Van Kull,28,PR,0.03,0.44,9.88,1.46,0.1,False
2026-09-20T20:43:51Z,Little Neck Bay,29,TI,0.02,0.46,7.65,1.21,0.1,False
2026-09-20T20:43:51Z,Lower New York Bay,2,OB,0.01,1.3,2.06,1.45,0.1,False
2026-09-20T20:43:51Z,Mill Basin,31,CI,0.01,1.34,1.49,2.39,0.1,False
2026-09-20T20:43:51Z,Newark Bay,32,PR,0.03,0.39,11.52,1.43,0.1,False
2026-09-20T20:43:51Z,"Newtown Creek, Lower",34,NC,0.03,0.3,28.56,0.91,0.1,False
2026-09-20T20:43:51Z,"Newtown Creek, Upper",33,NC,0.03,0.23,49.45,0.78,0.1,False
2026-09-20T20:43:51Z,Paerdegat Basin,35,CI,0.01,0.38,11.25,1.38,0.1,False
2026-09-20T20:43:51Z,Powell Cove,36,TI,0.02,0.9,3.39,1.22,0.1,False
2026-09-20T20:43:51Z,Sheepshead Bay,37,CI,0.01,0.18,12.63,0.83,0.1,False
2026-09-20T20:43:51Z,Shellbank Basin,44,JA,0.01,0.34,10.55,1.15,0.1,False
2026-09-20T20:43:51Z,Spring Creek,38,26,0.0,0.64,11.14,1.08,0.1,False
2026-09-20T20:43:51Z,Thurston Basin,45,JA,0.01,0.05,32.63,0.79,0.1,False
2026-09-20T20:43:51Z,Upper New York Bay,39,OH,0.03,0.34,11.93,1.26,0.1,False
2026-09-20T20:43:51Z,Westchester Creek,40,HP,0.01,0.19,21.55,1.13,0.1,False
2026-09-20T20:43:51Z,Western Long Island Sound,41,HP,0.01,2.0,0.05,0.66,0.1,False
2026-09-20T23:10:08Z,Alley Creek,1,TI,0.0,0.05,37.04,0.62,0.1,False
2026-09-20T23:10:08Z,"Arthur Kill, Lower",3,OB,0.0,0.7,5.22,1.54,0.1,False
2026-09-20T23:10:08Z,"Arthur Kill, Upper",4,OB,0.0,0.1,23.08,0.83,0.1,False
2026-09-20T23:10:08Z,Bergen Basin,43,JA,0.01,0.05,34.41,0.7,0.1,False
2026-09-20T23:10:08Z,Bowery Bay,5,BB,0.01,0.29,11.25,1.06,0.1,False
2026-09-20T23:10:08Z,"Bronx River, Lower",6,HP,0.0,0.05,53.67,0.45,0.1,False
2026-09-20T23:10:08Z,Coney Island Creek,7,CI,0.0,0.05,69.6,0.3,0.1,False
2026-09-20T23:10:08Z,East River (near Steinway Creek),9,BB,0.01,0.54,14.96,0.9,0.1,False
2026-09-20T23:10:08Z,East River (near Throgs Neck),11,TI,0.0,1.0,3.0,1.47,0.1,False
2026-09-20T23:10:08Z,East River (RFK to Whitestone),10,TI,0.0,0.61,5.65,1.3,0.1,False
2026-09-20T23:10:08Z,"East River, Lower",8,NC,0.01,0.8,4.38,1.56,0.1,False
2026-09-20T23:10:08Z,Eastchester Bay,12,HP,0.0,1.53,1.51,1.62,0.1,False
2026-09-20T23:10:08Z,Erie Basin,13,RH,0.0,0.27,13.73,1.16,0.1,False
2026-09-20T23:10:08Z,Flushing Bay,14,BB,0.01,0.19,32.63,0.76,0.1,False
2026-09-20T23:10:08Z,Flushing Creek,15,TI,0.0,0.05,59.69,0.64,0.1,False
2026-09-20T23:10:08Z,Fresh Creek,16,26,0.0,0.05,30.38,0.67,0.1,False
2026-09-20T23:10:08Z,"Fresh Kills, Lower",17,PR,0.0,0.16,20.48,1.05,0.1,False
2026-09-20T23:10:08Z,"Fresh Kills, Upper",18,PR,0.0,0.15,39.81,0.81,0.1,False
2026-09-20T23:10:08Z,Gerritsen Creek,19,RK,0.0,0.4,7.9,1.07,0.1,False
2026-09-20T23:10:08Z,"Gowanus Canal, Inner",20,RH,0.0,0.23,15.08,1.09,0.1,False
2026-09-20T23:10:08Z,"Gowanus Canal, Outer",21,RH,0.0,0.46,28.85,0.92,0.1,False
2026-09-20T23:10:08Z,Gravesend Bay,30,OH,0.0,0.1,24.63,0.76,0.1,False
2026-09-20T23:10:08Z,Harlem River,22,WI,0.0,0.5,17.24,0.89,0.1,False
2026-09-20T23:10:08Z,Hendrix Creek,23,26,0.0,0.09,20.52,0.8,0.1,False
2026-09-20T23:10:08Z,Hudson River (Bronx),24,WI,0.0,0.62,4.38,0.79,0.1,False
2026-09-20T23:10:08Z,Hudson River (Manhattan),25,NR,0.01,0.41,8.4,1.16,0.1,False
2026-09-20T23:10:08Z,"Hutchinson River, Lower",26,HP,0.0,0.05,57.81,0.59,0.1,False
2026-09-20T23:10:08Z,Jamaica Bay (Brooklyn),27,26,0.0,1.46,1.43,1.97,0.1,False
2026-09-20T23:10:08Z,Jamaica Bay (Queens),42,JA,0.01,0.74,4.07,0.99,0.1,False
2026-09-20T23:10:08Z,Kill Van Kull,28,PR,0.0,0.44,9.88,1.46,0.1,False
2026-09-20T23:10:08Z,Little Neck Bay,29,TI,0.0,0.46,7.65,1.21,0.1,False
2026-09-20T23:10:08Z,Lower New York Bay,2,OB,0.0,1.3,2.06,1.45,0.1,False
2026-09-20T23:10:08Z,Mill Basin,31,CI,0.0,1.34,1.49,2.39,0.1,False
2026-09-20T23:10:08Z,Newark Bay,32,PR,0.0,0.39,11.52,1.43,0.1,False
2026-09-20T23:10:08Z,"Newtown Creek, Lower",34,NC,0.01,0.3,28.56,0.91,0.1,False
2026-09-20T23:10:08Z,"Newtown Creek, Upper",33,NC,0.01,0.23,49.45,0.78,0.1,False
2026-09-20T23:10:08Z,Paerdegat Basin,35,CI,0.0,0.38,11.25,1.38,0.1,False
2026-09-20T23:10:08Z,Powell Cove,36,TI,0.0,0.9,3.39,1.22,0.1,False
2026-09-20T23:10:08Z,Sheepshead Bay,37,CI,0.0,0.18,12.63,0.83,0.1,False
2026-09-20T23:10:08Z,Shellbank Basin,44,JA,0.01,0.34,10.55,1.15,0.1,False
2026-09-20T23:10:08Z,Spring Creek,38,26,0.0,0.64,11.14,1.08,0.1,False
2026-09-20T23:10:08Z,Thurston Basin,45,JA,0.01,0.05,32.63,0.79,0.1,False
2026-09-20T23:10:08Z,Upper New York Bay,39,OH,0.0,0.34,11.93,1.26,0.1,False
2026-09-20T23:10:08Z,Westchester Creek,40,HP,0.0,0.19,21.55,1.13,0.1,False
2026-09-20T23:10:08Z,Western Long Island Sound,41,HP,0.0,2.0,0.05,0.66,0.1,False
2026-09-21T01:32:58Z,Alley Creek,1,TI,0.0,0.05,37.04,0.62,0.1,False
2026-09-21T01:32:58Z,"Arthur Kill, Lower",3,OB,0.0,0.7,5.22,1.54,0.1,False
2026-09-21T01:32:58Z,"Arthur Kill, Upper",4,OB,0.0,0.1,23.08,0.83,0.1,False
2026-09-21T01:32:58Z,Bergen Basin,43,JA,0.0,0.05,34.41,0.7,0.1,False
2026-09-21T01:32:58Z,Bowery Bay,5,BB,0.0,0.29,11.25,1.06,0.1,False
2026-09-21T01:32:58Z,"Bronx River, Lower",6,HP,0.0,0.05,53.67,0.45,0.1,False
2026-09-21T01:32:58Z,Coney Island Creek,7,CI,0.0,0.05,69.6,0.3,0.1,False
2026-09-21T01:32:58Z,East River (near Steinway Creek),9,BB,0.0,0.54,14.96,0.9,0.1,False
2026-09-21T01:32:58Z,East River (near Throgs Neck),11,TI,0.0,1.0,3.0,1.47,0.1,False
2026-09-21T01:32:58Z,East River (RFK to Whitestone),10,TI,0.0,0.61,5.65,1.3,0.1,False
2026-09-21T01:32:58Z,"East River, Lower",8,NC,0.0,0.8,4.38,1.56,0.1,False
2026-09-21T01:32:58Z,Eastchester Bay,12,HP,0.0,1.53,1.51,1.62,0.1,False
2026-09-21T01:32:58Z,Erie Basin,13,RH,0.0,0.27,13.73,1.16,0.1,False
2026-09-21T01:32:58Z,Flushing Bay,14,BB,0.0,0.19,32.63,0.76,0.1,False
2026-09-21T01:32:58Z,Flushing Creek,15,TI,0.0,0.05,59.69,0.64,0.1,False
2026-09-21T01:32:58Z,Fresh Creek,16,26,0.0,0.05,30.38,0.67,0.1,False
2026-09-21T01:32:58Z,"Fresh Kills, Lower",17,PR,0.0,0.16,20.48,1.05,0.1,False
2026-09-21T01:32:58Z,"Fresh Kills, Upper",18,PR,0.0,0.15,39.81,0.81,0.1,False
2026-09-21T01:32:58Z,Gerritsen Creek,19,RK,0.0,0.4,7.9,1.07,0.1,False
2026-09-21T01:32:58Z,"Gowanus Canal, Inner",20,RH,0.0,0.23,15.08,1.09,0.1,False
2026-09-21T01:32:58Z,"Gowanus Canal, Outer",21,RH,0.0,0.46,28.85,0.92,0.1,False
2026-09-21T01:32:58Z,Gravesend Bay,30,OH,0.0,0.1,24.63,0.76,0.1,False
2026-09-21T01:32:58Z,Harlem River,22,WI,0.0,0.5,17.24,0.89,0.1,False
2026-09-21T01:32:58Z,Hendrix Creek,23,26,0.0,0.09,20.52,0.8,0.1,False
2026-09-21T01:32:58Z,Hudson River (Bronx),24,WI,0.0,0.62,4.38,0.79,0.1,False
2026-09-21T01:32:58Z,Hudson River (Manhattan),25,NR,0.0,0.41,8.4,1.16,0.1,False
2026-09-21T01:32:58Z,"Hutchinson River, Lower",26,HP,0.0,0.05,57.81,0.59,0.1,False
2026-09-21T01:32:58Z,Jamaica Bay (Brooklyn),27,26,0.0,1.46,1.43,1.97,0.1,False
2026-09-21T01:32:58Z,Jamaica Bay (Queens),42,JA,0.0,0.74,4.07,0.99,0.1,False
2026-09-21T01:32:58Z,Kill Van Kull,28,PR,0.0,0.44,9.88,1.46,0.1,False
2026-09-21T01:32:58Z,Little Neck Bay,29,TI,0.0,0.46,7.65,1.21,0.1,False
2026-09-21T01:32:58Z,Lower New York Bay,2,OB,0.0,1.3,2.06,1.45,0.1,False
2026-09-21T01:32:58Z,Mill Basin,31,CI,0.0,1.34,1.49,2.39,0.1,False
2026-09-21T01:32:58Z,Newark Bay,32,PR,0.0,0.39,11.52,1.43,0.1,False
2026-09-21T01:32:58Z,"Newtown Creek, Lower",34,NC,0.0,0.3,28.56,0.91,0.1,False
2026-09-21T01:32:58Z,"Newtown Creek, Upper",33,NC,0.0,0.23,49.45,0.78,0.1,False
2026-09-21T01:32:58Z,Paerdegat Basin,35,CI,0.0,0.38,11.25,1.38,0.1,False
2026-09-21T01:32:58Z,Powell Cove,36,TI,0.0,0.9,3.39,1.22,0.1,False
2026-09-21T01:32:58Z,Sheepshead Bay,37,CI,0.0,0.18,12.63,0.83,0.1,False
2026-09-21T01:32:58Z,Shellbank Basin,44,JA,0.0,0.34,10.55,1.15,0.1,False
2026-09-21T01:32:58Z,Spring Creek,38,26,0.0,0.64,11.14,1.08,0.1,False
2026-09-21T01:32:58Z,Thurston Basin,45,JA,0.0,0.05,32.63,0.79,0.1,False
2026-09-21T01:32:58Z,Upper New York Bay,39,OH,0.0,0.34,11.93,1.26,0.1,False
2026-09-21T01:32:58Z,Westchester Creek,40,HP,0.0,0.19,21.55,1.13,0.1,False
2026-09-21T01:32:58Z,Western Long Island Sound,41,HP,0.0,2.0,0.05,0.66,0.1,False
2026-09-21T07:02:24Z,Alley Creek,1,TI,0.0,0.05,37.04,0.62,0.1,False
2026-09-21T07:02:24Z,"Arthur Kill, Lower",3,OB,0.06,0.7,5.22,1.54,0.1,False
2026-09-21T07:02:24Z,"Arthur Kill, Upper",4,OB,0.06,0.1,23.08,0.83,0.1,False
2026-09-21T07:02:24Z,Bergen Basin,43,JA,0.0,0.05,34.41,0.7,0.1,False
2026-09-21T07:02:24Z,Bowery Bay,5,BB,0.0,0.29,11.25,1.06,0.1,False
2026-09-21T07:02:24Z,"Bronx River, Lower",6,HP,0.0,0.05,53.67,0.45,0.1,False
2026-09-21T07:02:24Z,Coney Island Creek,7,CI,0.01,0.05,69.6,0.3,0.1,False
2026-09-21T07:02:24Z,East River (near Steinway Creek),9,BB,0.0,0.54,14.96,0.9,0.1,False
2026-09-21T07:02:24Z,East River (near Throgs Neck),11,TI,0.0,1.0,3.0,1.47,0.1,False
2026-09-21T07:02:24Z,East River (RFK to Whitestone),10,TI,0.0,0.61,5.65,1.3,0.1,False
2026-09-21T07:02:24Z,"East River, Lower",8,NC,0.02,0.8,4.38,1.56,0.1,False
2026-09-21T07:02:24Z,Eastchester Bay,12,HP,0.0,1.53,1.51,1.62,0.1,False
2026-09-21T07:02:24Z,Erie Basin,13,RH,0.01,0.27,13.73,1.16,0.1,False
2026-09-21T07:02:24Z,Flushing Bay,14,BB,0.0,0.19,32.63,0.76,0.1,False
2026-09-21T07:02:24Z,Flushing Creek,15,TI,0.0,0.05,59.69,0.64,0.1,False
2026-09-21T07:02:24Z,Fresh Creek,16,26,0.0,0.05,30.38,0.67,0.1,False
2026-09-21T07:02:24Z,"Fresh Kills, Lower",17,PR,0.1,0.16,20.48,1.05,0.1,False
2026-09-21T07:02:24Z,"Fresh Kills, Upper",18,PR,0.1,0.15,39.81,0.81,0.1,False
2026-09-21T07:02:24Z,Gerritsen Creek,19,RK,0.14,0.4,7.9,1.07,0.1,False
2026-09-21T07:02:24Z,"Gowanus Canal, Inner",20,RH,0.01,0.23,15.08,1.09,0.1,False
2026-09-21T07:02:24Z,"Gowanus Canal, Outer",21,RH,0.01,0.46,28.85,0.92,0.1,False
2026-09-21T07:02:24Z,Gravesend Bay,30,OH,0.04,0.1,24.63,0.76,0.1,False
2026-09-21T07:02:24Z,Harlem River,22,WI,0.0,0.5,17.24,0.89,0.1,False
2026-09-21T07:02:24Z,Hendrix Creek,23,26,0.0,0.09,20.52,0.8,0.1,False
2026-09-21T07:02:24Z,Hudson River (Bronx),24,WI,0.0,0.62,4.38,0.79,0.1,False
2026-09-21T07:02:24Z,Hudson River (Manhattan),25,NR,0.0,0.41,8.4,1.16,0.1,False
2026-09-21T07:02:24Z,"Hutchinson River, Lower",26,HP,0.0,0.05,57.81,0.59,0.1,False
2026-09-21T07:02:24Z,Jamaica Bay (Brooklyn),27,26,0.0,1.46,1.43,1.97,0.1,False
2026-09-21T07:02:24Z,Jamaica Bay (Queens),42,JA,0.0,0.74,4.07,0.99,0.1,False
2026-09-21T07:02:24Z,Kill Van Kull,28,PR,0.1,0.44,9.88,1.46,0.1,False
2026-09-21T07:02:24Z,Little Neck Bay,29,TI,0.0,0.46,7.65,1.21,0.1,False
2026-09-21T07:02:24Z,Lower New York Bay,2,OB,0.06,1.3,2.06,1.45,0.1,False
2026-09-21T07:02:24Z,Mill Basin,31,CI,0.01,1.34,1.49,2.39,0.1,False
2026-09-21T07:02:24Z,Newark Bay,32,PR,0.1,0.39,11.52,1.43,0.1,False
2026-09-21T07:02:24Z,"Newtown Creek, Lower",34,NC,0.02,0.3,28.56,0.91,0.1,False
2026-09-21T07:02:24Z,"Newtown Creek, Upper",33,NC,0.02,0.23,49.45,0.78,0.1,False
2026-09-21T07:02:24Z,Paerdegat Basin,35,CI,0.01,0.38,11.25,1.38,0.1,False
2026-09-21T07:02:24Z,Powell Cove,36,TI,0.0,0.9,3.39,1.22,0.1,False
2026-09-21T07:02:24Z,Sheepshead Bay,37,CI,0.01,0.18,12.63,0.83,0.1,False
2026-09-21T07:02:24Z,Shellbank Basin,44,JA,0.0,0.34,10.55,1.15,0.1,False
2026-09-21T07:02:24Z,Spring Creek,38,26,0.0,0.64,11.14,1.08,0.1,False
2026-09-21T07:02:24Z,Thurston Basin,45,JA,0.0,0.05,32.63,0.79,0.1,False
2026-09-21T07:02:24Z,Upper New York Bay,39,OH,0.04,0.34,11.93,1.26,0.1,False
2026-09-21T07:02:24Z,Westchester Creek,40,HP,0.0,0.19,21.55,1.13,0.1,False
2026-09-21T07:02:24Z,Western Long Island Sound,41,HP,0.0,2.0,0.05,0.66,0.1,False
2026-09-21T13:56:56Z,Alley Creek,1,TI,0.0,0.05,37.04,0.62,0.1,False
2026-09-21T13:56:56Z,"Arthur Kill, Lower",3,OB,0.0,0.7,5.22,1.54,0.1,False
2026-09-21T13:56:56Z,"Arthur Kill, Upper",4,OB,0.0,0.1,23.08,0.83,0.1,False
2026-09-21T13:56:56Z,Bergen Basin,43,JA,0.0,0.05,34.41,0.7,0.1,False
2026-09-21T13:56:56Z,Bowery Bay,5,BB,0.0,0.29,11.25,1.06,0.1,False
2026-09-21T13:56:56Z,"Bronx River, Lower",6,HP,0.0,0.05,53.67,0.45,0.1,False
2026-09-21T13:56:56Z,Coney Island Creek,7,CI,0.0,0.05,69.6,0.3,0.1,False
2026-09-21T13:56:56Z,East River (near Steinway Creek),9,BB,0.0,0.54,14.96,0.9,0.1,False
2026-09-21T13:56:56Z,East River (near Throgs Neck),11,TI,0.0,1.0,3.0,1.47,0.1,False
2026-09-21T13:56:56Z,East River (RFK to Whitestone),10,TI,0.0,0.61,5.65,1.3,0.1,False
2026-09-21T13:56:56Z,"East River, Lower",8,NC,0.0,0.8,4.38,1.56,0.1,False
2026-09-21T13:56:56Z,Eastchester Bay,12,HP,0.0,1.53,1.51,1.62,0.1,False
2026-09-21T13:56:56Z,Erie Basin,13,RH,0.0,0.27,13.73,1.16,0.1,False
2026-09-21T13:56:56Z,Flushing Bay,14,BB,0.0,0.19,32.63,0.76,0.1,False
2026-09-21T13:56:56Z,Flushing Creek,15,TI,0.0,0.05,59.69,0.64,0.1,False
2026-09-21T13:56:56Z,Fresh Creek,16,26,0.0,0.05,30.38,0.67,0.1,False
2026-09-21T13:56:56Z,"Fresh Kills, Lower",17,PR,0.0,0.16,20.48,1.05,0.1,False
2026-09-21T13:56:56Z,"Fresh Kills, Upper",18,PR,0.0,0.15,39.81,0.81,0.1,False
2026-09-21T13:56:56Z,Gerritsen Creek,19,RK,0.0,0.4,7.9,1.07,0.1,False
2026-09-21T13:56:56Z,"Gowanus Canal, Inner",20,RH,0.0,0.23,15.08,1.09,0.1,False
2026-09-21T13:56:56Z,"Gowanus Canal, Outer",21,RH,0.0,0.46,28.85,0.92,0.1,False
2026-09-21T13:56:56Z,Gravesend Bay,30,OH,0.0,0.1,24.63,0.76,0.1,False
2026-09-21T13:56:56Z,Harlem River,22,WI,0.0,0.5,17.24,0.89,0.1,False
2026-09-21T13:56:56Z,Hendrix Creek,23,26,0.0,0.09,20.52,0.8,0.1,False
2026-09-21T13:56:56Z,Hudson River (Bronx),24,WI,0.0,0.62,4.38,0.79,0.1,False
2026-09-21T13:56:56Z,Hudson River (Manhattan),25,NR,0.0,0.41,8.4,1.16,0.1,False
2026-09-21T13:56:56Z,"Hutchinson River, Lower",26,HP,0.0,0.05,57.81,0.59,0.1,False
2026-09-21T13:56:56Z,Jamaica Bay (Brooklyn),27,26,0.0,1.46,1.43,1.97,0.1,False
2026-09-21T13:56:56Z,Jamaica Bay (Queens),42,JA,0.0,0.74,4.07,0.99,0.1,False
2026-09-21T13:56:56Z,Kill Van Kull,28,PR,0.0,0.44,9.88,1.46,0.1,False
2026-09-21T13:56:56Z,Little Neck Bay,29,TI,0.0,0.46,7.65,1.21,0.1,False
2026-09-21T13:56:56Z,Lower New York Bay,2,OB,0.0,1.3,2.06,1.45,0.1,False
2026-09-21T13:56:56Z,Mill Basin,31,CI,0.0,1.34,1.49,2.39,0.1,False
2026-09-21T13:56:56Z,Newark Bay,32,PR,0.0,0.39,11.52,1.43,0.1,False
2026-09-21T13:56:56Z,"Newtown Creek, Lower",34,NC,0.0,0.3,28.56,0.91,0.1,False
2026-09-21T13:56:56Z,"Newtown Creek, Upper",33,NC,0.0,0.23,49.45,0.78,0.1,False
2026-09-21T13:56:56Z,Paerdegat Basin,35,CI,0.0,0.38,11.25,1.38,0.1,False
2026-09-21T13:56:56Z,Powell Cove,36,TI,0.0,0.9,3.39,1.22,0.1,False
2026-09-21T13:56:56Z,Sheepshead Bay,37,CI,0.0,0.18,12.63,0.83,0.1,False
2026-09-21T13:56:56Z,Shellbank Basin,44,JA,0.0,0.34,10.55,1.15,0.1,False
2026-09-21T13:56:56Z,Spring Creek,38,26,0.0,0.64,11.14,1.08,0.1,False
2026-09-21T13:56:56Z,Thurston Basin,45,JA,0.0,0.05,32.63,0.79,0.1,False
2026-09-21T13:56:56Z,Upper New York Bay,39,OH,0.0,0.34,11.93,1.26,0.1,False
2026-09-21T13:56:56Z,Westchester Creek,40,HP,0.0,0.19,21.55,1.13,0.1,False
2026-09-21T13:56:56Z,Western Long Island Sound,41,HP,0.0,2.0,0.05,0.66,0.1,False
2026-09-21T19:18:14Z,Alley Creek,1,TI,0.0,0.05,37.04,0.62,0.1,False
2026-09-21T19:18:14Z,"Arthur Kill, Lower",3,OB,0.0,0.7,5.22,1.54,0.1,False
2026-09-21T19:18:14Z,"Arthur Kill, Upper",4,OB,0.0,0.1,23.08,0.83,0.1,False
2026-09-21T19:18:14Z,Bergen Basin,43,JA,0.0,0.05,34.41,0.7,0.1,False
2026-09-21T19:18:14Z,Bowery Bay,5,BB,0.0,0.29,11.25,1.06,0.1,False
2026-09-21T19:18:14Z,"Bronx River, Lower",6,HP,0.0,0.05,53.67,0.45,0.1,False
2026-09-21T19:18:14Z,Coney Island Creek,7,CI,0.0,0.05,69.6,0.3,0.1,False
2026-09-21T19:18:14Z,East River (near Steinway Creek),9,BB,0.0,0.54,14.96,0.9,0.1,False
2026-09-21T19:18:14Z,East River (near Throgs Neck),11,TI,0.0,1.0,3.0,1.47,0.1,False
2026-09-21T19:18:14Z,East River (RFK to Whitestone),10,TI,0.0,0.61,5.65,1.3,0.1,False
2026-09-21T19:18:14Z,"East River, Lower",8,NC,0.0,0.8,4.38,1.56,0.1,False
2026-09-21T19:18:14Z,Eastchester Bay,12,HP,0.0,1.53,1.51,1.62,0.1,False
2026-09-21T19:18:14Z,Erie Basin,13,RH,0.0,0.27,13.73,1.16,0.1,False
2026-09-21T19:18:14Z,Flushing Bay,14,BB,0.0,0.19,32.63,0.76,0.1,False
2026-09-21T19:18:14Z,Flushing Creek,15,TI,0.0,0.05,59.69,0.64,0.1,False
2026-09-21T19:18:14Z,Fresh Creek,16,26,0.0,0.05,30.38,0.67,0.1,False
2026-09-21T19:18:14Z,"Fresh Kills, Lower",17,PR,0.0,0.16,20.48,1.05,0.1,False
2026-09-21T19:18:14Z,"Fresh Kills, Upper",18,PR,0.0,0.15,39.81,0.81,0.1,False
2026-09-21T19:18:14Z,Gerritsen Creek,19,RK,0.0,0.4,7.9,1.07,0.1,False
2026-09-21T19:18:14Z,"Gowanus Canal, Inner",20,RH,0.0,0.23,15.08,1.09,0.1,False
2026-09-21T19:18:14Z,"Gowanus Canal, Outer",21,RH,0.0,0.46,28.85,0.92,0.1,False
2026-09-21T19:18:14Z,Gravesend Bay,30,OH,0.0,0.1,24.63,0.76,0.1,False
2026-09-21T19:18:14Z,Harlem River,22,WI,0.0,0.5,17.24,0.89,0.1,False
2026-09-21T19:18:14Z,Hendrix Creek,23,26,0.0,0.09,20.52,0.8,0.1,False
2026-09-21T19:18:14Z,Hudson River (Bronx),24,WI,0.0,0.62,4.38,0.79,0.1,False
2026-09-21T19:18:14Z,Hudson River (Manhattan),25,NR,0.0,0.41,8.4,1.16,0.1,False
2026-09-21T19:18:14Z,"Hutchinson River, Lower",26,HP,0.0,0.05,57.81,0.59,0.1,False
2026-09-21T19:18:14Z,Jamaica Bay (Brooklyn),27,26,0.0,1.46,1.43,1.97,0.1,False
2026-09-21T19:18:14Z,Jamaica Bay (Queens),42,JA,0.0,0.74,4.07,0.99,0.1,False
2026-09-21T19:18:14Z,Kill Van Kull,28,PR,0.0,0.44,9.88,1.46,0.1,False
2026-09-21T19:18:14Z,Little Neck Bay,29,TI,0.0,0.46,7.65,1.21,0.1,False
2026-09-21T19:18:14Z,Lower New York Bay,2,OB,0.0,1.3,2.06,1.45,0.1,False
2026-09-21T19:18:14Z,Mill Basin,31,CI,0.0,1.34,1.49,2.39,0.1,False
2026-09-21T19:18:14Z,Newark Bay,32,PR,0.0,0.39,11.52,1.43,0.1,False
2026-09-21T19:18:14Z,"Newtown Creek, Lower",34,NC,0.0,0.3,28.56,0.91,0.1,False
2026-09-21T19:18:14Z,"Newtown Creek, Upper",33,NC,0.0,0.23,49.45,0.78,0.1,False
2026-09-21T19:18:14Z,Paerdegat Basin,35,CI,0.0,0.38,11.25,1.38,0.1,False
2026-09-21T19:18:14Z,Powell Cove,36,TI,0.0,0.9,3.39,1.22,0.1,False
2026-09-21T19:18:14Z,Sheepshead Bay,37,CI,0.0,0.18,12.63,0.83,0.1,False
2026-09-21T19:18:14Z,Shellbank Basin,44,JA,0.0,0.34,10.55,1.15,0.1,False
2026-09-21T19:18:14Z,Spring Creek,38,26,0.0,0.64,11.14,1.08,0.1,False
2026-09-21T19:18:14Z,Thurston Basin,45,JA,0.0,0.05,32.63,0.79,0.1,False
2026-09-21T19:18:14Z,Upper New York Bay,39,OH,0.0,0.34,11.93,1.26,0.1,False
2026-09-21T19:18:14Z,Westchester Creek,40,HP,0.0,0.19,21.55,1.13,0.1,False
2026-09-21T19:18:14Z,Western Long Island Sound,41,HP,0.0,2.0,0.05,0.66,0.1,False
2026-09-21T22:46:45Z,Alley Creek,1,TI,0.0,0.05,37.04,0.62,0.1,False
2026-09-21T22:46:45Z,"Arthur Kill, Lower",3,OB,0.0,0.7,5.22,1.54,0.1,False
2026-09-21T22:46:45Z,"Arthur Kill, Upper",4,OB,0.0,0.1,23.08,0.83,0.1,False
2026-09-21T22:46:45Z,Bergen Basin,43,JA,0.0,0.05,34.41,0.7,0.1,False
2026-09-21T22:46:45Z,Bowery Bay,5,BB,0.0,0.29,11.25,1.06,0.1,False
2026-09-21T22:46:45Z,"Bronx River, Lower",6,HP,0.0,0.05,53.67,0.45,0.1,False
2026-09-21T22:46:45Z,Coney Island Creek,7,CI,0.0,0.05,69.6,0.3,0.1,False
2026-09-21T22:46:45Z,East River (near Steinway Creek),9,BB,0.0,0.54,14.96,0.9,0.1,False
2026-09-21T22:46:45Z,East River (near Throgs Neck),11,TI,0.0,1.0,3.0,1.47,0.1,False
2026-09-21T22:46:45Z,East River (RFK to Whitestone),10,TI,0.0,0.61,5.65,1.3,0.1,False
2026-09-21T22:46:45Z,"East River, Lower",8,NC,0.0,0.8,4.38,1.56,0.1,False
2026-09-21T22:46:45Z,Eastchester Bay,12,HP,0.0,1.53,1.51,1.62,0.1,False
2026-09-21T22:46:45Z,Erie Basin,13,RH,0.0,0.27,13.73,1.16,0.1,False
2026-09-21T22:46:45Z,Flushing Bay,14,BB,0.0,0.19,32.63,0.76,0.1,False
2026-09-21T22:46:45Z,Flushing Creek,15,TI,0.0,0.05,59.69,0.64,0.1,False
2026-09-21T22:46:45Z,Fresh Creek,16,26,0.0,0.05,30.38,0.67,0.1,False
2026-09-21T22:46:45Z,"Fresh Kills, Lower",17,PR,0.0,0.16,20.48,1.05,0.1,False
2026-09-21T22:46:45Z,"Fresh Kills, Upper",18,PR,0.0,0.15,39.81,0.81,0.1,False
2026-09-21T22:46:45Z,Gerritsen Creek,19,RK,0.0,0.4,7.9,1.07,0.1,False
2026-09-21T22:46:45Z,"Gowanus Canal, Inner",20,RH,0.0,0.23,15.08,1.09,0.1,False
2026-09-21T22:46:45Z,"Gowanus Canal, Outer",21,RH,0.0,0.46,28.85,0.92,0.1,False
2026-09-21T22:46:45Z,Gravesend Bay,30,OH,0.0,0.1,24.63,0.76,0.1,False
2026-09-21T22:46:45Z,Harlem River,22,WI,0.0,0.5,17.24,0.89,0.1,False
2026-09-21T22:46:45Z,Hendrix Creek,23,26,0.0,0.09,20.52,0.8,0.1,False
2026-09-21T22:46:45Z,Hudson River (Bronx),24,WI,0.0,0.62,4.38,0.79,0.1,False
2026-09-21T22:46:45Z,Hudson River (Manhattan),25,NR,0.0,0.41,8.4,1.16,0.1,False
2026-09-21T22:46:45Z,"Hutchinson River, Lower",26,HP,0.0,0.05,57.81,0.59,0.1,False
2026-09-21T22:46:45Z,Jamaica Bay (Brooklyn),27,26,0.0,1.46,1.43,1.97,0.1,False
2026-09-21T22:46:45Z,Jamaica Bay (Queens),42,JA,0.0,0.74,4.07,0.99,0.1,False
2026-09-21T22:46:45Z,Kill Van Kull,28,PR,0.0,0.44,9.88,1.46,0.1,False
2026-09-21T22:46:45Z,Little Neck Bay,29,TI,0.0,0.46,7.65,1.21,0.1,False
2026-09-21T22:46:45Z,Lower New York Bay,2,OB,0.0,1.3,2.06,1.45,0.1,False
2026-09-21T22:46:45Z,Mill Basin,31,CI,0.0,1.34,1.49,2.39,0.1,False
2026-09-21T22:46:45Z,Newark Bay,32,PR,0.0,0.39,11.52,1.43,0.1,False
2026-09-21T22:46:45Z,"Newtown Creek, Lower",34,NC,0.0,0.3,28.56,0.91,0.1,False
2026-09-21T22:46:45Z,"Newtown Creek, Upper",33,NC,0.0,0.23,49.45,0.78,0.1,False
2026-09-21T22:46:45Z,Paerdegat Basin,35,CI,0.0,0.38,11.25,1.38,0.1,False
2026-09-21T22:46:45Z,Powell Cove,36,TI,0.0,0.9,3.39,1.22,0.1,False
2026-09-21T22:46:45Z,Sheepshead Bay,37,CI,0.0,0.18,12.63,0.83,0.1,False
2026-09-21T22:46:45Z,Shellbank Basin,44,JA,0.0,0.34,10.55,1.15,0.1,False
2026-09-21T22:46:45Z,Spring Creek,38,26,0.0,0.64,11.14,1.08,0.1,False
2026-09-21T22:46:45Z,Thurston Basin,45,JA,0.0,0.05,32.63,0.79,0.1,False
2026-09-21T22:46:45Z,Upper New York Bay,39,OH,0.0,0.34,11.93,1.26,0.1,False
2026-09-21T22:46:45Z,Westchester Creek,40,HP,0.0,0.19,21.55,1.13,0.1,False
2026-09-21T22:46:45Z,Western Long Island Sound,41,HP,0.0,2.0,0.05,0.66,0.1,False
2026-09-22T01:33:49Z,Alley Creek,1,TI,0.0,0.05,37.04,0.62,0.1,False
2026-09-22T01:33:49Z,"Arthur Kill, Lower",3,OB,0.0,0.7,5.22,1.54,0.1,False
2026-09-22T01:33:49Z,"Arthur Kill, Upper",4,OB,0.0,0.1,23.08,0.83,0.1,False
2026-09-22T01:33:49Z,Bergen Basin,43,JA,0.0,0.05,34.41,0.7,0.1,False
2026-09-22T01:33:49Z,Bowery Bay,5,BB,0.0,0.29,11.25,1.06,0.1,False
2026-09-22T01:33:49Z,"Bronx River, Lower",6,HP,0.0,0.05,53.67,0.45,0.1,False
2026-09-22T01:33:49Z,Coney Island Creek,7,CI,0.0,0.05,69.6,0.3,0.1,False
2026-09-22T01:33:49Z,East River (near Steinway Creek),9,BB,0.0,0.54,14.96,0.9,0.1,False
2026-09-22T01:33:49Z,East River (near Throgs Neck),11,TI,0.0,1.0,3.0,1.47,0.1,False
2026-09-22T01:33:49Z,East River (RFK to Whitestone),10,TI,0.0,0.61,5.65,1.3,0.1,False
2026-09-22T01:33:49Z,"East River, Lower",8,NC,0.0,0.8,4.38,1.56,0.1,False
2026-09-22T01:33:49Z,Eastchester Bay,12,HP,0.0,1.53,1.51,1.62,0.1,False
2026-09-22T01:33:49Z,Erie Basin,13,RH,0.0,0.27,13.73,1.16,0.1,False
2026-09-22T01:33:49Z,Flushing Bay,14,BB,0.0,0.19,32.63,0.76,0.1,False
2026-09-22T01:33:49Z,Flushing Creek,15,TI,0.0,0.05,59.69,0.64,0.1,False
2026-09-22T01:33:49Z,Fresh Creek,16,26,0.0,0.05,30.38,0.67,0.1,False
2026-09-22T01:33:49Z,"Fresh Kills, Lower",17,PR,0.0,0.16,20.48,1.05,0.1,False
2026-09-22T01:33:49Z,"Fresh Kills, Upper",18,PR,0.0,0.15,39.81,0.81,0.1,False
2026-09-22T01:33:49Z,Gerritsen Creek,19,RK,0.0,0.4,7.9,1.07,0.1,False
2026-09-22T01:33:49Z,"Gowanus Canal, Inner",20,RH,0.0,0.23,15.08,1.09,0.1,False
2026-09-22T01:33:49Z,"Gowanus Canal, Outer",21,RH,0.0,0.46,28.85,0.92,0.1,False
2026-09-22T01:33:49Z,Gravesend Bay,30,OH,0.0,0.1,24.63,0.76,0.1,False
2026-09-22T01:33:49Z,Harlem River,22,WI,0.0,0.5,17.24,0.89,0.1,False
2026-09-22T01:33:49Z,Hendrix Creek,23,26,0.0,0.09,20.52,0.8,0.1,False
2026-09-22T01:33:49Z,Hudson River (Bronx),24,WI,0.0,0.62,4.38,0.79,0.1,False
2026-09-22T01:33:49Z,Hudson River (Manhattan),25,NR,0.0,0.41,8.4,1.16,0.1,False
2026-09-22T01:33:49Z,"Hutchinson River, Lower",26,HP,0.0,0.05,57.81,0.59,0.1,False
2026-09-22T01:33:49Z,Jamaica Bay (Brooklyn),27,26,0.0,1.46,1.43,1.97,0.1,False
2026-09-22T01:33:49Z,Jamaica Bay (Queens),42,JA,0.0,0.74,4.07,0.99,0.1,False
2026-09-22T01:33:49Z,Kill Van Kull,28,PR,0.0,0.44,9.88,1.46,0.1,False
2026-09-22T01:33:49Z,Little Neck Bay,29,TI,0.0,0.46,7.65,1.21,0.1,False
2026-09-22T01:33:49Z,Lower New York Bay,2,OB,0.0,1.3,2.06,1.45,0.1,False
2026-09-22T01:33:49Z,Mill Basin,31,CI,0.0,1.34,1.49,2.39,0.1,False
2026-09-22T01:33:49Z,Newark Bay,32,PR,0.0,0.39,11.52,1.43,0.1,False
2026-09-22T01:33:49Z,"Newtown Creek, Lower",34,NC,0.0,0.3,28.56,0.91,0.1,False
2026-09-22T01:33:49Z,"Newtown Creek, Upper",33,NC,0.0,0.23,49.45,0.78,0.1,False
2026-09-22T01:33:49Z,Paerdegat Basin,35,CI,0.0,0.38,11.25,1.38,0.1,False
2026-09-22T01:33:49Z,Powell Cove,36,TI,0.0,0.9,3.39,1.22,0.1,False
2026-09-22T01:33:49Z,Sheepshead Bay,37,CI,0.0,0.18,12.63,0.83,0.1,False
2026-09-22T01:33:49Z,Shellbank Basin,44,JA,0.0,0.34,10.55,1.15,0.1,False
2026-09-22T01:33:49Z,Spring Creek,38,26,0.0,0.64,11.14,1.08,0.1,False
2026-09-22T01:33:49Z,Thurston Basin,45,JA,0.0,0.05,32.63,0.79,0.1,False
2026-09-22T01:33:49Z,Upper New York Bay,39,OH,0.0,0.34,11.93,1.26,0.1,False
2026-09-22T01:33:49Z,Westchester Creek,40,HP,0.0,0.19,21.55,1.13,0.1,False
2026-09-22T01:33:49Z,Western Long Island Sound,41,HP,0.0,2.0,0.05,0.66,0.1,False
2026-09-22T06:44:38Z,Alley Creek,1,TI,0.0,0.05,37.04,0.62,0.1,False
2026-09-22T06:44:38Z,"Arthur Kill, Lower",3,OB,0.0,0.7,5.22,1.54,0.1,False
2026-09-22T06:44:38Z,"Arthur Kill, Upper",4,OB,0.0,0.1,23.08,0.83,0.1,False
2026-09-22T06:44:38Z,Bergen Basin,43,JA,0.0,0.05,34.41,0.7,0.1,False
2026-09-22T06:44:38Z,Bowery Bay,5,BB,0.0,0.29,11.25,1.06,0.1,False
2026-09-22T06:44:38Z,"Bronx River, Lower",6,HP,0.0,0.05,53.67,0.45,0.1,False
2026-09-22T06:44:38Z,Coney Island Creek,7,CI,0.0,0.05,69.6,0.3,0.1,False
2026-09-22T06:44:38Z,East River (near Steinway Creek),9,BB,0.0,0.54,14.96,0.9,0.1,False
2026-09-22T06:44:38Z,East River (near Throgs Neck),11,TI,0.0,1.0,3.0,1.47,0.1,False
2026-09-22T06:44:38Z,East River (RFK to Whitestone),10,TI,0.0,0.61,5.65,1.3,0.1,False
2026-09-22T06:44:38Z,"East River, Lower",8,NC,0.0,0.8,4.38,1.56,0.1,False
2026-09-22T06:44:38Z,Eastchester Bay,12,HP,0.0,1.53,1.51,1.62,0.1,False
2026-09-22T06:44:38Z,Erie Basin,13,RH,0.0,0.27,13.73,1.16,0.1,False
2026-09-22T06:44:38Z,Flushing Bay,14,BB,0.0,0.19,32.63,0.76,0.1,False
2026-09-22T06:44:38Z,Flushing Creek,15,TI,0.0,0.05,59.69,0.64,0.1,False
2026-09-22T06:44:38Z,Fresh Creek,16,26,0.0,0.05,30.38,0.67,0.1,False
2026-09-22T06:44:38Z,"Fresh Kills, Lower",17,PR,0.0,0.16,20.48,1.05,0.1,False
2026-09-22T06:44:38Z,"Fresh Kills, Upper",18,PR,0.0,0.15,39.81,0.81,0.1,False
2026-09-22T06:44:38Z,Gerritsen Creek,19,RK,0.0,0.4,7.9,1.07,0.1,False
2026-09-22T06:44:38Z,"Gowanus Canal, Inner",20,RH,0.0,0.23,15.08,1.09,0.1,False
2026-09-22T06:44:38Z,"Gowanus Canal, Outer",21,RH,0.0,0.46,28.85,0.92,0.1,False
2026-09-22T06:44:38Z,Gravesend Bay,30,OH,0.0,0.1,24.63,0.76,0.1,False
2026-09-22T06:44:38Z,Harlem River,22,WI,0.0,0.5,17.24,0.89,0.1,False
2026-09-22T06:44:38Z,Hendrix Creek,23,26,0.0,0.09,20.52,0.8,0.1,False
2026-09-22T06:44:38Z,Hudson River (Bronx),24,WI,0.0,0.62,4.38,0.79,0.1,False
2026-09-22T06:44:38Z,Hudson River (Manhattan),25,NR,0.0,0.41,8.4,1.16,0.1,False
2026-09-22T06:44:38Z,"Hutchinson River, Lower",26,HP,0.0,0.05,57.81,0.59,0.1,False
2026-09-22T06:44:38Z,Jamaica Bay (Brooklyn),27,26,0.0,1.46,1.43,1.97,0.1,False
2026-09-22T06:44:38Z,Jamaica Bay (Queens),42,JA,0.0,0.74,4.07,0.99,0.1,False
2026-09-22T06:44:38Z,Kill Van Kull,28,PR,0.0,0.44,9.88,1.46,0.1,False
2026-09-22T06:44:38Z,Little Neck Bay,29,TI,0.0,0.46,7.65,1.21,0.1,False
2026-09-22T06:44:38Z,Lower New York Bay,2,OB,0.0,1.3,2.06,1.45,0.1,False
2026-09-22T06:44:38Z,Mill Basin,31,CI,0.0,1.34,1.49,2.39,0.1,False
2026-09-22T06:44:38Z,Newark Bay,32,PR,0.0,0.39,11.52,1.43,0.1,False
2026-09-22T06:44:38Z,"Newtown Creek, Lower",34,NC,0.0,0.3,28.56,0.91,0.1,False
2026-09-22T06:44:38Z,"Newtown Creek, Upper",33,NC,0.0,0.23,49.45,0.78,0.1,False
2026-09-22T06:44:38Z,Paerdegat Basin,35,CI,0.0,0.38,11.25,1.38,0.1,False
2026-09-22T06:44:38Z,Powell Cove,36,TI,0.0,0.9,3.39,1.22,0.1,False
2026-09-22T06:44:38Z,Sheepshead Bay,37,CI,0.0,0.18,12.63,0.83,0.1,False
2026-09-22T06:44:38Z,Shellbank Basin,44,JA,0.0,0.34,10.55,1.15,0.1,False
2026-09-22T06:44:38Z,Spring Creek,38,26,0.0,0.64,11.14,1.08,0.1,False
2026-09-22T06:44:38Z,Thurston Basin,45,JA,0.0,0.05,32.63,0.79,0.1,False
2026-09-22T06:44:38Z,Upper New York Bay,39,OH,0.0,0.34,11.93,1.26,0.1,False
2026-09-22T06:44:38Z,Westchester Creek,40,HP,0.0,0.19,21.55,1.13,0.1,False
2026-09-22T06:44:38Z,Western Long Island Sound,41,HP,0.0,2.0,0.05,0.66,0.1,False
2026-09-22T12:32:19Z,Alley Creek,1,TI,0.0,0.05,37.04,0.62,0.1,False
2026-09-22T12:32:19Z,"Arthur Kill, Lower",3,OB,0.0,0.7,5.22,1.54,0.1,False
2026-09-22T12:32:19Z,"Arthur Kill, Upper",4,OB,0.0,0.1,23.08,0.83,0.1,False
2026-09-22T12:32:19Z,Bergen Basin,43,JA,0.0,0.05,34.41,0.7,0.1,False
2026-09-22T12:32:19Z,Bowery Bay,5,BB,0.0,0.29,11.25,1.06,0.1,False
2026-09-22T12:32:19Z,"Bronx River, Lower",6,HP,0.0,0.05,53.67,0.45,0.1,False
2026-09-22T12:32:19Z,Coney Island Creek,7,CI,0.0,0.05,69.6,0.3,0.1,False
2026-09-22T12:32:19Z,East River (near Steinway Creek),9,BB,0.0,0.54,14.96,0.9,0.1,False
2026-09-22T12:32:19Z,East River (near Throgs Neck),11,TI,0.0,1.0,3.0,1.47,0.1,False
2026-09-22T12:32:19Z,East River (RFK to Whitestone),10,TI,0.0,0.61,5.65,1.3,0.1,False
2026-09-22T12:32:19Z,"East River, Lower",8,NC,0.0,0.8,4.38,1.56,0.1,False
2026-09-22T12:32:19Z,Eastchester Bay,12,HP,0.0,1.53,1.51,1.62,0.1,False
2026-09-22T12:32:19Z,Erie Basin,13,RH,0.0,0.27,13.73,1.16,0.1,False
2026-09-22T12:32:19Z,Flushing Bay,14,BB,0.0,0.19,32.63,0.76,0.1,False
2026-09-22T12:32:19Z,Flushing Creek,15,TI,0.0,0.05,59.69,0.64,0.1,False
2026-09-22T12:32:19Z,Fresh Creek,16,26,0.0,0.05,30.38,0.67,0.1,False
2026-09-22T12:32:19Z,"Fresh Kills, Lower",17,PR,0.0,0.16,20.48,1.05,0.1,False
2026-09-22T12:32:19Z,"Fresh Kills, Upper",18,PR,0.0,0.15,39.81,0.81,0.1,False
2026-09-22T12:32:19Z,Gerritsen Creek,19,RK,0.0,0.4,7.9,1.07,0.1,False
2026-09-22T12:32:19Z,"Gowanus Canal, Inner",20,RH,0.0,0.23,15.08,1.09,0.1,False
2026-09-22T12:32:19Z,"Gowanus Canal, Outer",21,RH,0.0,0.46,28.85,0.92,0.1,False
2026-09-22T12:32:19Z,Gravesend Bay,30,OH,0.0,0.1,24.63,0.76,0.1,False
2026-09-22T12:32:19Z,Harlem River,22,WI,0.0,0.5,17.24,0.89,0.1,False
2026-09-22T12:32:19Z,Hendrix Creek,23,26,0.0,0.09,20.52,0.8,0.1,False
2026-09-22T12:32:19Z,Hudson River (Bronx),24,WI,0.0,0.62,4.38,0.79,0.1,False
2026-09-22T12:32:19Z,Hudson River (Manhattan),25,NR,0.0,0.41,8.4,1.16,0.1,False
2026-09-22T12:32:19Z,"Hutchinson River, Lower",26,HP,0.0,0.05,57.81,0.59,0.1,False
2026-09-22T12:32:19Z,Jamaica Bay (Brooklyn),27,26,0.0,1.46,1.43,1.97,0.1,False
2026-09-22T12:32:19Z,Jamaica Bay (Queens),42,JA,0.0,0.74,4.07,0.99,0.1,False
2026-09-22T12:32:19Z,Kill Van Kull,28,PR,0.0,0.44,9.88,1.46,0.1,False
2026-09-22T12:32:19Z,Little Neck Bay,29,TI,0.0,0.46,7.65,1.21,0.1,False
2026-09-22T12:32:19Z,Lower New York Bay,2,OB,0.0,1.3,2.06,1.45,0.1,False
2026-09-22T12:32:19Z,Mill Basin,31,CI,0.0,1.34,1.49,2.39,0.1,False
2026-09-22T12:32:19Z,Newark Bay,32,PR,0.0,0.39,11.52,1.43,0.1,False
2026-09-22T12:32:19Z,"Newtown Creek, Lower",34,NC,0.0,0.3,28.56,0.91,0.1,False
2026-09-22T12:32:19Z,"Newtown Creek, Upper",33,NC,0.0,0.23,49.45,0.78,0.1,False
2026-09-22T12:32:19Z,Paerdegat Basin,35,CI,0.0,0.38,11.25,1.38,0.1,False
2026-09-22T12:32:19Z,Powell Cove,36,TI,0.0,0.9,3.39,1.22,0.1,False
2026-09-22T12:32:19Z,Sheepshead Bay,37,CI,0.0,0.18,12.63,0.83,0.1,False
2026-09-22T12:32:19Z,Shellbank Basin,44,JA,0.0,0.34,10.55,1.15,0.1,False
2026-09-22T12:32:19Z,Spring Creek,38,26,0.0,0.64,11.14,1.08,0.1,False
2026-09-22T12:32:19Z,Thurston Basin,45,JA,0.0,0.05,32.63,0.79,0.1,False
2026-09-22T12:32:19Z,Upper New York Bay,39,OH,0.0,0.34,11.93,1.26,0.1,False
2026-09-22T12:32:19Z,Westchester Creek,40,HP,0.0,0.19,21.55,1.13,0.1,False
2026-09-22T12:32:19Z,Western Long Island Sound,41,HP,0.0,2.0,0.05,0.66,0.1,False
2026-09-22T17:13:08Z,Alley Creek,1,TI,0.0,0.05,37.04,0.62,0.1,False
2026-09-22T17:13:08Z,"Arthur Kill, Lower",3,OB,0.0,0.7,5.22,1.54,0.1,False
2026-09-22T17:13:08Z,"Arthur Kill, Upper",4,OB,0.0,0.1,23.08,0.83,0.1,False
2026-09-22T17:13:08Z,Bergen Basin,43,JA,0.0,0.05,34.41,0.7,0.1,False
2026-09-22T17:13:08Z,Bowery Bay,5,BB,0.0,0.29,11.25,1.06,0.1,False
2026-09-22T17:13:08Z,"Bronx River, Lower",6,HP,0.0,0.05,53.67,0.45,0.1,False
2026-09-22T17:13:08Z,Coney Island Creek,7,CI,0.0,0.05,69.6,0.3,0.1,False
2026-09-22T17:13:08Z,East River (near Steinway Creek),9,BB,0.0,0.54,14.96,0.9,0.1,False
2026-09-22T17:13:08Z,East River (near Throgs Neck),11,TI,0.0,1.0,3.0,1.47,0.1,False
2026-09-22T17:13:08Z,East River (RFK to Whitestone),10,TI,0.0,0.61,5.65,1.3,0.1,False
2026-09-22T17:13:08Z,"East River, Lower",8,NC,0.0,0.8,4.38,1.56,0.1,False
2026-09-22T17:13:08Z,Eastchester Bay,12,HP,0.0,1.53,1.51,1.62,0.1,False
2026-09-22T17:13:08Z,Erie Basin,13,RH,0.0,0.27,13.73,1.16,0.1,False
2026-09-22T17:13:08Z,Flushing Bay,14,BB,0.0,0.19,32.63,0.76,0.1,False
2026-09-22T17:13:08Z,Flushing Creek,15,TI,0.0,0.05,59.69,0.64,0.1,False
2026-09-22T17:13:08Z,Fresh Creek,16,26,0.0,0.05,30.38,0.67,0.1,False
2026-09-22T17:13:08Z,"Fresh Kills, Lower",17,PR,0.0,0.16,20.48,1.05,0.1,False
2026-09-22T17:13:08Z,"Fresh Kills, Upper",18,PR,0.0,0.15,39.81,0.81,0.1,False
2026-09-22T17:13:08Z,Gerritsen Creek,19,RK,0.0,0.4,7.9,1.07,0.1,False
2026-09-22T17:13:08Z,"Gowanus Canal, Inner",20,RH,0.0,0.23,15.08,1.09,0.1,False
2026-09-22T17:13:08Z,"Gowanus Canal, Outer",21,RH,0.0,0.46,28.85,0.92,0.1,False
2026-09-22T17:13:08Z,Gravesend Bay,30,OH,0.0,0.1,24.63,0.76,0.1,False
2026-09-22T17:13:08Z,Harlem River,22,WI,0.0,0.5,17.24,0.89,0.1,False
2026-09-22T17:13:08Z,Hendrix Creek,23,26,0.0,0.09,20.52,0.8,0.1,False
2026-09-22T17:13:08Z,Hudson River (Bronx),24,WI,0.0,0.62,4.38,0.79,0.1,False
2026-09-22T17:13:08Z,Hudson River (Manhattan),25,NR,0.0,0.41,8.4,1.16,0.1,False
2026-09-22T17:13:08Z,"Hutchinson River, Lower",26,HP,0.0,0.05,57.81,0.59,0.1,False
2026-09-22T17:13:08Z,Jamaica Bay (Brooklyn),27,26,0.0,1.46,1.43,1.97,0.1,False
2026-09-22T17:13:08Z,Jamaica Bay (Queens),42,JA,0.0,0.74,4.07,0.99,0.1,False
2026-09-22T17:13:08Z,Kill Van Kull,28,PR,0.0,0.44,9.88,1.46,0.1,False
2026-09-22T17:13:08Z,Little Neck Bay,29,TI,0.0,0.46,7.65,1.21,0.1,False
2026-09-22T17:13:08Z,Lower New York Bay,2,OB,0.0,1.3,2.06,1.45,0.1,False
2026-09-22T17:13:08Z,Mill Basin,31,CI,0.0,1.34,1.49,2.39,0.1,False
2026-09-22T17:13:08Z,Newark Bay,32,PR,0.0,0.39,11.52,1.43,0.1,False
2026-09-22T17:13:08Z,"Newtown Creek, Lower",34,NC,0.0,0.3,28.56,0.91,0.1,False
2026-09-22T17:13:08Z,"Newtown Creek, Upper",33,NC,0.0,0.23,49.45,0.78,0.1,False
2026-09-22T17:13:08Z,Paerdegat Basin,35,CI,0.0,0.38,11.25,1.38,0.1,False
2026-09-22T17:13:08Z,Powell Cove,36,TI,0.0,0.9,3.39,1.22,0.1,False
2026-09-22T17:13:08Z,Sheepshead Bay,37,CI,0.0,0.18,12.63,0.83,0.1,False
2026-09-22T17:13:08Z,Shellbank Basin,44,JA,0.0,0.34,10.55,1.15,0.1,False
2026-09-22T17:13:08Z,Spring Creek,38,26,0.0,0.64,11.14,1.08,0.1,False
2026-09-22T17:13:08Z,Thurston Basin,45,JA,0.0,0.05,32.63,0.79,0.1,False
2026-09-22T17:13:08Z,Upper New York Bay,39,OH,0.0,0.34,11.93,1.26,0.1,False
2026-09-22T17:13:08Z,Westchester Creek,40,HP,0.0,0.19,21.55,1.13,0.1,False
2026-09-22T17:13:08Z,Western Long Island Sound,41,HP,0.0,2.0,0.05,0.66,0.1,False
2026-09-22T20:26:35Z,Alley Creek,1,TI,0.0,0.05,37.04,0.62,0.1,False
2026-09-22T20:26:35Z,"Arthur Kill, Lower",3,OB,0.0,0.7,5.22,1.54,0.1,False
2026-09-22T20:26:35Z,"Arthur Kill, Upper",4,OB,0.0,0.1,23.08,0.83,0.1,False
2026-09-22T20:26:35Z,Bergen Basin,43,JA,0.0,0.05,34.41,0.7,0.1,False
2026-09-22T20:26:35Z,Bowery Bay,5,BB,0.0,0.29,11.25,1.06,0.1,False
2026-09-22T20:26:35Z,"Bronx River, Lower",6,HP,0.0,0.05,53.67,0.45,0.1,False
2026-09-22T20:26:35Z,Coney Island Creek,7,CI,0.0,0.05,69.6,0.3,0.1,False
2026-09-22T20:26:35Z,East River (near Steinway Creek),9,BB,0.0,0.54,14.96,0.9,0.1,False
2026-09-22T20:26:35Z,East River (near Throgs Neck),11,TI,0.0,1.0,3.0,1.47,0.1,False
2026-09-22T20:26:35Z,East River (RFK to Whitestone),10,TI,0.0,0.61,5.65,1.3,0.1,False
2026-09-22T20:26:35Z,"East River, Lower",8,NC,0.0,0.8,4.38,1.56,0.1,False
2026-09-22T20:26:35Z,Eastchester Bay,12,HP,0.0,1.53,1.51,1.62,0.1,False
2026-09-22T20:26:35Z,Erie Basin,13,RH,0.0,0.27,13.73,1.16,0.1,False
2026-09-22T20:26:35Z,Flushing Bay,14,BB,0.0,0.19,32.63,0.76,0.1,False
2026-09-22T20:26:35Z,Flushing Creek,15,TI,0.0,0.05,59.69,0.64,0.1,False
2026-09-22T20:26:35Z,Fresh Creek,16,26,0.0,0.05,30.38,0.67,0.1,False
2026-09-22T20:26:35Z,"Fresh Kills, Lower",17,PR,0.0,0.16,20.48,1.05,0.1,False
2026-09-22T20:26:35Z,"Fresh Kills, Upper",18,PR,0.0,0.15,39.81,0.81,0.1,False
2026-09-22T20:26:35Z,Gerritsen Creek,19,RK,0.0,0.4,7.9,1.07,0.1,False
2026-09-22T20:26:35Z,"Gowanus Canal, Inner",20,RH,0.0,0.23,15.08,1.09,0.1,False
2026-09-22T20:26:35Z,"Gowanus Canal, Outer",21,RH,0.0,0.46,28.85,0.92,0.1,False
2026-09-22T20:26:35Z,Gravesend Bay,30,OH,0.0,0.1,24.63,0.76,0.1,False
2026-09-22T20:26:35Z,Harlem River,22,WI,0.0,0.5,17.24,0.89,0.1,False
2026-09-22T20:26:35Z,Hendrix Creek,23,26,0.0,0.09,20.52,0.8,0.1,False
2026-09-22T20:26:35Z,Hudson River (Bronx),24,WI,0.0,0.62,4.38,0.79,0.1,False
2026-09-22T20:26:35Z,Hudson River (Manhattan),25,NR,0.0,0.41,8.4,1.16,0.1,False
2026-09-22T20:26:35Z,"Hutchinson River, Lower",26,HP,0.0,0.05,57.81,0.59,0.1,False
2026-09-22T20:26:35Z,Jamaica Bay (Brooklyn),27,26,0.0,1.46,1.43,1.97,0.1,False
2026-09-22T20:26:35Z,Jamaica Bay (Queens),42,JA,0.0,0.74,4.07,0.99,0.1,False
2026-09-22T20:26:35Z,Kill Van Kull,28,PR,0.0,0.44,9.88,1.46,0.1,False
2026-09-22T20:26:35Z,Little Neck Bay,29,TI,0.0,0.46,7.65,1.21,0.1,False
2026-09-22T20:26:35Z,Lower New York Bay,2,OB,0.0,1.3,2.06,1.45,0.1,False
2026-09-22T20:26:35Z,Mill Basin,31,CI,0.0,1.34,1.49,2.39,0.1,False
2026-09-22T20:26:35Z,Newark Bay,32,PR,0.0,0.39,11.52,1.43,0.1,False
2026-09-22T20:26:35Z,"Newtown Creek, Lower",34,NC,0.0,0.3,28.56,0.91,0.1,False
2026-09-22T20:26:35Z,"Newtown Creek, Upper",33,NC,0.0,0.23,49.45,0.78,0.1,False
2026-09-22T20:26:35Z,Paerdegat Basin,35,CI,0.0,0.38,11.25,1.38,0.1,False
2026-09-22T20:26:35Z,Powell Cove,36,TI,0.0,0.9,3.39,1.22,0.1,False
2026-09-22T20:26:35Z,Sheepshead Bay,37,CI,0.0,0.18,12.63,0.83,0.1,False
2026-09-22T20:26:35Z,Shellbank Basin,44,JA,0.0,0.34,10.55,1.15,0.1,False
2026-09-22T20:26:35Z,Spring Creek,38,26,0.0,0.64,11.14,1.08,0.1,False
2026-09-22T20:26:35Z,Thurston Basin,45,JA,0.0,0.05,32.63,0.79,0.1,False
2026-09-22T20:26:35Z,Upper New York Bay,39,OH,0.0,0.34,11.93,1.26,0.1,False
2026-09-22T20:26:35Z,Westchester Creek,40,HP,0.0,0.19,21.55,1.13,0.1,False
2026-09-22T20:26:35Z,Western Long Island Sound,41,HP,0.0,2.0,0.05,0.66,0.1,False
2026-09-22T23:13:22Z,Alley Creek,1,TI,0.0,0.05,37.04,0.62,0.1,False
2026-09-22T23:13:22Z,"Arthur Kill, Lower",3,OB,0.0,0.7,5.22,1.54,0.1,False
2026-09-22T23:13:22Z,"Arthur Kill, Upper",4,OB,0.0,0.1,23.08,0.83,0.1,False
2026-09-22T23:13:22Z,Bergen Basin,43,JA,0.0,0.05,34.41,0.7,0.1,False
2026-09-22T23:13:22Z,Bowery Bay,5,BB,0.0,0.29,11.25,1.06,0.1,False
2026-09-22T23:13:22Z,"Bronx River, Lower",6,HP,0.0,0.05,53.67,0.45,0.1,False
2026-09-22T23:13:22Z,Coney Island Creek,7,CI,0.0,0.05,69.6,0.3,0.1,False
2026-09-22T23:13:22Z,East River (near Steinway Creek),9,BB,0.0,0.54,14.96,0.9,0.1,False
2026-09-22T23:13:22Z,East River (near Throgs Neck),11,TI,0.0,1.0,3.0,1.47,0.1,False
2026-09-22T23:13:22Z,East River (RFK to Whitestone),10,TI,0.0,0.61,5.65,1.3,0.1,False
2026-09-22T23:13:22Z,"East River, Lower",8,NC,0.0,0.8,4.38,1.56,0.1,False
2026-09-22T23:13:22Z,Eastchester Bay,12,HP,0.0,1.53,1.51,1.62,0.1,False
2026-09-22T23:13:22Z,Erie Basin,13,RH,0.0,0.27,13.73,1.16,0.1,False
2026-09-22T23:13:22Z,Flushing Bay,14,BB,0.0,0.19,32.63,0.76,0.1,False
2026-09-22T23:13:22Z,Flushing Creek,15,TI,0.0,0.05,59.69,0.64,0.1,False
2026-09-22T23:13:22Z,Fresh Creek,16,26,0.0,0.05,30.38,0.67,0.1,False
2026-09-22T23:13:22Z,"Fresh Kills, Lower",17,PR,0.0,0.16,20.48,1.05,0.1,False
2026-09-22T23:13:22Z,"Fresh Kills, Upper",18,PR,0.0,0.15,39.81,0.81,0.1,False
2026-09-22T23:13:22Z,Gerritsen Creek,19,RK,0.0,0.4,7.9,1.07,0.1,False
2026-09-22T23:13:22Z,"Gowanus Canal, Inner",20,RH,0.0,0.23,15.08,1.09,0.1,False
2026-09-22T23:13:22Z,"Gowanus Canal, Outer",21,RH,0.0,0.46,28.85,0.92,0.1,False
2026-09-22T23:13:22Z,Gravesend Bay,30,OH,0.0,0.1,24.63,0.76,0.1,False
2026-09-22T23:13:22Z,Harlem River,22,WI,0.0,0.5,17.24,0.89,0.1,False
2026-09-22T23:13:22Z,Hendrix Creek,23,26,0.0,0.09,20.52,0.8,0.1,False
2026-09-22T23:13:22Z,Hudson River (Bronx),24,WI,0.0,0.62,4.38,0.79,0.1,False
2026-09-22T23:13:22Z,Hudson River (Manhattan),25,NR,0.0,0.41,8.4,1.16,0.1,False
2026-09-22T23:13:22Z,"Hutchinson River, Lower",26,HP,0.0,0.05,57.81,0.59,0.1,False
2026-09-22T23:13:22Z,Jamaica Bay (Brooklyn),27,26,0.0,1.46,1.43,1.97,0.1,False
2026-09-22T23:13:22Z,Jamaica Bay (Queens),42,JA,0.0,0.74,4.07,0.99,0.1,False
2026-09-22T23:13:22Z,Kill Van Kull,28,PR,0.0,0.44,9.88,1.46,0.1,False
2026-09-22T23:13:22Z,Little Neck Bay,29,TI,0.0,0.46,7.65,1.21,0.1,False
2026-09-22T23:13:22Z,Lower New York Bay,2,OB,0.0,1.3,2.06,1.45,0.1,False
2026-09-22T23:13:22Z,Mill Basin,31,CI,0.0,1.34,1.49,2.39,0.1,False
2026-09-22T23:13:22Z,Newark Bay,32,PR,0.0,0.39,11.52,1.43,0.1,False
2026-09-22T23:13:22Z,"Newtown Creek, Lower",34,NC,0.0,0.3,28.56,0.91,0.1,False
2026-09-22T23:13:22Z,"Newtown Creek, Upper",33,NC,0.0,0.23,49.45,0.78,0.1,False
2026-09-22T23:13:22Z,Paerdegat Basin,35,CI,0.0,0.38,11.25,1.38,0.1,False
2026-09-22T23:13:22Z,Powell Cove,36,TI,0.0,0.9,3.39,1.22,0.1,False
2026-09-22T23:13:22Z,Sheepshead Bay,37,CI,0.0,0.18,12.63,0.83,0.1,False
2026-09-22T23:13:22Z,Shellbank Basin,44,JA,0.0,0.34,10.55,1.15,0.1,False
2026-09-22T23:13:22Z,Spring Creek,38,26,0.0,0.64,11.14,1.08,0.1,False
2026-09-22T23:13:22Z,Thurston Basin,45,JA,0.0,0.05,32.63,0.79,0.1,False
2026-09-22T23:13:22Z,Upper New York Bay,39,OH,0.0,0.34,11.93,1.26,0.1,False
2026-09-22T23:13:22Z,Westchester Creek,40,HP,0.0,0.19,21.55,1.13,0.1,False
2026-09-22T23:13:22Z,Western Long Island Sound,41,HP,0.0,2.0,0.05,0.66,0.1,False
2026-09-23T01:43:04Z,Alley Creek,1,TI,0.0,0.05,37.04,0.62,0.1,False
2026-09-23T01:43:04Z,"Arthur Kill, Lower",3,OB,0.0,0.7,5.22,1.54,0.1,False
2026-09-23T01:43:04Z,"Arthur Kill, Upper",4,OB,0.0,0.1,23.08,0.83,0.1,False
2026-09-23T01:43:04Z,Bergen Basin,43,JA,0.0,0.05,34.41,0.7,0.1,False
2026-09-23T01:43:04Z,Bowery Bay,5,BB,0.0,0.29,11.25,1.06,0.1,False
2026-09-23T01:43:04Z,"Bronx River, Lower",6,HP,0.0,0.05,53.67,0.45,0.1,False
2026-09-23T01:43:04Z,Coney Island Creek,7,CI,0.0,0.05,69.6,0.3,0.1,False
2026-09-23T01:43:04Z,East River (near Steinway Creek),9,BB,0.0,0.54,14.96,0.9,0.1,False
2026-09-23T01:43:04Z,East River (near Throgs Neck),11,TI,0.0,1.0,3.0,1.47,0.1,False
2026-09-23T01:43:04Z,East River (RFK to Whitestone),10,TI,0.0,0.61,5.65,1.3,0.1,False
2026-09-23T01:43:04Z,"East River, Lower",8,NC,0.0,0.8,4.38,1.56,0.1,False
2026-09-23T01:43:04Z,Eastchester Bay,12,HP,0.0,1.53,1.51,1.62,0.1,False
2026-09-23T01:43:04Z,Erie Basin,13,RH,0.0,0.27,13.73,1.16,0.1,False
2026-09-23T01:43:04Z,Flushing Bay,14,BB,0.0,0.19,32.63,0.76,0.1,False
2026-09-23T01:43:04Z,Flushing Creek,15,TI,0.0,0.05,59.69,0.64,0.1,False
2026-09-23T01:43:04Z,Fresh Creek,16,26,0.0,0.05,30.38,0.67,0.1,False
2026-09-23T01:43:04Z,"Fresh Kills, Lower",17,PR,0.0,0.16,20.48,1.05,0.1,False
2026-09-23T01:43:04Z,"Fresh Kills, Upper",18,PR,0.0,0.15,39.81,0.81,0.1,False
2026-09-23T01:43:04Z,Gerritsen Creek,19,RK,0.0,0.4,7.9,1.07,0.1,False
2026-09-23T01:43:04Z,"Gowanus Canal, Inner",20,RH,0.0,0.23,15.08,1.09,0.1,False
2026-09-23T01:43:04Z,"Gowanus Canal, Outer",21,RH,0.0,0.46,28.85,0.92,0.1,False
2026-09-23T01:43:04Z,Gravesend Bay,30,OH,0.0,0.1,24.63,0.76,0.1,False
2026-09-23T01:43:04Z,Harlem River,22,WI,0.0,0.5,17.24,0.89,0.1,False
2026-09-23T01:43:04Z,Hendrix Creek,23,26,0.0,0.09,20.52,0.8,0.1,False
2026-09-23T01:43:04Z,Hudson River (Bronx),24,WI,0.0,0.62,4.38,0.79,0.1,False
2026-09-23T01:43:04Z,Hudson River (Manhattan),25,NR,0.0,0.41,8.4,1.16,0.1,False
2026-09-23T01:43:04Z,"Hutchinson River, Lower",26,HP,0.0,0.05,57.81,0.59,0.1,False
2026-09-23T01:43:04Z,Jamaica Bay (Brooklyn),27,26,0.0,1.46,1.43,1.97,0.1,False
2026-09-23T01:43:04Z,Jamaica Bay (Queens),42,JA,0.0,0.74,4.07,0.99,0.1,False
2026-09-23T01:43:04Z,Kill Van Kull,28,PR,0.0,0.44,9.88,1.46,0.1,False
2026-09-23T01:43:04Z,Little Neck Bay,29,TI,0.0,0.46,7.65,1.21,0.1,False
2026-09-23T01:43:04Z,Lower New York Bay,2,OB,0.0,1.3,2.06,1.45,0.1,False
2026-09-23T01:43:04Z,Mill Basin,31,CI,0.0,1.34,1.49,2.39,0.1,False
2026-09-23T01:43:04Z,Newark Bay,32,PR,0.0,0.39,11.52,1.43,0.1,False
2026-09-23T01:43:04Z,"Newtown Creek, Lower",34,NC,0.0,0.3,28.56,0.91,0.1,False
2026-09-23T01:43:04Z,"Newtown Creek, Upper",33,NC,0.0,0.23,49.45,0.78,0.1,False
2026-09-23T01:43:04Z,Paerdegat Basin,35,CI,0.0,0.38,11.25,1.38,0.1,False
2026-09-23T01:43:04Z,Powell Cove,36,TI,0.0,0.9,3.39,1.22,0.1,False
2026-09-23T01:43:04Z,Sheepshead Bay,37,CI,0.0,0.18,12.63,0.83,0.1,False
2026-09-23T01:43:04Z,Shellbank Basin,44,JA,0.0,0.34,10.55,1.15,0.1,False
2026-09-23T01:43:04Z,Spring Creek,38,26,0.0,0.64,11.14,1.08,0.1,False
2026-09-23T01:43:04Z,Thurston Basin,45,JA,0.0,0.05,32.63,0.79,0.1,False
2026-09-23T01:43:04Z,Upper New York Bay,39,OH,0.0,0.34,11.93,1.26,0.1,False
2026-09-23T01:43:04Z,Westchester Creek,40,HP,0.0,0.19,21.55,1.13,0.1,False
2026-09-23T01:43:04Z,Western Long Island Sound,41,HP,0.0,2.0,0.05,0.66,0.1,False
2026-09-23T07:40:19Z,Alley Creek,1,TI,0.0,0.05,37.04,0.62,0.1,False
2026-09-23T07:40:19Z,"Arthur Kill, Lower",3,OB,0.0,0.7,5.22,1.54,0.1,False
2026-09-23T07:40:19Z,"Arthur Kill, Upper",4,OB,0.0,0.1,23.08,0.83,0.1,False
2026-09-23T07:40:19Z,Bergen Basin,43,JA,0.0,0.05,34.41,0.7,0.1,False
2026-09-23T07:40:19Z,Bowery Bay,5,BB,0.0,0.29,11.25,1.06,0.1,False
2026-09-23T07:40:19Z,"Bronx River, Lower",6,HP,0.0,0.05,53.67,0.45,0.1,False
2026-09-23T07:40:19Z,Coney Island Creek,7,CI,0.0,0.05,69.6,0.3,0.1,False
2026-09-23T07:40:19Z,East River (near Steinway Creek),9,BB,0.0,0.54,14.96,0.9,0.1,False
2026-09-23T07:40:19Z,East River (near Throgs Neck),11,TI,0.0,1.0,3.0,1.47,0.1,False
2026-09-23T07:40:19Z,East River (RFK to Whitestone),10,TI,0.0,0.61,5.65,1.3,0.1,False
2026-09-23T07:40:19Z,"East River, Lower",8,NC,0.0,0.8,4.38,1.56,0.1,False
2026-09-23T07:40:19Z,Eastchester Bay,12,HP,0.0,1.53,1.51,1.62,0.1,False
2026-09-23T07:40:19Z,Erie Basin,13,RH,0.0,0.27,13.73,1.16,0.1,False
2026-09-23T07:40:19Z,Flushing Bay,14,BB,0.0,0.19,32.63,0.76,0.1,False
2026-09-23T07:40:19Z,Flushing Creek,15,TI,0.0,0.05,59.69,0.64,0.1,False
2026-09-23T07:40:19Z,Fresh Creek,16,26,0.0,0.05,30.38,0.67,0.1,False
2026-09-23T07:40:19Z,"Fresh Kills, Lower",17,PR,0.0,0.16,20.48,1.05,0.1,False
2026-09-23T07:40:19Z,"Fresh Kills, Upper",18,PR,0.0,0.15,39.81,0.81,0.1,False
2026-09-23T07:40:19Z,Gerritsen Creek,19,RK,0.0,0.4,7.9,1.07,0.1,False
2026-09-23T07:40:19Z,"Gowanus Canal, Inner",20,RH,0.0,0.23,15.08,1.09,0.1,False
2026-09-23T07:40:19Z,"Gowanus Canal, Outer",21,RH,0.0,0.46,28.85,0.92,0.1,False
2026-09-23T07:40:19Z,Gravesend Bay,30,OH,0.0,0.1,24.63,0.76,0.1,False
2026-09-23T07:40:19Z,Harlem River,22,WI,0.0,0.5,17.24,0.89,0.1,False
2026-09-23T07:40:19Z,Hendrix Creek,23,26,0.0,0.09,20.52,0.8,0.1,False
2026-09-23T07:40:19Z,Hudson River (Bronx),24,WI,0.0,0.62,4.38,0.79,0.1,False
2026-09-23T07:40:19Z,Hudson River (Manhattan),25,NR,0.0,0.41,8.4,1.16,0.1,False
2026-09-23T07:40:19Z,"Hutchinson River, Lower",26,HP,0.0,0.05,57.81,0.59,0.1,False
2026-09-23T07:40:19Z,Jamaica Bay (Brooklyn),27,26,0.0,1.46,1.43,1.97,0.1,False
2026-09-23T07:40:19Z,Jamaica Bay (Queens),42,JA,0.0,0.74,4.07,0.99,0.1,False
2026-09-23T07:40:19Z,Kill Van Kull,28,PR,0.0,0.44,9.88,1.46,0.1,False
2026-09-23T07:40:19Z,Little Neck Bay,29,TI,0.0,0.46,7.65,1.21,0.1,False
2026-09-23T07:40:19Z,Lower New York Bay,2,OB,0.0,1.3,2.06,1.45,0.1,False
2026-09-23T07:40:19Z,Mill Basin,31,CI,0.0,1.34,1.49,2.39,0.1,False
2026-09-23T07:40:19Z,Newark Bay,32,PR,0.0,0.39,11.52,1.43,0.1,False
2026-09-23T07:40:19Z,"Newtown Creek, Lower",34,NC,0.0,0.3,28.56,0.91,0.1,False
2026-09-23T07:40:19Z,"Newtown Creek, Upper",33,NC,0.0,0.23,49.45,0.78,0.1,False
2026-09-23T07:40:19Z,Paerdegat Basin,35,CI,0.0,0.38,11.25,1.38,0.1,False
2026-09-23T07:40:19Z,Powell Cove,36,TI,0.0,0.9,3.39,1.22,0.1,False
2026-09-23T07:40:19Z,Sheepshead Bay,37,CI,0.0,0.18,12.63,0.83,0.1,False
2026-09-23T07:40:19Z,Shellbank Basin,44,JA,0.0,0.34,10.55,1.15,0.1,False
2026-09-23T07:40:19Z,Spring Creek,38,26,0.0,0.64,11.14,1.08,0.1,False
2026-09-23T07:40:19Z,Thurston Basin,45,JA,0.0,0.05,32.63,0.79,0.1,False
2026-09-23T07:40:19Z,Upper New York Bay,39,OH,0.0,0.34,11.93,1.26,0.1,False
2026-09-23T07:40:19Z,Westchester Creek,40,HP,0.0,0.19,21.55,1.13,0.1,False
2026-09-23T07:40:19Z,Western Long Island Sound,41,HP,0.0,2.0,0.05,0.66,0.1,False
2026-09-23T13:34:38Z,Alley Creek,1,TI,0.0,0.05,37.04,0.62,0.1,False
2026-09-23T13:34:38Z,"Arthur Kill, Lower",3,OB,0.0,0.7,5.22,1.54,0.1,False
2026-09-23T13:34:38Z,"Arthur Kill, Upper",4,OB,0.0,0.1,23.08,0.83,0.1,False
2026-09-23T13:34:38Z,Bergen Basin,43,JA,0.0,0.05,34.41,0.7,0.1,False
2026-09-23T13:34:38Z,Bowery Bay,5,BB,0.0,0.29,11.25,1.06,0.1,False
2026-09-23T13:34:38Z,"Bronx River, Lower",6,HP,0.0,0.05,53.67,0.45,0.1,False
2026-09-23T13:34:38Z,Coney Island Creek,7,CI,0.0,0.05,69.6,0.3,0.1,False
2026-09-23T13:34:38Z,East River (near Steinway Creek),9,BB,0.0,0.54,14.96,0.9,0.1,False
2026-09-23T13:34:38Z,East River (near Throgs Neck),11,TI,0.0,1.0,3.0,1.47,0.1,False
2026-09-23T13:34:38Z,East River (RFK to Whitestone),10,TI,0.0,0.61,5.65,1.3,0.1,False
2026-09-23T13:34:38Z,"East River, Lower",8,NC,0.0,0.8,4.38,1.56,0.1,False
2026-09-23T13:34:38Z,Eastchester Bay,12,HP,0.0,1.53,1.51,1.62,0.1,False
2026-09-23T13:34:38Z,Erie Basin,13,RH,0.0,0.27,13.73,1.16,0.1,False
2026-09-23T13:34:38Z,Flushing Bay,14,BB,0.0,0.19,32.63,0.76,0.1,False
2026-09-23T13:34:38Z,Flushing Creek,15,TI,0.0,0.05,59.69,0.64,0.1,False
2026-09-23T13:34:38Z,Fresh Creek,16,26,0.0,0.05,30.38,0.67,0.1,False
2026-09-23T13:34:38Z,"Fresh Kills, Lower",17,PR,0.0,0.16,20.48,1.05,0.1,False
2026-09-23T13:34:38Z,"Fresh Kills, Upper",18,PR,0.0,0.15,39.81,0.81,0.1,False
2026-09-23T13:34:38Z,Gerritsen Creek,19,RK,0.0,0.4,7.9,1.07,0.1,False
2026-09-23T13:34:38Z,"Gowanus Canal, Inner",20,RH,0.0,0.23,15.08,1.09,0.1,False
2026-09-23T13:34:38Z,"Gowanus Canal, Outer",21,RH,0.0,0.46,28.85,0.92,0.1,False
2026-09-23T13:34:38Z,Gravesend Bay,30,OH,0.0,0.1,24.63,0.76,0.1,False
2026-09-23T13:34:38Z,Harlem River,22,WI,0.0,0.5,17.24,0.89,0.1,False
2026-09-23T13:34:38Z,Hendrix Creek,23,26,0.0,0.09,20.52,0.8,0.1,False
2026-09-23T13:34:38Z,Hudson River (Bronx),24,WI,0.0,0.62,4.38,0.79,0.1,False
2026-09-23T13:34:38Z,Hudson River (Manhattan),25,NR,0.0,0.41,8.4,1.16,0.1,False
2026-09-23T13:34:38Z,"Hutchinson River, Lower",26,HP,0.0,0.05,57.81,0.59,0.1,False
2026-09-23T13:34:38Z,Jamaica Bay (Brooklyn),27,26,0.0,1.46,1.43,1.97,0.1,False
2026-09-23T13:34:38Z,Jamaica Bay (Queens),42,JA,0.0,0.74,4.07,0.99,0.1,False
2026-09-23T13:34:38Z,Kill Van Kull,28,PR,0.0,0.44,9.88,1.46,0.1,False
2026-09-23T13:34:38Z,Little Neck Bay,29,TI,0.0,0.46,7.65,1.21,0.1,False
2026-09-23T13:34:38Z,Lower New York Bay,2,OB,0.0,1.3,2.06,1.45,0.1,False
2026-09-23T13:34:38Z,Mill Basin,31,CI,0.0,1.34,1.49,2.39,0.1,False
2026-09-23T13:34:38Z,Newark Bay,32,PR,0.0,0.39,11.52,1.43,0.1,False
2026-09-23T13:34:38Z,"Newtown Creek, Lower",34,NC,0.0,0.3,28.56,0.91,0.1,False
2026-09-23T13:34:38Z,"Newtown Creek, Upper",33,NC,0.0,0.23,49.45,0.78,0.1,False
2026-09-23T13:34:38Z,Paerdegat Basin,35,CI,0.0,0.38,11.25,1.38,0.1,False
2026-09-23T13:34:38Z,Powell Cove,36,TI,0.0,0.9,3.39,1.22,0.1,False
2026-09-23T13:34:38Z,Sheepshead Bay,37,CI,0.0,0.18,12.63,0.83,0.1,False
2026-09-23T13:34:38Z,Shellbank Basin,44,JA,0.0,0.34,10.55,1.15,0.1,False
2026-09-23T13:34:38Z,Spring Creek,38,26,0.0,0.64,11.14,1.08,0.1,False
2026-09-23T13:34:38Z,Thurston Basin,45,JA,0.0,0.05,32.63,0.79,0.1,False
2026-09-23T13:34:38Z,Upper New York Bay,39,OH,0.0,0.34,11.93,1.26,0.1,False
2026-09-23T13:34:38Z,Westchester Creek,40,HP,0.0,0.19,21.55,1.13,0.1,False
2026-09-23T13:34:38Z,Western Long Island Sound,41,HP,0.0,2.0,0.05,0.66,0.1,False
2026-09-23T17:56:55Z,Alley Creek,1,TI,0.0,0.05,37.04,0.62,0.1,False
2026-09-23T17:56:55Z,"Arthur Kill, Lower",3,OB,0.0,0.7,5.22,1.54,0.1,False
2026-09-23T17:56:55Z,"Arthur Kill, Upper",4,OB,0.0,0.1,23.08,0.83,0.1,False
2026-09-23T17:56:55Z,Bergen Basin,43,JA,0.0,0.05,34.41,0.7,0.1,False
2026-09-23T17:56:55Z,Bowery Bay,5,BB,0.0,0.29,11.25,1.06,0.1,False
2026-09-23T17:56:55Z,"Bronx River, Lower",6,HP,0.0,0.05,53.67,0.45,0.1,False
2026-09-23T17:56:55Z,Coney Island Creek,7,CI,0.0,0.05,69.6,0.3,0.1,False
2026-09-23T17:56:55Z,East River (near Steinway Creek),9,BB,0.0,0.54,14.96,0.9,0.1,False
2026-09-23T17:56:55Z,East River (near Throgs Neck),11,TI,0.0,1.0,3.0,1.47,0.1,False
2026-09-23T17:56:55Z,East River (RFK to Whitestone),10,TI,0.0,0.61,5.65,1.3,0.1,False
2026-09-23T17:56:55Z,"East River, Lower",8,NC,0.0,0.8,4.38,1.56,0.1,False
2026-09-23T17:56:55Z,Eastchester Bay,12,HP,0.0,1.53,1.51,1.62,0.1,False
2026-09-23T17:56:55Z,Erie Basin,13,RH,0.0,0.27,13.73,1.16,0.1,False
2026-09-23T17:56:55Z,Flushing Bay,14,BB,0.0,0.19,32.63,0.76,0.1,False
2026-09-23T17:56:55Z,Flushing Creek,15,TI,0.0,0.05,59.69,0.64,0.1,False
2026-09-23T17:56:55Z,Fresh Creek,16,26,0.0,0.05,30.38,0.67,0.1,False
2026-09-23T17:56:55Z,"Fresh Kills, Lower",17,PR,0.0,0.16,20.48,1.05,0.1,False
2026-09-23T17:56:55Z,"Fresh Kills, Upper",18,PR,0.0,0.15,39.81,0.81,0.1,False
2026-09-23T17:56:55Z,Gerritsen Creek,19,RK,0.0,0.4,7.9,1.07,0.1,False
2026-09-23T17:56:55Z,"Gowanus Canal, Inner",20,RH,0.0,0.23,15.08,1.09,0.1,False
2026-09-23T17:56:55Z,"Gowanus Canal, Outer",21,RH,0.0,0.46,28.85,0.92,0.1,False
2026-09-23T17:56:55Z,Gravesend Bay,30,OH,0.0,0.1,24.63,0.76,0.1,False
2026-09-23T17:56:55Z,Harlem River,22,WI,0.0,0.5,17.24,0.89,0.1,False
2026-09-23T17:56:55Z,Hendrix Creek,23,26,0.0,0.09,20.52,0.8,0.1,False
2026-09-23T17:56:55Z,Hudson River (Bronx),24,WI,0.0,0.62,4.38,0.79,0.1,False
2026-09-23T17:56:55Z,Hudson River (Manhattan),25,NR,0.0,0.41,8.4,1.16,0.1,False
2026-09-23T17:56:55Z,"Hutchinson River, Lower",26,HP,0.0,0.05,57.81,0.59,0.1,False
2026-09-23T17:56:55Z,Jamaica Bay (Brooklyn),27,26,0.0,1.46,1.43,1.97,0.1,False
2026-09-23T17:56:55Z,Jamaica Bay (Queens),42,JA,0.0,0.74,4.07,0.99,0.1,False
2026-09-23T17:56:55Z,Kill Van Kull,28,PR,0.0,0.44,9.88,1.46,0.1,False
2026-09-23T17:56:55Z,Little Neck Bay,29,TI,0.0,0.46,7.65,1.21,0.1,False
2026-09-23T17:56:55Z,Lower New York Bay,2,OB,0.0,1.3,2.06,1.45,0.1,False
2026-09-23T17:56:55Z,Mill Basin,31,CI,0.0,1.34,1.49,2.39,0.1,False
2026-09-23T17:56:55Z,Newark Bay,32,PR,0.0,0.39,11.52,1.43,0.1,False
2026-09-23T17:56:55Z,"Newtown Creek, Lower",34,NC,0.0,0.3,28.56,0.91,0.1,False
2026-09-23T17:56:55Z,"Newtown Creek, Upper",33,NC,0.0,0.23,49.45,0.78,0.1,False
2026-09-23T17:56:55Z,Paerdegat Basin,35,CI,0.0,0.38,11.25,1.38,0.1,False
2026-09-23T17:56:55Z,Powell Cove,36,TI,0.0,0.9,3.39,1.22,0.1,False
2026-09-23T17:56:55Z,Sheepshead Bay,37,CI,0.0,0.18,12.63,0.83,0.1,False
2026-09-23T17:56:55Z,Shellbank Basin,44,JA,0.0,0.34,10.55,1.15,0.1,False
2026-09-23T17:56:55Z,Spring Creek,38,26,0.0,0.64,11.14,1.08,0.1,False
2026-09-23T17:56:55Z,Thurston Basin,45,JA,0.0,0.05,32.63,0.79,0.1,False
2026-09-23T17:56:55Z,Upper New York Bay,39,OH,0.0,0.34,11.93,1.26,0.1,False
2026-09-23T17:56:55Z,Westchester Creek,40,HP,0.0,0.19,21.55,1.13,0.1,False
2026-09-23T17:56:55Z,Western Long Island Sound,41,HP,0.0,2.0,0.05,0.66,0.1,False
2026-09-23T21:26:26Z,Alley Creek,1,TI,0.0,0.05,37.04,0.62,0.1,False
2026-09-23T21:26:26Z,"Arthur Kill, Lower",3,OB,0.0,0.7,5.22,1.54,0.1,False
2026-09-23T21:26:26Z,"Arthur Kill, Upper",4,OB,0.0,0.1,23.08,0.83,0.1,False
2026-09-23T21:26:26Z,Bergen Basin,43,JA,0.0,0.05,34.41,0.7,0.1,False
2026-09-23T21:26:26Z,Bowery Bay,5,BB,0.0,0.29,11.25,1.06,0.1,False
2026-09-23T21:26:26Z,"Bronx River, Lower",6,HP,0.0,0.05,53.67,0.45,0.1,False
2026-09-23T21:26:26Z,Coney Island Creek,7,CI,0.0,0.05,69.6,0.3,0.1,False
2026-09-23T21:26:26Z,East River (near Steinway Creek),9,BB,0.0,0.54,14.96,0.9,0.1,False
2026-09-23T21:26:26Z,East River (near Throgs Neck),11,TI,0.0,1.0,3.0,1.47,0.1,False
2026-09-23T21:26:26Z,East River (RFK to Whitestone),10,TI,0.0,0.61,5.65,1.3,0.1,False
2026-09-23T21:26:26Z,"East River, Lower",8,NC,0.0,0.8,4.38,1.56,0.1,False
2026-09-23T21:26:26Z,Eastchester Bay,12,HP,0.0,1.53,1.51,1.62,0.1,False
2026-09-23T21:26:26Z,Erie Basin,13,RH,0.0,0.27,13.73,1.16,0.1,False
2026-09-23T21:26:26Z,Flushing Bay,14,BB,0.0,0.19,32.63,0.76,0.1,False
2026-09-23T21:26:26Z,Flushing Creek,15,TI,0.0,0.05,59.69,0.64,0.1,False
2026-09-23T21:26:26Z,Fresh Creek,16,26,0.0,0.05,30.38,0.67,0.1,False
2026-09-23T21:26:26Z,"Fresh Kills, Lower",17,PR,0.0,0.16,20.48,1.05,0.1,False
2026-09-23T21:26:26Z,"Fresh Kills, Upper",18,PR,0.0,0.15,39.81,0.81,0.1,False
2026-09-23T21:26:26Z,Gerritsen Creek,19,RK,0.0,0.4,7.9,1.07,0.1,False
2026-09-23T21:26:26Z,"Gowanus Canal, Inner",20,RH,0.0,0.23,15.08,1.09,0.1,False
2026-09-23T21:26:26Z,"Gowanus Canal, Outer",21,RH,0.0,0.46,28.85,0.92,0.1,False
2026-09-23T21:26:26Z,Gravesend Bay,30,OH,0.0,0.1,24.63,0.76,0.1,False
2026-09-23T21:26:26Z,Harlem River,22,WI,0.0,0.5,17.24,0.89,0.1,False
2026-09-23T21:26:26Z,Hendrix Creek,23,26,0.0,0.09,20.52,0.8,0.1,False
2026-09-23T21:26:26Z,Hudson River (Bronx),24,WI,0.0,0.62,4.38,0.79,0.1,False
2026-09-23T21:26:26Z,Hudson River (Manhattan),25,NR,0.0,0.41,8.4,1.16,0.1,False
2026-09-23T21:26:26Z,"Hutchinson River, Lower",26,HP,0.0,0.05,57.81,0.59,0.1,False
2026-09-23T21:26:26Z,Jamaica Bay (Brooklyn),27,26,0.0,1.46,1.43,1.97,0.1,False
2026-09-23T21:26:26Z,Jamaica Bay (Queens),42,JA,0.0,0.74,4.07,0.99,0.1,False
2026-09-23T21:26:26Z,Kill Van Kull,28,PR,0.0,0.44,9.88,1.46,0.1,False
2026-09-23T21:26:26Z,Little Neck Bay,29,TI,0.0,0.46,7.65,1.21,0.1,False
2026-09-23T21:26:26Z,Lower New York Bay,2,OB,0.0,1.3,2.06,1.45,0.1,False
2026-09-23T21:26:26Z,Mill Basin,31,CI,0.0,1.34,1.49,2.39,0.1,False
2026-09-23T21:26:26Z,Newark Bay,32,PR,0.0,0.39,11.52,1.43,0.1,False
2026-09-23T21:26:26Z,"Newtown Creek, Lower",34,NC,0.0,0.3,28.56,0.91,0.1,False
2026-09-23T21:26:26Z,"Newtown Creek, Upper",33,NC,0.0,0.23,49.45,0.78,0.1,False
2026-09-23T21:26:26Z,Paerdegat Basin,35,CI,0.0,0.38,11.25,1.38,0.1,False
2026-09-23T21:26:26Z,Powell Cove,36,TI,0.0,0.9,3.39,1.22,0.1,False
2026-09-23T21:26:26Z,Sheepshead Bay,37,CI,0.0,0.18,12.63,0.83,0.1,False
2026-09-23T21:26:26Z,Shellbank Basin,44,JA,0.0,0.34,10.55,1.15,0.1,False
2026-09-23T21:26:26Z,Spring Creek,38,26,0.0,0.64,11.14,1.08,0.1,False
2026-09-23T21:26:26Z,Thurston Basin,45,JA,0.0,0.05,32.63,0.79,0.1,False
2026-09-23T21:26:26Z,Upper New York Bay,39,OH,0.0,0.34,11.93,1.26,0.1,False
2026-09-23T21:26:26Z,Westchester Creek,40,HP,0.0,0.19,21.55,1.13,0.1,False
2026-09-23T21:26:26Z,Western Long Island Sound,41,HP,0.0,2.0,0.05,0.66,0.1,False
2026-09-23T23:54:47Z,Alley Creek,1,TI,0.0,0.05,37.04,0.62,0.1,False
2026-09-23T23:54:47Z,"Arthur Kill, Lower",3,OB,0.0,0.7,5.22,1.54,0.1,False
2026-09-23T23:54:47Z,"Arthur Kill, Upper",4,OB,0.0,0.1,23.08,0.83,0.1,False
2026-09-23T23:54:47Z,Bergen Basin,43,JA,0.0,0.05,34.41,0.7,0.1,False
2026-09-23T23:54:47Z,Bowery Bay,5,BB,0.0,0.29,11.25,1.06,0.1,False
2026-09-23T23:54:47Z,"Bronx River, Lower",6,HP,0.0,0.05,53.67,0.45,0.1,False
2026-09-23T23:54:47Z,Coney Island Creek,7,CI,0.0,0.05,69.6,0.3,0.1,False
2026-09-23T23:54:47Z,East River (near Steinway Creek),9,BB,0.0,0.54,14.96,0.9,0.1,False
2026-09-23T23:54:47Z,East River (near Throgs Neck),11,TI,0.0,1.0,3.0,1.47,0.1,False
2026-09-23T23:54:47Z,East River (RFK to Whitestone),10,TI,0.0,0.61,5.65,1.3,0.1,False
2026-09-23T23:54:47Z,"East River, Lower",8,NC,0.0,0.8,4.38,1.56,0.1,False
2026-09-23T23:54:47Z,Eastchester Bay,12,HP,0.0,1.53,1.51,1.62,0.1,False
2026-09-23T23:54:47Z,Erie Basin,13,RH,0.0,0.27,13.73,1.16,0.1,False
2026-09-23T23:54:47Z,Flushing Bay,14,BB,0.0,0.19,32.63,0.76,0.1,False
2026-09-23T23:54:47Z,Flushing Creek,15,TI,0.0,0.05,59.69,0.64,0.1,False
2026-09-23T23:54:47Z,Fresh Creek,16,26,0.0,0.05,30.38,0.67,0.1,False
2026-09-23T23:54:47Z,"Fresh Kills, Lower",17,PR,0.0,0.16,20.48,1.05,0.1,False
2026-09-23T23:54:47Z,"Fresh Kills, Upper",18,PR,0.0,0.15,39.81,0.81,0.1,False
2026-09-23T23:54:47Z,Gerritsen Creek,19,RK,0.0,0.4,7.9,1.07,0.1,False
2026-09-23T23:54:47Z,"Gowanus Canal, Inner",20,RH,0.0,0.23,15.08,1.09,0.1,False
2026-09-23T23:54:47Z,"Gowanus Canal, Outer",21,RH,0.0,0.46,28.85,0.92,0.1,False
2026-09-23T23:54:47Z,Gravesend Bay,30,OH,0.0,0.1,24.63,0.76,0.1,False
2026-09-23T23:54:47Z,Harlem River,22,WI,0.0,0.5,17.24,0.89,0.1,False
2026-09-23T23:54:47Z,Hendrix Creek,23,26,0.0,0.09,20.52,0.8,0.1,False
2026-09-23T23:54:47Z,Hudson River (Bronx),24,WI,0.0,0.62,4.38,0.79,0.1,False
2026-09-23T23:54:47Z,Hudson River (Manhattan),25,NR,0.0,0.41,8.4,1.16,0.1,False
2026-09-23T23:54:47Z,"Hutchinson River, Lower",26,HP,0.0,0.05,57.81,0.59,0.1,False
2026-09-23T23:54:47Z,Jamaica Bay (Brooklyn),27,26,0.0,1.46,1.43,1.97,0.1,False
2026-09-23T23:54:47Z,Jamaica Bay (Queens),42,JA,0.0,0.74,4.07,0.99,0.1,False
2026-09-23T23:54:47Z,Kill Van Kull,28,PR,0.0,0.44,9.88,1.46,0.1,False
2026-09-23T23:54:47Z,Little Neck Bay,29,TI,0.0,0.46,7.65,1.21,0.1,False
2026-09-23T23:54:47Z,Lower New York Bay,2,OB,0.0,1.3,2.06,1.45,0.1,False
2026-09-23T23:54:47Z,Mill Basin,31,CI,0.0,1.34,1.49,2.39,0.1,False
2026-09-23T23:54:47Z,Newark Bay,32,PR,0.0,0.39,11.52,1.43,0.1,False
2026-09-23T23:54:47Z,"Newtown Creek, Lower",34,NC,0.0,0.3,28.56,0.91,0.1,False
2026-09-23T23:54:47Z,"Newtown Creek, Upper",33,NC,0.0,0.23,49.45,0.78,0.1,False
2026-09-23T23:54:47Z,Paerdegat Basin,35,CI,0.0,0.38,11.25,1.38,0.1,False
2026-09-23T23:54:47Z,Powell Cove,36,TI,0.0,0.9,3.39,1.22,0.1,False
2026-09-23T23:54:47Z,Sheepshead Bay,37,CI,0.0,0.18,12.63,0.83,0.1,False
2026-09-23T23:54:47Z,Shellbank Basin,44,JA,0.0,0.34,10.55,1.15,0.1,False
2026-09-23T23:54:47Z,Spring Creek,38,26,0.0,0.64,11.14,1.08,0.1,False
2026-09-23T23:54:47Z,Thurston Basin,45,JA,0.0,0.05,32.63,0.79,0.1,False
2026-09-23T23:54:47Z,Upper New York Bay,39,OH,0.0,0.34,11.93,1.26,0.1,False
2026-09-23T23:54:47Z,Westchester Creek,40,HP,0.0,0.19,21.55,1.13,0.1,False
2026-09-23T23:54:47Z,Western Long Island Sound,41,HP,0.0,2.0,0.05,0.66,0.1,False
2026-09-24T04:35:05Z,Alley Creek,1,TI,0.0,0.05,37.04,0.62,0.1,False
2026-09-24T04:35:05Z,"Arthur Kill, Lower",3,OB,0.0,0.7,5.22,1.54,0.1,False
2026-09-24T04:35:05Z,"Arthur Kill, Upper",4,OB,0.0,0.1,23.08,0.83,0.1,False
2026-09-24T04:35:05Z,Bergen Basin,43,JA,0.0,0.05,34.41,0.7,0.1,False
2026-09-24T04:35:05Z,Bowery Bay,5,BB,0.0,0.29,11.25,1.06,0.1,False
2026-09-24T04:35:05Z,"Bronx River, Lower",6,HP,0.0,0.05,53.67,0.45,0.1,False
2026-09-24T04:35:05Z,Coney Island Creek,7,CI,0.0,0.05,69.6,0.3,0.1,False
2026-09-24T04:35:05Z,East River (near Steinway Creek),9,BB,0.0,0.54,14.96,0.9,0.1,False
2026-09-24T04:35:05Z,East River (near Throgs Neck),11,TI,0.0,1.0,3.0,1.47,0.1,False
2026-09-24T04:35:05Z,East River (RFK to Whitestone),10,TI,0.0,0.61,5.65,1.3,0.1,False
2026-09-24T04:35:05Z,"East River, Lower",8,NC,0.0,0.8,4.38,1.56,0.1,False
2026-09-24T04:35:05Z,Eastchester Bay,12,HP,0.0,1.53,1.51,1.62,0.1,False
2026-09-24T04:35:05Z,Erie Basin,13,RH,0.0,0.27,13.73,1.16,0.1,False
2026-09-24T04:35:05Z,Flushing Bay,14,BB,0.0,0.19,32.63,0.76,0.1,False
2026-09-24T04:35:05Z,Flushing Creek,15,TI,0.0,0.05,59.69,0.64,0.1,False
2026-09-24T04:35:05Z,Fresh Creek,16,26,0.0,0.05,30.38,0.67,0.1,False
2026-09-24T04:35:05Z,"Fresh Kills, Lower",17,PR,0.0,0.16,20.48,1.05,0.1,False
2026-09-24T04:35:05Z,"Fresh Kills, Upper",18,PR,0.0,0.15,39.81,0.81,0.1,False
2026-09-24T04:35:05Z,Gerritsen Creek,19,RK,0.0,0.4,7.9,1.07,0.1,False
2026-09-24T04:35:05Z,"Gowanus Canal, Inner",20,RH,0.0,0.23,15.08,1.09,0.1,False
2026-09-24T04:35:05Z,"Gowanus Canal, Outer",21,RH,0.0,0.46,28.85,0.92,0.1,False
2026-09-24T04:35:05Z,Gravesend Bay,30,OH,0.0,0.1,24.63,0.76,0.1,False
2026-09-24T04:35:05Z,Harlem River,22,WI,0.0,0.5,17.24,0.89,0.1,False
2026-09-24T04:35:05Z,Hendrix Creek,23,26,0.0,0.09,20.52,0.8,0.1,False
2026-09-24T04:35:05Z,Hudson River (Bronx),24,WI,0.0,0.62,4.38,0.79,0.1,False
2026-09-24T04:35:05Z,Hudson River (Manhattan),25,NR,0.0,0.41,8.4,1.16,0.1,False
2026-09-24T04:35:05Z,"Hutchinson River, Lower",26,HP,0.0,0.05,57.81,0.59,0.1,False
2026-09-24T04:35:05Z,Jamaica Bay (Brooklyn),27,26,0.0,1.46,1.43,1.97,0.1,False
2026-09-24T04:35:05Z,Jamaica Bay (Queens),42,JA,0.0,0.74,4.07,0.99,0.1,False
2026-09-24T04:35:05Z,Kill Van Kull,28,PR,0.0,0.44,9.88,1.46,0.1,False
2026-09-24T04:35:05Z,Little Neck Bay,29,TI,0.0,0.46,7.65,1.21,0.1,False
2026-09-24T04:35:05Z,Lower New York Bay,2,OB,0.0,1.3,2.06,1.45,0.1,False
2026-09-24T04:35:05Z,Mill Basin,31,CI,0.0,1.34,1.49,2.39,0.1,False
2026-09-24T04:35:05Z,Newark Bay,32,PR,0.0,0.39,11.52,1.43,0.1,False
2026-09-24T04:35:05Z,"Newtown Creek, Lower",34,NC,0.0,0.3,28.56,0.91,0.1,False
2026-09-24T04:35:05Z,"Newtown Creek, Upper",33,NC,0.0,0.23,49.45,0.78,0.1,False
2026-09-24T04:35:05Z,Paerdegat Basin,35,CI,0.0,0.38,11.25,1.38,0.1,False
2026-09-24T04:35:05Z,Powell Cove,36,TI,0.0,0.9,3.39,1.22,0.1,False
2026-09-24T04:35:05Z,Sheepshead Bay,37,CI,0.0,0.18,12.63,0.83,0.1,False
2026-09-24T04:35:05Z,Shellbank Basin,44,JA,0.0,0.34,10.55,1.15,0.1,False
2026-09-24T04:35:05Z,Spring Creek,38,26,0.0,0.64,11.14,1.08,0.1,False
2026-09-24T04:35:05Z,Thurston Basin,45,JA,0.0,0.05,32.63,0.79,0.1,False
2026-09-24T04:35:05Z,Upper New York Bay,39,OH,0.0,0.34,11.93,1.26,0.1,False
2026-09-24T04:35:05Z,Westchester Creek,40,HP,0.0,0.19,21.55,1.13,0.1,False
2026-09-24T04:35:05Z,Western Long Island Sound,41,HP,0.0,2.0,0.05,0.66,0.1,False
2026-09-24T09:29:22Z,Alley Creek,1,TI,0.0,0.05,37.04,0.62,0.1,False
2026-09-24T09:29:22Z,"Arthur Kill, Lower",3,OB,0.0,0.7,5.22,1.54,0.1,False
2026-09-24T09:29:22Z,"Arthur Kill, Upper",4,OB,0.0,0.1,23.08,0.83,0.1,False
2026-09-24T09:29:22Z,Bergen Basin,43,JA,0.0,0.05,34.41,0.7,0.1,False
2026-09-24T09:29:22Z,Bowery Bay,5,BB,0.0,0.29,11.25,1.06,0.1,False
2026-09-24T09:29:22Z,"Bronx River, Lower",6,HP,0.0,0.05,53.67,0.45,0.1,False
2026-09-24T09:29:22Z,Coney Island Creek,7,CI,0.0,0.05,69.6,0.3,0.1,False
2026-09-24T09:29:22Z,East River (near Steinway Creek),9,BB,0.0,0.54,14.96,0.9,0.1,False
2026-09-24T09:29:22Z,East River (near Throgs Neck),11,TI,0.0,1.0,3.0,1.47,0.1,False
2026-09-24T09:29:22Z,East River (RFK to Whitestone),10,TI,0.0,0.61,5.65,1.3,0.1,False
2026-09-24T09:29:22Z,"East River, Lower",8,NC,0.0,0.8,4.38,1.56,0.1,False
2026-09-24T09:29:22Z,Eastchester Bay,12,HP,0.0,1.53,1.51,1.62,0.1,False
2026-09-24T09:29:22Z,Erie Basin,13,RH,0.0,0.27,13.73,1.16,0.1,False
2026-09-24T09:29:22Z,Flushing Bay,14,BB,0.0,0.19,32.63,0.76,0.1,False
2026-09-24T09:29:22Z,Flushing Creek,15,TI,0.0,0.05,59.69,0.64,0.1,False
2026-09-24T09:29:22Z,Fresh Creek,16,26,0.0,0.05,30.38,0.67,0.1,False
2026-09-24T09:29:22Z,"Fresh Kills, Lower",17,PR,0.0,0.16,20.48,1.05,0.1,False
2026-09-24T09:29:22Z,"Fresh Kills, Upper",18,PR,0.0,0.15,39.81,0.81,0.1,False
2026-09-24T09:29:22Z,Gerritsen Creek,19,RK,0.0,0.4,7.9,1.07,0.1,False
2026-09-24T09:29:22Z,"Gowanus Canal, Inner",20,RH,0.0,0.23,15.08,1.09,0.1,False
2026-09-24T09:29:22Z,"Gowanus Canal, Outer",21,RH,0.0,0.46,28.85,0.92,0.1,False
2026-09-24T09:29:22Z,Gravesend Bay,30,OH,0.0,0.1,24.63,0.76,0.1,False
2026-09-24T09:29:22Z,Harlem River,22,WI,0.0,0.5,17.24,0.89,0.1,False
2026-09-24T09:29:22Z,Hendrix Creek,23,26,0.0,0.09,20.52,0.8,0.1,False
2026-09-24T09:29:22Z,Hudson River (Bronx),24,WI,0.0,0.62,4.38,0.79,0.1,False
2026-09-24T09:29:22Z,Hudson River (Manhattan),25,NR,0.0,0.41,8.4,1.16,0.1,False
2026-09-24T09:29:22Z,"Hutchinson River, Lower",26,HP,0.0,0.05,57.81,0.59,0.1,False
2026-09-24T09:29:22Z,Jamaica Bay (Brooklyn),27,26,0.0,1.46,1.43,1.97,0.1,False
2026-09-24T09:29:22Z,Jamaica Bay (Queens),42,JA,0.0,0.74,4.07,0.99,0.1,False
2026-09-24T09:29:22Z,Kill Van Kull,28,PR,0.0,0.44,9.88,1.46,0.1,False
2026-09-24T09:29:22Z,Little Neck Bay,29,TI,0.0,0.46,7.65,1.21,0.1,False
2026-09-24T09:29:22Z,Lower New York Bay,2,OB,0.0,1.3,2.06,1.45,0.1,False
2026-09-24T09:29:22Z,Mill Basin,31,CI,0.0,1.34,1.49,2.39,0.1,False
2026-09-24T09:29:22Z,Newark Bay,32,PR,0.0,0.39,11.52,1.43,0.1,False
2026-09-24T09:29:22Z,"Newtown Creek, Lower",34,NC,0.0,0.3,28.56,0.91,0.1,False
2026-09-24T09:29:22Z,"Newtown Creek, Upper",33,NC,0.0,0.23,49.45,0.78,0.1,False
2026-09-24T09:29:22Z,Paerdegat Basin,35,CI,0.0,0.38,11.25,1.38,0.1,False
2026-09-24T09:29:22Z,Powell Cove,36,TI,0.0,0.9,3.39,1.22,0.1,False
2026-09-24T09:29:22Z,Sheepshead Bay,37,CI,0.0,0.18,12.63,0.83,0.1,False
2026-09-24T09:29:22Z,Shellbank Basin,44,JA,0.0,0.34,10.55,1.15,0.1,False
2026-09-24T09:29:22Z,Spring Creek,38,26,0.0,0.64,11.14,1.08,0.1,False
2026-09-24T09:29:22Z,Thurston Basin,45,JA,0.0,0.05,32.63,0.79,0.1,False
2026-09-24T09:29:22Z,Upper New York Bay,39,OH,0.0,0.34,11.93,1.26,0.1,False
2026-09-24T09:29:22Z,Westchester Creek,40,HP,0.0,0.19,21.55,1.13,0.1,False
2026-09-24T09:29:22Z,Western Long Island Sound,41,HP,0.0,2.0,0.05,0.66,0.1,False
2026-09-24T14:22:38Z,Alley Creek,1,TI,0.0,0.05,37.04,0.62,0.1,False
2026-09-24T14:22:38Z,"Arthur Kill, Lower",3,OB,0.0,0.7,5.22,1.54,0.1,False
2026-09-24T14:22:38Z,"Arthur Kill, Upper",4,OB,0.0,0.1,23.08,0.83,0.1,False
2026-09-24T14:22:38Z,Bergen Basin,43,JA,0.0,0.05,34.41,0.7,0.1,False
2026-09-24T14:22:38Z,Bowery Bay,5,BB,0.0,0.29,11.25,1.06,0.1,False
2026-09-24T14:22:38Z,"Bronx River, Lower",6,HP,0.0,0.05,53.67,0.45,0.1,False
2026-09-24T14:22:38Z,Coney Island Creek,7,CI,0.0,0.05,69.6,0.3,0.1,False
2026-09-24T14:22:38Z,East River (near Steinway Creek),9,BB,0.0,0.54,14.96,0.9,0.1,False
2026-09-24T14:22:38Z,East River (near Throgs Neck),11,TI,0.0,1.0,3.0,1.47,0.1,False
2026-09-24T14:22:38Z,East River (RFK to Whitestone),10,TI,0.0,0.61,5.65,1.3,0.1,False
2026-09-24T14:22:38Z,"East River, Lower",8,NC,0.0,0.8,4.38,1.56,0.1,False
2026-09-24T14:22:38Z,Eastchester Bay,12,HP,0.0,1.53,1.51,1.62,0.1,False
2026-09-24T14:22:38Z,Erie Basin,13,RH,0.0,0.27,13.73,1.16,0.1,False
2026-09-24T14:22:38Z,Flushing Bay,14,BB,0.0,0.19,32.63,0.76,0.1,False
2026-09-24T14:22:38Z,Flushing Creek,15,TI,0.0,0.05,59.69,0.64,0.1,False
2026-09-24T14:22:38Z,Fresh Creek,16,26,0.0,0.05,30.38,0.67,0.1,False
2026-09-24T14:22:38Z,"Fresh Kills, Lower",17,PR,0.0,0.16,20.48,1.05,0.1,False
2026-09-24T14:22:38Z,"Fresh Kills, Upper",18,PR,0.0,0.15,39.81,0.81,0.1,False
2026-09-24T14:22:38Z,Gerritsen Creek,19,RK,0.0,0.4,7.9,1.07,0.1,False
2026-09-24T14:22:38Z,"Gowanus Canal, Inner",20,RH,0.0,0.23,15.08,1.09,0.1,False
2026-09-24T14:22:38Z,"Gowanus Canal, Outer",21,RH,0.0,0.46,28.85,0.92,0.1,False
2026-09-24T14:22:38Z,Gravesend Bay,30,OH,0.0,0.1,24.63,0.76,0.1,False
2026-09-24T14:22:38Z,Harlem River,22,WI,0.0,0.5,17.24,0.89,0.1,False
2026-09-24T14:22:38Z,Hendrix Creek,23,26,0.0,0.09,20.52,0.8,0.1,False
2026-09-24T14:22:38Z,Hudson River (Bronx),24,WI,0.0,0.62,4.38,0.79,0.1,False
2026-09-24T14:22:38Z,Hudson River (Manhattan),25,NR,0.0,0.41,8.4,1.16,0.1,False
2026-09-24T14:22:38Z,"Hutchinson River, Lower",26,HP,0.0,0.05,57.81,0.59,0.1,False
2026-09-24T14:22:38Z,Jamaica Bay (Brooklyn),27,26,0.0,1.46,1.43,1.97,0.1,False
2026-09-24T14:22:38Z,Jamaica Bay (Queens),42,JA,0.0,0.74,4.07,0.99,0.1,False
2026-09-24T14:22:38Z,Kill Van Kull,28,PR,0.0,0.44,9.88,1.46,0.1,False
2026-09-24T14:22:38Z,Little Neck Bay,29,TI,0.0,0.46,7.65,1.21,0.1,False
2026-09-24T14:22:38Z,Lower New York Bay,2,OB,0.0,1.3,2.06,1.45,0.1,False
2026-09-24T14:22:38Z,Mill Basin,31,CI,0.0,1.34,1.49,2.39,0.1,False
2026-09-24T14:22:38Z,Newark Bay,32,PR,0.0,0.39,11.52,1.43,0.1,False
2026-09-24T14:22:38Z,"Newtown Creek, Lower",34,NC,0.0,0.3,28.56,0.91,0.1,False
2026-09-24T14:22:38Z,"Newtown Creek, Upper",33,NC,0.0,0.23,49.45,0.78,0.1,False
2026-09-24T14:22:38Z,Paerdegat Basin,35,CI,0.0,0.38,11.25,1.38,0.1,False
2026-09-24T14:22:38Z,Powell Cove,36,TI,0.0,0.9,3.39,1.22,0.1,False
2026-09-24T14:22:38Z,Sheepshead Bay,37,CI,0.0,0.18,12.63,0.83,0.1,False
2026-09-24T14:22:38Z,Shellbank Basin,44,JA,0.0,0.34,10.55,1.15,0.1,False
2026-09-24T14:22:38Z,Spring Creek,38,26,0.0,0.64,11.14,1.08,0.1,False
2026-09-24T14:22:38Z,Thurston Basin,45,JA,0.0,0.05,32.63,0.79,0.1,False
2026-09-24T14:22:38Z,Upper New York Bay,39,OH,0.0,0.34,11.93,1.26,0.1,False
2026-09-24T14:22:38Z,Westchester Creek,40,HP,0.0,0.19,21.55,1.13,0.1,False
2026-09-24T14:22:38Z,Western Long Island Sound,41,HP,0.0,2.0,0.05,0.66,0.1,False
2026-09-24T18:37:24Z,Alley Creek,1,TI,0.0,0.05,37.04,0.62,0.1,False
2026-09-24T18:37:24Z,"Arthur Kill, Lower",3,OB,0.0,0.7,5.22,1.54,0.1,False
2026-09-24T18:37:24Z,"Arthur Kill, Upper",4,OB,0.0,0.1,23.08,0.83,0.1,False
2026-09-24T18:37:24Z,Bergen Basin,43,JA,0.0,0.05,34.41,0.7,0.1,False
2026-09-24T18:37:24Z,Bowery Bay,5,BB,0.0,0.29,11.25,1.06,0.1,False
2026-09-24T18:37:24Z,"Bronx River, Lower",6,HP,0.0,0.05,53.67,0.45,0.1,False
2026-09-24T18:37:24Z,Coney Island Creek,7,CI,0.0,0.05,69.6,0.3,0.1,False
2026-09-24T18:37:24Z,East River (near Steinway Creek),9,BB,0.0,0.54,14.96,0.9,0.1,False
2026-09-24T18:37:24Z,East River (near Throgs Neck),11,TI,0.0,1.0,3.0,1.47,0.1,False
2026-09-24T18:37:24Z,East River (RFK to Whitestone),10,TI,0.0,0.61,5.65,1.3,0.1,False
2026-09-24T18:37:24Z,"East River, Lower",8,NC,0.0,0.8,4.38,1.56,0.1,False
2026-09-24T18:37:24Z,Eastchester Bay,12,HP,0.0,1.53,1.51,1.62,0.1,False
2026-09-24T18:37:24Z,Erie Basin,13,RH,0.0,0.27,13.73,1.16,0.1,False
2026-09-24T18:37:24Z,Flushing Bay,14,BB,0.0,0.19,32.63,0.76,0.1,False
2026-09-24T18:37:24Z,Flushing Creek,15,TI,0.0,0.05,59.69,0.64,0.1,False
2026-09-24T18:37:24Z,Fresh Creek,16,26,0.0,0.05,30.38,0.67,0.1,False
2026-09-24T18:37:24Z,"Fresh Kills, Lower",17,PR,0.0,0.16,20.48,1.05,0.1,False
2026-09-24T18:37:24Z,"Fresh Kills, Upper",18,PR,0.0,0.15,39.81,0.81,0.1,False
2026-09-24T18:37:24Z,Gerritsen Creek,19,RK,0.0,0.4,7.9,1.07,0.1,False
2026-09-24T18:37:24Z,"Gowanus Canal, Inner",20,RH,0.0,0.23,15.08,1.09,0.1,False
2026-09-24T18:37:24Z,"Gowanus Canal, Outer",21,RH,0.0,0.46,28.85,0.92,0.1,False
2026-09-24T18:37:24Z,Gravesend Bay,30,OH,0.0,0.1,24.63,0.76,0.1,False
2026-09-24T18:37:24Z,Harlem River,22,WI,0.0,0.5,17.24,0.89,0.1,False
2026-09-24T18:37:24Z,Hendrix Creek,23,26,0.0,0.09,20.52,0.8,0.1,False
2026-09-24T18:37:24Z,Hudson River (Bronx),24,WI,0.0,0.62,4.38,0.79,0.1,False
2026-09-24T18:37:24Z,Hudson River (Manhattan),25,NR,0.0,0.41,8.4,1.16,0.1,False
2026-09-24T18:37:24Z,"Hutchinson River, Lower",26,HP,0.0,0.05,57.81,0.59,0.1,False
2026-09-24T18:37:24Z,Jamaica Bay (Brooklyn),27,26,0.0,1.46,1.43,1.97,0.1,False
2026-09-24T18:37:24Z,Jamaica Bay (Queens),42,JA,0.0,0.74,4.07,0.99,0.1,False
2026-09-24T18:37:24Z,Kill Van Kull,28,PR,0.0,0.44,9.88,1.46,0.1,False
2026-09-24T18:37:24Z,Little Neck Bay,29,TI,0.0,0.46,7.65,1.21,0.1,False
2026-09-24T18:37:24Z,Lower New York Bay,2,OB,0.0,1.3,2.06,1.45,0.1,False
2026-09-24T18:37:24Z,Mill Basin,31,CI,0.0,1.34,1.49,2.39,0.1,False
2026-09-24T18:37:24Z,Newark Bay,32,PR,0.0,0.39,11.52,1.43,0.1,False
2026-09-24T18:37:24Z,"Newtown Creek, Lower",34,NC,0.0,0.3,28.56,0.91,0.1,False
2026-09-24T18:37:24Z,"Newtown Creek, Upper",33,NC,0.0,0.23,49.45,0.78,0.1,False
2026-09-24T18:37:24Z,Paerdegat Basin,35,CI,0.0,0.38,11.25,1.38,0.1,False
2026-09-24T18:37:24Z,Powell Cove,36,TI,0.0,0.9,3.39,1.22,0.1,False
2026-09-24T18:37:24Z,Sheepshead Bay,37,CI,0.0,0.18,12.63,0.83,0.1,False
2026-09-24T18:37:24Z,Shellbank Basin,44,JA,0.0,0.34,10.55,1.15,0.1,False
2026-09-24T18:37:24Z,Spring Creek,38,26,0.0,0.64,11.14,1.08,0.1,False
2026-09-24T18:37:24Z,Thurston Basin,45,JA,0.0,0.05,32.63,0.79,0.1,False
2026-09-24T18:37:24Z,Upper New York Bay,39,OH,0.0,0.34,11.93,1.26,0.1,False
2026-09-24T18:37:24Z,Westchester Creek,40,HP,0.0,0.19,21.55,1.13,0.1,False
2026-09-24T18:37:24Z,Western Long Island Sound,41,HP,0.0,2.0,0.05,0.66,0.1,False
2026-09-24T22:14:35Z,Alley Creek,1,TI,0.0,0.05,37.04,0.62,0.1,False
2026-09-24T22:14:35Z,"Arthur Kill, Lower",3,OB,0.0,0.7,5.22,1.54,0.1,False
2026-09-24T22:14:35Z,"Arthur Kill, Upper",4,OB,0.0,0.1,23.08,0.83,0.1,False
2026-09-24T22:14:35Z,Bergen Basin,43,JA,0.0,0.05,34.41,0.7,0.1,False
2026-09-24T22:14:35Z,Bowery Bay,5,BB,0.0,0.29,11.25,1.06,0.1,False
2026-09-24T22:14:35Z,"Bronx River, Lower",6,HP,0.0,0.05,53.67,0.45,0.1,False
2026-09-24T22:14:35Z,Coney Island Creek,7,CI,0.0,0.05,69.6,0.3,0.1,False
2026-09-24T22:14:35Z,East River (near Steinway Creek),9,BB,0.0,0.54,14.96,0.9,0.1,False
2026-09-24T22:14:35Z,East River (near Throgs Neck),11,TI,0.0,1.0,3.0,1.47,0.1,False
2026-09-24T22:14:35Z,East River (RFK to Whitestone),10,TI,0.0,0.61,5.65,1.3,0.1,False
2026-09-24T22:14:35Z,"East River, Lower",8,NC,0.0,0.8,4.38,1.56,0.1,False
2026-09-24T22:14:35Z,Eastchester Bay,12,HP,0.0,1.53,1.51,1.62,0.1,False
2026-09-24T22:14:35Z,Erie Basin,13,RH,0.0,0.27,13.73,1.16,0.1,False
2026-09-24T22:14:35Z,Flushing Bay,14,BB,0.0,0.19,32.63,0.76,0.1,False
2026-09-24T22:14:35Z,Flushing Creek,15,TI,0.0,0.05,59.69,0.64,0.1,False
2026-09-24T22:14:35Z,Fresh Creek,16,26,0.0,0.05,30.38,0.67,0.1,False
2026-09-24T22:14:35Z,"Fresh Kills, Lower",17,PR,0.0,0.16,20.48,1.05,0.1,False
2026-09-24T22:14:35Z,"Fresh Kills, Upper",18,PR,0.0,0.15,39.81,0.81,0.1,False
2026-09-24T22:14:35Z,Gerritsen Creek,19,RK,0.0,0.4,7.9,1.07,0.1,False
2026-09-24T22:14:35Z,"Gowanus Canal, Inner",20,RH,0.0,0.23,15.08,1.09,0.1,False
2026-09-24T22:14:35Z,"Gowanus Canal, Outer",21,RH,0.0,0.46,28.85,0.92,0.1,False
2026-09-24T22:14:35Z,Gravesend Bay,30,OH,0.0,0.1,24.63,0.76,0.1,False
2026-09-24T22:14:35Z,Harlem River,22,WI,0.0,0.5,17.24,0.89,0.1,False
2026-09-24T22:14:35Z,Hendrix Creek,23,26,0.0,0.09,20.52,0.8,0.1,False
2026-09-24T22:14:35Z,Hudson River (Bronx),24,WI,0.0,0.62,4.38,0.79,0.1,False
2026-09-24T22:14:35Z,Hudson River (Manhattan),25,NR,0.0,0.41,8.4,1.16,0.1,False
2026-09-24T22:14:35Z,"Hutchinson River, Lower",26,HP,0.0,0.05,57.81,0.59,0.1,False
2026-09-24T22:14:35Z,Jamaica Bay (Brooklyn),27,26,0.0,1.46,1.43,1.97,0.1,False
2026-09-24T22:14:35Z,Jamaica Bay (Queens),42,JA,0.0,0.74,4.07,0.99,0.1,False
2026-09-24T22:14:35Z,Kill Van Kull,28,PR,0.0,0.44,9.88,1.46,0.1,False
2026-09-24T22:14:35Z,Little Neck Bay,29,TI,0.0,0.46,7.65,1.21,0.1,False
2026-09-24T22:14:35Z,Lower New York Bay,2,OB,0.0,1.3,2.06,1.45,0.1,False
2026-09-24T22:14:35Z,Mill Basin,31,CI,0.0,1.34,1.49,2.39,0.1,False
2026-09-24T22:14:35Z,Newark Bay,32,PR,0.0,0.39,11.52,1.43,0.1,False
2026-09-24T22:14:35Z,"Newtown Creek, Lower",34,NC,0.0,0.3,28.56,0.91,0.1,False
2026-09-24T22:14:35Z,"Newtown Creek, Upper",33,NC,0.0,0.23,49.45,0.78,0.1,False
2026-09-24T22:14:35Z,Paerdegat Basin,35,CI,0.0,0.38,11.25,1.38,0.1,False
2026-09-24T22:14:35Z,Powell Cove,36,TI,0.0,0.9,3.39,1.22,0.1,False
2026-09-24T22:14:35Z,Sheepshead Bay,37,CI,0.0,0.18,12.63,0.83,0.1,False
2026-09-24T22:14:35Z,Shellbank Basin,44,JA,0.0,0.34,10.55,1.15,0.1,False
2026-09-24T22:14:35Z,Spring Creek,38,26,0.0,0.64,11.14,1.08,0.1,False
2026-09-24T22:14:35Z,Thurston Basin,45,JA,0.0,0.05,32.63,0.79,0.1,False
2026-09-24T22:14:35Z,Upper New York Bay,39,OH,0.0,0.34,11.93,1.26,0.1,False
2026-09-24T22:14:35Z,Westchester Creek,40,HP,0.0,0.19,21.55,1.13,0.1,False
2026-09-24T22:14:35Z,Western Long Island Sound,41,HP,0.0,2.0,0.05,0.66,0.1,False
2026-09-25T00:44:43Z,Alley Creek,1,TI,0.0,0.05,37.04,0.62,0.1,False
2026-09-25T00:44:43Z,"Arthur Kill, Lower",3,OB,0.0,0.7,5.22,1.54,0.1,False
2026-09-25T00:44:43Z,"Arthur Kill, Upper",4,OB,0.0,0.1,23.08,0.83,0.1,False
2026-09-25T00:44:43Z,Bergen Basin,43,JA,0.0,0.05,34.41,0.7,0.1,False
2026-09-25T00:44:43Z,Bowery Bay,5,BB,0.0,0.29,11.25,1.06,0.1,False
2026-09-25T00:44:43Z,"Bronx River, Lower",6,HP,0.0,0.05,53.67,0.45,0.1,False
2026-09-25T00:44:43Z,Coney Island Creek,7,CI,0.0,0.05,69.6,0.3,0.1,False
2026-09-25T00:44:43Z,East River (near Steinway Creek),9,BB,0.0,0.54,14.96,0.9,0.1,False
2026-09-25T00:44:43Z,East River (near Throgs Neck),11,TI,0.0,1.0,3.0,1.47,0.1,False
2026-09-25T00:44:43Z,East River (RFK to Whitestone),10,TI,0.0,0.61,5.65,1.3,0.1,False
2026-09-25T00:44:43Z,"East River, Lower",8,NC,0.0,0.8,4.38,1.56,0.1,False
2026-09-25T00:44:43Z,Eastchester Bay,12,HP,0.0,1.53,1.51,1.62,0.1,False
2026-09-25T00:44:43Z,Erie Basin,13,RH,0.0,0.27,13.73,1.16,0.1,False
2026-09-25T00:44:43Z,Flushing Bay,14,BB,0.0,0.19,32.63,0.76,0.1,False
2026-09-25T00:44:43Z,Flushing Creek,15,TI,0.0,0.05,59.69,0.64,0.1,False
2026-09-25T00:44:43Z,Fresh Creek,16,26,0.0,0.05,30.38,0.67,0.1,False
2026-09-25T00:44:43Z,"Fresh Kills, Lower",17,PR,0.0,0.16,20.48,1.05,0.1,False
2026-09-25T00:44:43Z,"Fresh Kills, Upper",18,PR,0.0,0.15,39.81,0.81,0.1,False
2026-09-25T00:44:43Z,Gerritsen Creek,19,RK,0.0,0.4,7.9,1.07,0.1,False
2026-09-25T00:44:43Z,"Gowanus Canal, Inner",20,RH,0.0,0.23,15.08,1.09,0.1,False
2026-09-25T00:44:43Z,"Gowanus Canal, Outer",21,RH,0.0,0.46,28.85,0.92,0.1,False
2026-09-25T00:44:43Z,Gravesend Bay,30,OH,0.0,0.1,24.63,0.76,0.1,False
2026-09-25T00:44:43Z,Harlem River,22,WI,0.0,0.5,17.24,0.89,0.1,False
2026-09-25T00:44:43Z,Hendrix Creek,23,26,0.0,0.09,20.52,0.8,0.1,False
2026-09-25T00:44:43Z,Hudson River (Bronx),24,WI,0.0,0.62,4.38,0.79,0.1,False
2026-09-25T00:44:43Z,Hudson River (Manhattan),25,NR,0.0,0.41,8.4,1.16,0.1,False
2026-09-25T00:44:43Z,"Hutchinson River, Lower",26,HP,0.0,0.05,57.81,0.59,0.1,False
2026-09-25T00:44:43Z,Jamaica Bay (Brooklyn),27,26,0.0,1.46,1.43,1.97,0.1,False
2026-09-25T00:44:43Z,Jamaica Bay (Queens),42,JA,0.0,0.74,4.07,0.99,0.1,False
2026-09-25T00:44:43Z,Kill Van Kull,28,PR,0.0,0.44,9.88,1.46,0.1,False
2026-09-25T00:44:43Z,Little Neck Bay,29,TI,0.0,0.46,7.65,1.21,0.1,False
2026-09-25T00:44:43Z,Lower New York Bay,2,OB,0.0,1.3,2.06,1.45,0.1,False
2026-09-25T00:44:43Z,Mill Basin,31,CI,0.0,1.34,1.49,2.39,0.1,False
2026-09-25T00:44:43Z,Newark Bay,32,PR,0.0,0.39,11.52,1.43,0.1,False
2026-09-25T00:44:43Z,"Newtown Creek, Lower",34,NC,0.0,0.3,28.56,0.91,0.1,False
2026-09-25T00:44:43Z,"Newtown Creek, Upper",33,NC,0.0,0.23,49.45,0.78,0.1,False
2026-09-25T00:44:43Z,Paerdegat Basin,35,CI,0.0,0.38,11.25,1.38,0.1,False
2026-09-25T00:44:43Z,Powell Cove,36,TI,0.0,0.9,3.39,1.22,0.1,False
2026-09-25T00:44:43Z,Sheepshead Bay,37,CI,0.0,0.18,12.63,0.83,0.1,False
2026-09-25T00:44:43Z,Shellbank Basin,44,JA,0.0,0.34,10.55,1.15,0.1,False
2026-09-25T00:44:43Z,Spring Creek,38,26,0.0,0.64,11.14,1.08,0.1,False
2026-09-25T00:44:43Z,Thurston Basin,45,JA,0.0,0.05,32.63,0.79,0.1,False
2026-09-25T00:44:43Z,Upper New York Bay,39,OH,0.0,0.34,11.93,1.26,0.1,False
2026-09-25T00:44:43Z,Westchester Creek,40,HP,0.0,0.19,21.55,1.13,0.1,False
2026-09-25T00:44:43Z,Western Long Island Sound,41,HP,0.0,2.0,0.05,0.66,0.1,False
2026-09-25T06:05:00Z,Alley Creek,1,TI,0.0,0.05,37.04,0.62,0.1,False
2026-09-25T06:05:00Z,"Arthur Kill, Lower",3,OB,0.0,0.7,5.22,1.54,0.1,False
2026-09-25T06:05:00Z,"Arthur Kill, Upper",4,OB,0.0,0.1,23.08,0.83,0.1,False
2026-09-25T06:05:00Z,Bergen Basin,43,JA,0.0,0.05,34.41,0.7,0.1,False
2026-09-25T06:05:00Z,Bowery Bay,5,BB,0.0,0.29,11.25,1.06,0.1,False
2026-09-25T06:05:00Z,"Bronx River, Lower",6,HP,0.0,0.05,53.67,0.45,0.1,False
2026-09-25T06:05:00Z,Coney Island Creek,7,CI,0.0,0.05,69.6,0.3,0.1,False
2026-09-25T06:05:00Z,East River (near Steinway Creek),9,BB,0.0,0.54,14.96,0.9,0.1,False
2026-09-25T06:05:00Z,East River (near Throgs Neck),11,TI,0.0,1.0,3.0,1.47,0.1,False
2026-09-25T06:05:00Z,East River (RFK to Whitestone),10,TI,0.0,0.61,5.65,1.3,0.1,False
2026-09-25T06:05:00Z,"East River, Lower",8,NC,0.0,0.8,4.38,1.56,0.1,False
2026-09-25T06:05:00Z,Eastchester Bay,12,HP,0.0,1.53,1.51,1.62,0.1,False
2026-09-25T06:05:00Z,Erie Basin,13,RH,0.0,0.27,13.73,1.16,0.1,False
2026-09-25T06:05:00Z,Flushing Bay,14,BB,0.0,0.19,32.63,0.76,0.1,False
2026-09-25T06:05:00Z,Flushing Creek,15,TI,0.0,0.05,59.69,0.64,0.1,False
2026-09-25T06:05:00Z,Fresh Creek,16,26,0.0,0.05,30.38,0.67,0.1,False
2026-09-25T06:05:00Z,"Fresh Kills, Lower",17,PR,0.0,0.16,20.48,1.05,0.1,False
2026-09-25T06:05:00Z,"Fresh Kills, Upper",18,PR,0.0,0.15,39.81,0.81,0.1,False
2026-09-25T06:05:00Z,Gerritsen Creek,19,RK,0.0,0.4,7.9,1.07,0.1,False
2026-09-25T06:05:00Z,"Gowanus Canal, Inner",20,RH,0.0,0.23,15.08,1.09,0.1,False
2026-09-25T06:05:00Z,"Gowanus Canal, Outer",21,RH,0.0,0.46,28.85,0.92,0.1,False
2026-09-25T06:05:00Z,Gravesend Bay,30,OH,0.0,0.1,24.63,0.76,0.1,False
2026-09-25T06:05:00Z,Harlem River,22,WI,0.0,0.5,17.24,0.89,0.1,False
2026-09-25T06:05:00Z,Hendrix Creek,23,26,0.0,0.09,20.52,0.8,0.1,False
2026-09-25T06:05:00Z,Hudson River (Bronx),24,WI,0.0,0.62,4.38,0.79,0.1,False
2026-09-25T06:05:00Z,Hudson River (Manhattan),25,NR,0.0,0.41,8.4,1.16,0.1,False
2026-09-25T06:05:00Z,"Hutchinson River, Lower",26,HP,0.0,0.05,57.81,0.59,0.1,False
2026-09-25T06:05:00Z,Jamaica Bay (Brooklyn),27,26,0.0,1.46,1.43,1.97,0.1,False
2026-09-25T06:05:00Z,Jamaica Bay (Queens),42,JA,0.0,0.74,4.07,0.99,0.1,False
2026-09-25T06:05:00Z,Kill Van Kull,28,PR,0.0,0.44,9.88,1.46,0.1,False
2026-09-25T06:05:00Z,Little Neck Bay,29,TI,0.0,0.46,7.65,1.21,0.1,False
2026-09-25T06:05:00Z,Lower New York Bay,2,OB,0.0,1.3,2.06,1.45,0.1,False
2026-09-25T06:05:00Z,Mill Basin,31,CI,0.0,1.34,1.49,2.39,0.1,False
2026-09-25T06:05:00Z,Newark Bay,32,PR,0.0,0.39,11.52,1.43,0.1,False
2026-09-25T06:05:00Z,"Newtown Creek, Lower",34,NC,0.0,0.3,28.56,0.91,0.1,False
2026-09-25T06:05:00Z,"Newtown Creek, Upper",33,NC,0.0,0.23,49.45,0.78,0.1,False
2026-09-25T06:05:00Z,Paerdegat Basin,35,CI,0.0,0.38,11.25,1.38,0.1,False
2026-09-25T06:05:00Z,Powell Cove,36,TI,0.0,0.9,3.39,1.22,0.1,False
2026-09-25T06:05:00Z,Sheepshead Bay,37,CI,0.0,0.18,12.63,0.83,0.1,False
2026-09-25T06:05:00Z,Shellbank Basin,44,JA,0.0,0.34,10.55,1.15,0.1,False
2026-09-25T06:05:00Z,Spring Creek,38,26,0.0,0.64,11.14,1.08,0.1,False
2026-09-25T06:05:00Z,Thurston Basin,45,JA,0.0,0.05,32.63,0.79,0.1,False
2026-09-25T06:05:00Z,Upper New York Bay,39,OH,0.0,0.34,11.93,1.26,0.1,False
2026-09-25T06:05:00Z,Westchester Creek,40,HP,0.0,0.19,21.55,1.13,0.1,False
2026-09-25T06:05:00Z,Western Long Island Sound,41,HP,0.0,2.0,0.05,0.66,0.1,False
2026-09-25T11:43:48Z,Alley Creek,1,TI,0.0,0.05,37.04,0.62,0.1,False
2026-09-25T11:43:48Z,"Arthur Kill, Lower",3,OB,0.0,0.7,5.22,1.54,0.1,False
2026-09-25T11:43:48Z,"Arthur Kill, Upper",4,OB,0.0,0.1,23.08,0.83,0.1,False
2026-09-25T11:43:48Z,Bergen Basin,43,JA,0.0,0.05,34.41,0.7,0.1,False
2026-09-25T11:43:48Z,Bowery Bay,5,BB,0.0,0.29,11.25,1.06,0.1,False
2026-09-25T11:43:48Z,"Bronx River, Lower",6,HP,0.0,0.05,53.67,0.45,0.1,False
2026-09-25T11:43:48Z,Coney Island Creek,7,CI,0.0,0.05,69.6,0.3,0.1,False
2026-09-25T11:43:48Z,East River (near Steinway Creek),9,BB,0.0,0.54,14.96,0.9,0.1,False
2026-09-25T11:43:48Z,East River (near Throgs Neck),11,TI,0.0,1.0,3.0,1.47,0.1,False
2026-09-25T11:43:48Z,East River (RFK to Whitestone),10,TI,0.0,0.61,5.65,1.3,0.1,False
2026-09-25T11:43:48Z,"East River, Lower",8,NC,0.0,0.8,4.38,1.56,0.1,False
2026-09-25T11:43:48Z,Eastchester Bay,12,HP,0.0,1.53,1.51,1.62,0.1,False
2026-09-25T11:43:48Z,Erie Basin,13,RH,0.0,0.27,13.73,1.16,0.1,False
2026-09-25T11:43:48Z,Flushing Bay,14,BB,0.0,0.19,32.63,0.76,0.1,False
2026-09-25T11:43:48Z,Flushing Creek,15,TI,0.0,0.05,59.69,0.64,0.1,False
2026-09-25T11:43:48Z,Fresh Creek,16,26,0.0,0.05,30.38,0.67,0.1,False
2026-09-25T11:43:48Z,"Fresh Kills, Lower",17,PR,0.0,0.16,20.48,1.05,0.1,False
2026-09-25T11:43:48Z,"Fresh Kills, Upper",18,PR,0.0,0.15,39.81,0.81,0.1,False
2026-09-25T11:43:48Z,Gerritsen Creek,19,RK,0.0,0.4,7.9,1.07,0.1,False
2026-09-25T11:43:48Z,"Gowanus Canal, Inner",20,RH,0.0,0.23,15.08,1.09,0.1,False
2026-09-25T11:43:48Z,"Gowanus Canal, Outer",21,RH,0.0,0.46,28.85,0.92,0.1,False
2026-09-25T11:43:48Z,Gravesend Bay,30,OH,0.0,0.1,24.63,0.76,0.1,False
2026-09-25T11:43:48Z,Harlem River,22,WI,0.0,0.5,17.24,0.89,0.1,False
2026-09-25T11:43:48Z,Hendrix Creek,23,26,0.0,0.09,20.52,0.8,0.1,False
2026-09-25T11:43:48Z,Hudson River (Bronx),24,WI,0.0,0.62,4.38,0.79,0.1,False
2026-09-25T11:43:48Z,Hudson River (Manhattan),25,NR,0.0,0.41,8.4,1.16,0.1,False
2026-09-25T11:43:48Z,"Hutchinson River, Lower",26,HP,0.0,0.05,57.81,0.59,0.1,False
2026-09-25T11:43:48Z,Jamaica Bay (Brooklyn),27,26,0.0,1.46,1.43,1.97,0.1,False
2026-09-25T11:43:48Z,Jamaica Bay (Queens),42,JA,0.0,0.74,4.07,0.99,0.1,False
2026-09-25T11:43:48Z,Kill Van Kull,28,PR,0.0,0.44,9.88,1.46,0.1,False
2026-09-25T11:43:48Z,Little Neck Bay,29,TI,0.0,0.46,7.65,1.21,0.1,False
2026-09-25T11:43:48Z,Lower New York Bay,2,OB,0.0,1.3,2.06,1.45,0.1,False
2026-09-25T11:43:48Z,Mill Basin,31,CI,0.0,1.34,1.49,2.39,0.1,False
2026-09-25T11:43:48Z,Newark Bay,32,PR,0.0,0.39,11.52,1.43,0.1,False
2026-09-25T11:43:48Z,"Newtown Creek, Lower",34,NC,0.0,0.3,28.56,0.91,0.1,False
2026-09-25T11:43:48Z,"Newtown Creek, Upper",33,NC,0.0,0.23,49.45,0.78,0.1,False
2026-09-25T11:43:48Z,Paerdegat Basin,35,CI,0.0,0.38,11.25,1.38,0.1,False
2026-09-25T11:43:48Z,Powell Cove,36,TI,0.0,0.9,3.39,1.22,0.1,False
2026-09-25T11:43:48Z,Sheepshead Bay,37,CI,0.0,0.18,12.63,0.83,0.1,False
2026-09-25T11:43:48Z,Shellbank Basin,44,JA,0.0,0.34,10.55,1.15,0.1,False
2026-09-25T11:43:48Z,Spring Creek,38,26,0.0,0.64,11.14,1.08,0.1,False
2026-09-25T11:43:48Z,Thurston Basin,45,JA,0.0,0.05,32.63,0.79,0.1,False
2026-09-25T11:43:48Z,Upper New York Bay,39,OH,0.0,0.34,11.93,1.26,0.1,False
2026-09-25T11:43:48Z,Westchester Creek,40,HP,0.0,0.19,21.55,1.13,0.1,False
2026-09-25T11:43:48Z,Western Long Island Sound,41,HP,0.0,2.0,0.05,0.66,0.1,False
2026-09-25T17:03:22Z,Alley Creek,1,TI,0.0,0.05,37.04,0.62,0.1,False
2026-09-25T17:03:22Z,"Arthur Kill, Lower",3,OB,0.0,0.7,5.22,1.54,0.1,False
2026-09-25T17:03:22Z,"Arthur Kill, Upper",4,OB,0.0,0.1,23.08,0.83,0.1,False
2026-09-25T17:03:22Z,Bergen Basin,43,JA,0.0,0.05,34.41,0.7,0.1,False
2026-09-25T17:03:22Z,Bowery Bay,5,BB,0.0,0.29,11.25,1.06,0.1,False
2026-09-25T17:03:22Z,"Bronx River, Lower",6,HP,0.0,0.05,53.67,0.45,0.1,False
2026-09-25T17:03:22Z,Coney Island Creek,7,CI,0.0,0.05,69.6,0.3,0.1,False
2026-09-25T17:03:22Z,East River (near Steinway Creek),9,BB,0.0,0.54,14.96,0.9,0.1,False
2026-09-25T17:03:22Z,East River (near Throgs Neck),11,TI,0.0,1.0,3.0,1.47,0.1,False
2026-09-25T17:03:22Z,East River (RFK to Whitestone),10,TI,0.0,0.61,5.65,1.3,0.1,False
2026-09-25T17:03:22Z,"East River, Lower",8,NC,0.0,0.8,4.38,1.56,0.1,False
2026-09-25T17:03:22Z,Eastchester Bay,12,HP,0.0,1.53,1.51,1.62,0.1,False
2026-09-25T17:03:22Z,Erie Basin,13,RH,0.0,0.27,13.73,1.16,0.1,False
2026-09-25T17:03:22Z,Flushing Bay,14,BB,0.0,0.19,32.63,0.76,0.1,False
2026-09-25T17:03:22Z,Flushing Creek,15,TI,0.0,0.05,59.69,0.64,0.1,False
2026-09-25T17:03:22Z,Fresh Creek,16,26,0.0,0.05,30.38,0.67,0.1,False
2026-09-25T17:03:22Z,"Fresh Kills, Lower",17,PR,0.0,0.16,20.48,1.05,0.1,False
2026-09-25T17:03:22Z,"Fresh Kills, Upper",18,PR,0.0,0.15,39.81,0.81,0.1,False
2026-09-25T17:03:22Z,Gerritsen Creek,19,RK,0.0,0.4,7.9,1.07,0.1,False
2026-09-25T17:03:22Z,"Gowanus Canal, Inner",20,RH,0.0,0.23,15.08,1.09,0.1,False
2026-09-25T17:03:22Z,"Gowanus Canal, Outer",21,RH,0.0,0.46,28.85,0.92,0.1,False
2026-09-25T17:03:22Z,Gravesend Bay,30,OH,0.0,0.1,24.63,0.76,0.1,False
2026-09-25T17:03:22Z,Harlem River,22,WI,0.0,0.5,17.24,0.89,0.1,False
2026-09-25T17:03:22Z,Hendrix Creek,23,26,0.0,0.09,20.52,0.8,0.1,False
2026-09-25T17:03:22Z,Hudson River (Bronx),24,WI,0.0,0.62,4.38,0.79,0.1,False
2026-09-25T17:03:22Z,Hudson River (Manhattan),25,NR,0.0,0.41,8.4,1.16,0.1,False
2026-09-25T17:03:22Z,"Hutchinson River, Lower",26,HP,0.0,0.05,57.81,0.59,0.1,False
2026-09-25T17:03:22Z,Jamaica Bay (Brooklyn),27,26,0.0,1.46,1.43,1.97,0.1,False
2026-09-25T17:03:22Z,Jamaica Bay (Queens),42,JA,0.0,0.74,4.07,0.99,0.1,False
2026-09-25T17:03:22Z,Kill Van Kull,28,PR,0.0,0.44,9.88,1.46,0.1,False
2026-09-25T17:03:22Z,Little Neck Bay,29,TI,0.0,0.46,7.65,1.21,0.1,False
2026-09-25T17:03:22Z,Lower New York Bay,2,OB,0.0,1.3,2.06,1.45,0.1,False
2026-09-25T17:03:22Z,Mill Basin,31,CI,0.0,1.34,1.49,2.39,0.1,False
2026-09-25T17:03:22Z,Newark Bay,32,PR,0.0,0.39,11.52,1.43,0.1,False
2026-09-25T17:03:22Z,"Newtown Creek, Lower",34,NC,0.0,0.3,28.56,0.91,0.1,False
2026-09-25T17:03:22Z,"Newtown Creek, Upper",33,NC,0.0,0.23,49.45,0.78,0.1,False
2026-09-25T17:03:22Z,Paerdegat Basin,35,CI,0.0,0.38,11.25,1.38,0.1,False
2026-09-25T17:03:22Z,Powell Cove,36,TI,0.0,0.9,3.39,1.22,0.1,False
2026-09-25T17:03:22Z,Sheepshead Bay,37,CI,0.0,0.18,12.63,0.83,0.1,False
2026-09-25T17:03:22Z,Shellbank Basin,44,JA,0.0,0.34,10.55,1.15,0.1,False
2026-09-25T17:03:22Z,Spring Creek,38,26,0.0,0.64,11.14,1.08,0.1,False
2026-09-25T17:03:22Z,Thurston Basin,45,JA,0.0,0.05,32.63,0.79,0.1,False
2026-09-25T17:03:22Z,Upper New York Bay,39,OH,0.0,0.34,11.93,1.26,0.1,False
2026-09-25T17:03:22Z,Westchester Creek,40,HP,0.0,0.19,21.55,1.13,0.1,False
2026-09-25T17:03:22Z,Western Long Island Sound,41,HP,0.0,2.0,0.05,0.66,0.1,False
2026-09-25T20:23:54Z,Alley Creek,1,TI,0.0,0.05,37.04,0.62,0.1,False
2026-09-25T20:23:54Z,"Arthur Kill, Lower",3,OB,0.0,0.7,5.22,1.54,0.1,False
2026-09-25T20:23:54Z,"Arthur Kill, Upper",4,OB,0.0,0.1,23.08,0.83,0.1,False
2026-09-25T20:23:54Z,Bergen Basin,43,JA,0.0,0.05,34.41,0.7,0.1,False
2026-09-25T20:23:54Z,Bowery Bay,5,BB,0.0,0.29,11.25,1.06,0.1,False
2026-09-25T20:23:54Z,"Bronx River, Lower",6,HP,0.0,0.05,53.67,0.45,0.1,False
2026-09-25T20:23:54Z,Coney Island Creek,7,CI,0.0,0.05,69.6,0.3,0.1,False
2026-09-25T20:23:54Z,East River (near Steinway Creek),9,BB,0.0,0.54,14.96,0.9,0.1,False
2026-09-25T20:23:54Z,East River (near Throgs Neck),11,TI,0.0,1.0,3.0,1.47,0.1,False
2026-09-25T20:23:54Z,East River (RFK to Whitestone),10,TI,0.0,0.61,5.65,1.3,0.1,False
2026-09-25T20:23:54Z,"East River, Lower",8,NC,0.0,0.8,4.38,1.56,0.1,False
2026-09-25T20:23:54Z,Eastchester Bay,12,HP,0.0,1.53,1.51,1.62,0.1,False
2026-09-25T20:23:54Z,Erie Basin,13,RH,0.0,0.27,13.73,1.16,0.1,False
2026-09-25T20:23:54Z,Flushing Bay,14,BB,0.0,0.19,32.63,0.76,0.1,False
2026-09-25T20:23:54Z,Flushing Creek,15,TI,0.0,0.05,59.69,0.64,0.1,False
2026-09-25T20:23:54Z,Fresh Creek,16,26,0.0,0.05,30.38,0.67,0.1,False
2026-09-25T20:23:54Z,"Fresh Kills, Lower",17,PR,0.0,0.16,20.48,1.05,0.1,False
2026-09-25T20:23:54Z,"Fresh Kills, Upper",18,PR,0.0,0.15,39.81,0.81,0.1,False
2026-09-25T20:23:54Z,Gerritsen Creek,19,RK,0.0,0.4,7.9,1.07,0.1,False
2026-09-25T20:23:54Z,"Gowanus Canal, Inner",20,RH,0.0,0.23,15.08,1.09,0.1,False
2026-09-25T20:23:54Z,"Gowanus Canal, Outer",21,RH,0.0,0.46,28.85,0.92,0.1,False
2026-09-25T20:23:54Z,Gravesend Bay,30,OH,0.0,0.1,24.63,0.76,0.1,False
2026-09-25T20:23:54Z,Harlem River,22,WI,0.0,0.5,17.24,0.89,0.1,False
2026-09-25T20:23:54Z,Hendrix Creek,23,26,0.0,0.09,20.52,0.8,0.1,False
2026-09-25T20:23:54Z,Hudson River (Bronx),24,WI,0.0,0.62,4.38,0.79,0.1,False
2026-09-25T20:23:54Z,Hudson River (Manhattan),25,NR,0.0,0.41,8.4,1.16,0.1,False
2026-09-25T20:23:54Z,"Hutchinson River, Lower",26,HP,0.0,0.05,57.81,0.59,0.1,False
2026-09-25T20:23:54Z,Jamaica Bay (Brooklyn),27,26,0.0,1.46,1.43,1.97,0.1,False
2026-09-25T20:23:54Z,Jamaica Bay (Queens),42,JA,0.0,0.74,4.07,0.99,0.1,False
2026-09-25T20:23:54Z,Kill Van Kull,28,PR,0.0,0.44,9.88,1.46,0.1,False
2026-09-25T20:23:54Z,Little Neck Bay,29,TI,0.0,0.46,7.65,1.21,0.1,False
2026-09-25T20:23:54Z,Lower New York Bay,2,OB,0.0,1.3,2.06,1.45,0.1,False
2026-09-25T20:23:54Z,Mill Basin,31,CI,0.0,1.34,1.49,2.39,0.1,False
2026-09-25T20:23:54Z,Newark Bay,32,PR,0.0,0.39,11.52,1.43,0.1,False
2026-09-25T20:23:54Z,"Newtown Creek, Lower",34,NC,0.0,0.3,28.56,0.91,0.1,False
2026-09-25T20:23:54Z,"Newtown Creek, Upper",33,NC,0.0,0.23,49.45,0.78,0.1,False
2026-09-25T20:23:54Z,Paerdegat Basin,35,CI,0.0,0.38,11.25,1.38,0.1,False
2026-09-25T20:23:54Z,Powell Cove,36,TI,0.0,0.9,3.39,1.22,0.1,False
2026-09-25T20:23:54Z,Sheepshead Bay,37,CI,0.0,0.18,12.63,0.83,0.1,False
2026-09-25T20:23:54Z,Shellbank Basin,44,JA,0.0,0.34,10.55,1.15,0.1,False
2026-09-25T20:23:54Z,Spring Creek,38,26,0.0,0.64,11.14,1.08,0.1,False
2026-09-25T20:23:54Z,Thurston Basin,45,JA,0.0,0.05,32.63,0.79,0.1,False
2026-09-25T20:23:54Z,Upper New York Bay,39,OH,0.0,0.34,11.93,1.26,0.1,False
2026-09-25T20:23:54Z,Westchester Creek,40,HP,0.0,0.19,21.55,1.13,0.1,False
2026-09-25T20:23:54Z,Western Long Island Sound,41,HP,0.0,2.0,0.05,0.66,0.1,False
2026-09-25T23:28:54Z,Alley Creek,1,TI,0.0,0.05,37.04,0.62,0.1,False
2026-09-25T23:28:54Z,"Arthur Kill, Lower",3,OB,0.0,0.7,5.22,1.54,0.1,False
2026-09-25T23:28:54Z,"Arthur Kill, Upper",4,OB,0.0,0.1,23.08,0.83,0.1,False
2026-09-25T23:28:54Z,Bergen Basin,43,JA,0.0,0.05,34.41,0.7,0.1,False
2026-09-25T23:28:54Z,Bowery Bay,5,BB,0.0,0.29,11.25,1.06,0.1,False
2026-09-25T23:28:54Z,"Bronx River, Lower",6,HP,0.0,0.05,53.67,0.45,0.1,False
2026-09-25T23:28:54Z,Coney Island Creek,7,CI,0.0,0.05,69.6,0.3,0.1,False
2026-09-25T23:28:54Z,East River (near Steinway Creek),9,BB,0.0,0.54,14.96,0.9,0.1,False
2026-09-25T23:28:54Z,East River (near Throgs Neck),11,TI,0.0,1.0,3.0,1.47,0.1,False
2026-09-25T23:28:54Z,East River (RFK to Whitestone),10,TI,0.0,0.61,5.65,1.3,0.1,False
2026-09-25T23:28:54Z,"East River, Lower",8,NC,0.0,0.8,4.38,1.56,0.1,False
2026-09-25T23:28:54Z,Eastchester Bay,12,HP,0.0,1.53,1.51,1.62,0.1,False
2026-09-25T23:28:54Z,Erie Basin,13,RH,0.0,0.27,13.73,1.16,0.1,False
2026-09-25T23:28:54Z,Flushing Bay,14,BB,0.0,0.19,32.63,0.76,0.1,False
2026-09-25T23:28:54Z,Flushing Creek,15,TI,0.0,0.05,59.69,0.64,0.1,False
2026-09-25T23:28:54Z,Fresh Creek,16,26,0.0,0.05,30.38,0.67,0.1,False
2026-09-25T23:28:54Z,"Fresh Kills, Lower",17,PR,0.0,0.16,20.48,1.05,0.1,False
2026-09-25T23:28:54Z,"Fresh Kills, Upper",18,PR,0.0,0.15,39.81,0.81,0.1,False
2026-09-25T23:28:54Z,Gerritsen Creek,19,RK,0.0,0.4,7.9,1.07,0.1,False
2026-09-25T23:28:54Z,"Gowanus Canal, Inner",20,RH,0.0,0.23,15.08,1.09,0.1,False
2026-09-25T23:28:54Z,"Gowanus Canal, Outer",21,RH,0.0,0.46,28.85,0.92,0.1,False
2026-09-25T23:28:54Z,Gravesend Bay,30,OH,0.0,0.1,24.63,0.76,0.1,False
2026-09-25T23:28:54Z,Harlem River,22,WI,0.0,0.5,17.24,0.89,0.1,False
2026-09-25T23:28:54Z,Hendrix Creek,23,26,0.0,0.09,20.52,0.8,0.1,False
2026-09-25T23:28:54Z,Hudson River (Bronx),24,WI,0.0,0.62,4.38,0.79,0.1,False
2026-09-25T23:28:54Z,Hudson River (Manhattan),25,NR,0.0,0.41,8.4,1.16,0.1,False
2026-09-25T23:28:54Z,"Hutchinson River, Lower",26,HP,0.0,0.05,57.81,0.59,0.1,False
2026-09-25T23:28:54Z,Jamaica Bay (Brooklyn),27,26,0.0,1.46,1.43,1.97,0.1,False
2026-09-25T23:28:54Z,Jamaica Bay (Queens),42,JA,0.0,0.74,4.07,0.99,0.1,False
2026-09-25T23:28:54Z,Kill Van Kull,28,PR,0.0,0.44,9.88,1.46,0.1,False
2026-09-25T23:28:54Z,Little Neck Bay,29,TI,0.0,0.46,7.65,1.21,0.1,False
2026-09-25T23:28:54Z,Lower New York Bay,2,OB,0.0,1.3,2.06,1.45,0.1,False
2026-09-25T23:28:54Z,Mill Basin,31,CI,0.0,1.34,1.49,2.39,0.1,False
2026-09-25T23:28:54Z,Newark Bay,32,PR,0.0,0.39,11.52,1.43,0.1,False
2026-09-25T23:28:54Z,"Newtown Creek, Lower",34,NC,0.0,0.3,28.56,0.91,0.1,False
2026-09-25T23:28:54Z,"Newtown Creek, Upper",33,NC,0.0,0.23,49.45,0.78,0.1,False
2026-09-25T23:28:54Z,Paerdegat Basin,35,CI,0.0,0.38,11.25,1.38,0.1,False
2026-09-25T23:28:54Z,Powell Cove,36,TI,0.0,0.9,3.39,1.22,0.1,False
2026-09-25T23:28:54Z,Sheepshead Bay,37,CI,0.0,0.18,12.63,0.83,0.1,False
2026-09-25T23:28:54Z,Shellbank Basin,44,JA,0.0,0.34,10.55,1.15,0.1,False
2026-09-25T23:28:54Z,Spring Creek,38,26,0.0,0.64,11.14,1.08,0.1,False
2026-09-25T23:28:54Z,Thurston Basin,45,JA,0.0,0.05,32.63,0.79,0.1,False
2026-09-25T23:28:54Z,Upper New York Bay,39,OH,0.0,0.34,11.93,1.26,0.1,False
2026-09-25T23:28:54Z,Westchester Creek,40,HP,0.0,0.19,21.55,1.13,0.1,False
2026-09-25T23:28:54Z,Western Long Island Sound,41,HP,0.0,2.0,0.05,0.66,0.1,False
2026-09-26T01:53:56Z,Alley Creek,1,TI,0.0,0.05,37.04,0.62,0.1,False
2026-09-26T01:53:56Z,"Arthur Kill, Lower",3,OB,0.0,0.7,5.22,1.54,0.1,False
2026-09-26T01:53:56Z,"Arthur Kill, Upper",4,OB,0.0,0.1,23.08,0.83,0.1,False
2026-09-26T01:53:56Z,Bergen Basin,43,JA,0.0,0.05,34.41,0.7,0.1,False
2026-09-26T01:53:56Z,Bowery Bay,5,BB,0.0,0.29,11.25,1.06,0.1,False
2026-09-26T01:53:56Z,"Bronx River, Lower",6,HP,0.0,0.05,53.67,0.45,0.1,False
2026-09-26T01:53:56Z,Coney Island Creek,7,CI,0.0,0.05,69.6,0.3,0.1,False
2026-09-26T01:53:56Z,East River (near Steinway Creek),9,BB,0.0,0.54,14.96,0.9,0.1,False
2026-09-26T01:53:56Z,East River (near Throgs Neck),11,TI,0.0,1.0,3.0,1.47,0.1,False
2026-09-26T01:53:56Z,East River (RFK to Whitestone),10,TI,0.0,0.61,5.65,1.3,0.1,False
2026-09-26T01:53:56Z,"East River, Lower",8,NC,0.0,0.8,4.38,1.56,0.1,False
2026-09-26T01:53:56Z,Eastchester Bay,12,HP,0.0,1.53,1.51,1.62,0.1,False
2026-09-26T01:53:56Z,Erie Basin,13,RH,0.0,0.27,13.73,1.16,0.1,False
2026-09-26T01:53:56Z,Flushing Bay,14,BB,0.0,0.19,32.63,0.76,0.1,False
2026-09-26T01:53:56Z,Flushing Creek,15,TI,0.0,0.05,59.69,0.64,0.1,False
2026-09-26T01:53:56Z,Fresh Creek,16,26,0.0,0.05,30.38,0.67,0.1,False
2026-09-26T01:53:56Z,"Fresh Kills, Lower",17,PR,0.0,0.16,20.48,1.05,0.1,False
2026-09-26T01:53:56Z,"Fresh Kills, Upper",18,PR,0.0,0.15,39.81,0.81,0.1,False
2026-09-26T01:53:56Z,Gerritsen Creek,19,RK,0.0,0.4,7.9,1.07,0.1,False
2026-09-26T01:53:56Z,"Gowanus Canal, Inner",20,RH,0.0,0.23,15.08,1.09,0.1,False
2026-09-26T01:53:56Z,"Gowanus Canal, Outer",21,RH,0.0,0.46,28.85,0.92,0.1,False
2026-09-26T01:53:56Z,Gravesend Bay,30,OH,0.0,0.1,24.63,0.76,0.1,False
2026-09-26T01:53:56Z,Harlem River,22,WI,0.0,0.5,17.24,0.89,0.1,False
2026-09-26T01:53:56Z,Hendrix Creek,23,26,0.0,0.09,20.52,0.8,0.1,False
2026-09-26T01:53:56Z,Hudson River (Bronx),24,WI,0.0,0.62,4.38,0.79,0.1,False
2026-09-26T01:53:56Z,Hudson River (Manhattan),25,NR,0.0,0.41,8.4,1.16,0.1,False
2026-09-26T01:53:56Z,"Hutchinson River, Lower",26,HP,0.0,0.05,57.81,0.59,0.1,False
2026-09-26T01:53:56Z,Jamaica Bay (Brooklyn),27,26,0.0,1.46,1.43,1.97,0.1,False
2026-09-26T01:53:56Z,Jamaica Bay (Queens),42,JA,0.0,0.74,4.07,0.99,0.1,False
2026-09-26T01:53:56Z,Kill Van Kull,28,PR,0.0,0.44,9.88,1.46,0.1,False
2026-09-26T01:53:56Z,Little Neck Bay,29,TI,0.0,0.46,7.65,1.21,0.1,False
2026-09-26T01:53:56Z,Lower New York Bay,2,OB,0.0,1.3,2.06,1.45,0.1,False
2026-09-26T01:53:56Z,Mill Basin,31,CI,0.0,1.34,1.49,2.39,0.1,False
2026-09-26T01:53:56Z,Newark Bay,32,PR,0.0,0.39,11.52,1.43,0.1,False
2026-09-26T01:53:56Z,"Newtown Creek, Lower",34,NC,0.0,0.3,28.56,0.91,0.1,False
2026-09-26T01:53:56Z,"Newtown Creek, Upper",33,NC,0.0,0.23,49.45,0.78,0.1,False
2026-09-26T01:53:56Z,Paerdegat Basin,35,CI,0.0,0.38,11.25,1.38,0.1,False
2026-09-26T01:53:56Z,Powell Cove,36,TI,0.0,0.9,3.39,1.22,0.1,False
2026-09-26T01:53:56Z,Sheepshead Bay,37,CI,0.0,0.18,12.63,0.83,0.1,False
2026-09-26T01:53:56Z,Shellbank Basin,44,JA,0.0,0.34,10.55,1.15,0.1,False
2026-09-26T01:53:56Z,Spring Creek,38,26,0.0,0.64,11.14,1.08,0.1,False
2026-09-26T01:53:56Z,Thurston Basin,45,JA,0.0,0.05,32.63,0.79,0.1,False
2026-09-26T01:53:56Z,Upper New York Bay,39,OH,0.0,0.34,11.93,1.26,0.1,False
2026-09-26T01:53:56Z,Westchester Creek,40,HP,0.0,0.19,21.55,1.13,0.1,False
2026-09-26T01:53:56Z,Western Long Island Sound,41,HP,0.0,2.0,0.05,0.66,0.1,False
2026-09-26T07:32:19Z,Alley Creek,1,TI,0.0,0.05,37.04,0.62,0.1,False
2026-09-26T07:32:19Z,"Arthur Kill, Lower",3,OB,0.0,0.7,5.22,1.54,0.1,False
2026-09-26T07:32:19Z,"Arthur Kill, Upper",4,OB,0.0,0.1,23.08,0.83,0.1,False
2026-09-26T07:32:19Z,Bergen Basin,43,JA,0.01,0.05,34.41,0.7,0.1,False
2026-09-26T07:32:19Z,Bowery Bay,5,BB,0.0,0.29,11.25,1.06,0.1,False
2026-09-26T07:32:19Z,"Bronx River, Lower",6,HP,0.0,0.05,53.67,0.45,0.1,False
2026-09-26T07:32:19Z,Coney Island Creek,7,CI,0.0,0.05,69.6,0.3,0.1,False
2026-09-26T07:32:19Z,East River (near Steinway Creek),9,BB,0.0,0.54,14.96,0.9,0.1,False
2026-09-26T07:32:19Z,East River (near Throgs Neck),11,TI,0.0,1.0,3.0,1.47,0.1,False
2026-09-26T07:32:19Z,East River (RFK to Whitestone),10,TI,0.0,0.61,5.65,1.3,0.1,False
2026-09-26T07:32:19Z,"East River, Lower",8,NC,0.01,0.8,4.38,1.56,0.1,False
2026-09-26T07:32:19Z,Eastchester Bay,12,HP,0.0,1.53,1.51,1.62,0.1,False
2026-09-26T07:32:19Z,Erie Basin,13,RH,0.0,0.27,13.73,1.16,0.1,False
2026-09-26T07:32:19Z,Flushing Bay,14,BB,0.0,0.19,32.63,0.76,0.1,False
2026-09-26T07:32:19Z,Flushing Creek,15,TI,0.0,0.05,59.69,0.64,0.1,False
2026-09-26T07:32:19Z,Fresh Creek,16,26,0.0,0.05,30.38,0.67,0.1,False
2026-09-26T07:32:19Z,"Fresh Kills, Lower",17,PR,0.0,0.16,20.48,1.05,0.1,False
2026-09-26T07:32:19Z,"Fresh Kills, Upper",18,PR,0.0,0.15,39.81,0.81,0.1,False
2026-09-26T07:32:19Z,Gerritsen Creek,19,RK,0.0,0.4,7.9,1.07,0.1,False
2026-09-26T07:32:19Z,"Gowanus Canal, Inner",20,RH,0.0,0.23,15.08,1.09,0.1,False
2026-09-26T07:32:19Z,"Gowanus Canal, Outer",21,RH,0.0,0.46,28.85,0.92,0.1,False
2026-09-26T07:32:19Z,Gravesend Bay,30,OH,0.0,0.1,24.63,0.76,0.1,False
2026-09-26T07:32:19Z,Harlem River,22,WI,0.0,0.5,17.24,0.89,0.1,False
2026-09-26T07:32:19Z,Hendrix Creek,23,26,0.0,0.09,20.52,0.8,0.1,False
2026-09-26T07:32:19Z,Hudson River (Bronx),24,WI,0.0,0.62,4.38,0.79,0.1,False
2026-09-26T07:32:19Z,Hudson River (Manhattan),25,NR,0.0,0.41,8.4,1.16,0.1,False
2026-09-26T07:32:19Z,"Hutchinson River, Lower",26,HP,0.0,0.05,57.81,0.59,0.1,False
2026-09-26T07:32:19Z,Jamaica Bay (Brooklyn),27,26,0.0,1.46,1.43,1.97,0.1,False
2026-09-26T07:32:19Z,Jamaica Bay (Queens),42,JA,0.01,0.74,4.07,0.99,0.1,False
2026-09-26T07:32:19Z,Kill Van Kull,28,PR,0.0,0.44,9.88,1.46,0.1,False
2026-09-26T07:32:19Z,Little Neck Bay,29,TI,0.0,0.46,7.65,1.21,0.1,False
2026-09-26T07:32:19Z,Lower New York Bay,2,OB,0.0,1.3,2.06,1.45,0.1,False
2026-09-26T07:32:19Z,Mill Basin,31,CI,0.0,1.34,1.49,2.39,0.1,False
2026-09-26T07:32:19Z,Newark Bay,32,PR,0.0,0.39,11.52,1.43,0.1,False
2026-09-26T07:32:19Z,"Newtown Creek, Lower",34,NC,0.01,0.3,28.56,0.91,0.1,False
2026-09-26T07:32:19Z,"Newtown Creek, Upper",33,NC,0.01,0.23,49.45,0.78,0.1,False
2026-09-26T07:32:19Z,Paerdegat Basin,35,CI,0.0,0.38,11.25,1.38,0.1,False
2026-09-26T07:32:19Z,Powell Cove,36,TI,0.0,0.9,3.39,1.22,0.1,False
2026-09-26T07:32:19Z,Sheepshead Bay,37,CI,0.0,0.18,12.63,0.83,0.1,False
2026-09-26T07:32:19Z,Shellbank Basin,44,JA,0.01,0.34,10.55,1.15,0.1,False
2026-09-26T07:32:19Z,Spring Creek,38,26,0.0,0.64,11.14,1.08,0.1,False
2026-09-26T07:32:19Z,Thurston Basin,45,JA,0.01,0.05,32.63,0.79,0.1,False
2026-09-26T07:32:19Z,Upper New York Bay,39,OH,0.0,0.34,11.93,1.26,0.1,False
2026-09-26T07:32:19Z,Westchester Creek,40,HP,0.0,0.19,21.55,1.13,0.1,False
2026-09-26T07:32:19Z,Western Long Island Sound,41,HP,0.0,2.0,0.05,0.66,0.1,False
